20000
5.426798 9.030189
-5.996337 -9.975790
-0.160610 5.725121
3.519348 -9.074520
1.079879 6.470046
-5.984401 2.850996
-0.726982 -1.244440
-5.432204 7.096556
-3.081354 -5.101466
0.887781 -2.951778
5.845432 4.853451
-7.553831 -1.198027
-1.836286 -6.731387
9.148419 -4.418977
3.668501 -6.438342
-2.436693 -0.308192
-1.985087 3.078328
9.130583 9.254558
2.189638 9.983329
-4.387492 -2.637769
-7.551479 9.432361
-4.914183 -2.269165
-6.732869 -2.112469
4.280851 -6.308909
-3.525882 -7.005463
9.815766 8.751689
8.307515 9.757360
2.524649 6.255561
1.214818 0.941993
2.128397 5.377963
9.028202 -3.968955
-4.147579 3.312499
0.098355 -5.703063
5.785188 0.135569
8.191632 5.631253
-6.407840 4.455392
-6.196267 -7.107691
1.473112 0.317739
-3.269968 -4.204165
-1.025742 2.220398
-9.476678 6.892795
4.516786 6.476620
-9.289154 -6.135973
1.272950 -6.196531
3.458557 -7.507062
0.669417 -4.991284
3.246633 9.340505
1.393666 0.238188
9.361628 3.115617
-1.414582 1.483500
-3.045356 -5.754768
0.886649 7.860446
-0.166275 0.955712
7.814473 -4.488854
-0.602088 -3.702665
-4.457124 -2.833151
6.924620 -1.392028
2.097205 2.530093
-1.895830 -7.725159
-9.153238 3.420933
-7.430844 1.493869
9.278521 -5.196313
4.519841 3.660165
8.285235 8.368321
2.355026 -7.043456
-5.098266 4.712057
1.890825 4.911406
5.259978 5.797570
1.508878 -3.369328
-0.385308 7.662058
9.939769 -2.158485
4.209939 -7.711665
-4.028803 8.134507
-7.710443 5.128128
-0.782453 6.751976
3.948138 -4.255962
-1.100029 -3.698687
-6.469511 8.418059
-5.152944 7.937539
1.267565 -7.148842
-5.033948 6.616695
-3.667088 -4.240078
-1.479525 -9.802024
-4.880154 -2.427902
5.863746 -9.434421
-9.409844 9.513813
2.066300 3.155545
7.766978 9.786316
7.444230 -8.794034
-1.352085 -9.013503
-0.509709 -4.513422
-2.343001 -6.028258
-4.607700 -5.848040
8.876461 -6.048732
-6.707756 -7.499839
-2.416946 2.646687
7.600958 -1.731254
-6.631708 7.942559
-8.855494 -1.239296
-8.329386 -2.844160
-0.258815 -7.476050
-1.893911 -9.128184
-0.916270 -8.059581
3.809636 1.407817
6.785896 -3.802080
3.005175 -0.134313
0.558205 -6.774126
1.978699 -0.329615
-0.189554 -9.932424
9.595334 -2.399707
-1.061336 -3.992755
0.650526 6.484979
-4.312545 8.562208
6.387791 -9.253414
-4.409808 -4.619280
-5.660967 6.890165
2.065920 9.527034
7.863601 -2.763181
6.855076 -0.402346
-3.448787 -7.094078
-5.672049 -0.765556
-2.715496 -1.807111
-5.172906 3.950692
-2.836867 9.824412
7.792343 -1.767200
1.500303 6.313410
-7.048886 -6.682359
-7.480930 -7.293900
9.682127 -7.390545
2.606155 0.062655
8.188330 -5.226550
-6.959806 -4.846676
-0.248982 8.820663
-8.386846 1.087786
-3.701331 3.068339
-9.678739 -6.170152
4.360342 1.814666
5.052562 -7.312448
-0.733966 -5.323521
6.246389 -3.653823
5.456333 9.694866
-0.919163 4.083873
-0.993447 8.912718
2.729472 8.117245
-1.894461 1.039180
-0.454809 -3.127748
-0.814127 -1.111265
3.652572 -9.783897
-8.223155 2.295570
-2.060155 9.534577
1.109333 -6.437357
8.714371 7.998007
-6.688412 -8.582460
5.399937 -7.492530
8.013274 -4.381124
-3.755528 7.790241
2.356377 -1.310561
2.231425 -0.487019
-3.788718 -2.158754
-3.121498 -0.376863
-4.887851 0.508208
1.013201 2.498512
5.591202 7.772528
1.439001 0.086748
-3.775408 -8.220069
4.782423 8.936669
3.898801 -9.830465
-0.677192 1.855917
-1.057874 8.361501
-6.542656 9.361386
-9.522941 6.104069
9.404405 9.153444
9.502395 8.280136
5.879011 7.521470
7.551274 5.247305
2.843486 -6.031526
0.947599 -1.835614
5.378944 0.265500
0.164337 -6.843395
7.385506 -8.624092
-1.416698 -4.246173
5.907430 1.842721
-5.866191 -7.292057
6.107951 -1.439796
-4.090848 5.089326
3.322710 -1.589260
-0.293062 -9.803236
-9.333394 5.330335
5.281851 -1.312779
6.970962 5.528630
0.315691 -7.951659
-6.717405 7.202088
-4.503068 2.132521
-5.606062 8.528285
-3.533309 7.785642
-0.155756 -9.509973
-3.964425 4.046180
3.670107 9.133277
5.354975 7.972084
0.667461 7.985415
6.733115 5.135908
4.293044 -7.811092
-0.425274 -2.413000
-4.080275 4.259540
-6.007003 -9.941818
-5.349740 0.022164
-3.221485 0.573837
9.112961 4.581154
1.701986 -5.018133
-9.671002 -0.764562
3.217521 -7.455017
4.649100 1.836981
-8.586583 -1.888412
2.381256 -7.893620
3.177299 9.145916
0.930104 4.185354
-8.014960 -9.779700
0.054179 -1.132830
-9.325945 0.943656
-8.276399 7.331032
-6.976310 1.639573
6.275595 9.211400
-1.750612 5.136308
3.988556 9.142708
-8.339974 -2.029430
6.701859 -4.787092
-9.711903 4.577583
7.439344 -9.638779
5.799349 4.883788
-3.907331 8.337646
-8.417976 -1.671716
-9.773064 2.487098
7.788640 9.172622
6.862363 0.613711
3.342306 -6.640610
-5.022814 4.555753
7.626312 8.393966
-0.374705 7.925849
-9.723563 2.564595
0.011078 -7.646049
6.518669 -9.314401
-4.992529 3.426567
8.783329 6.741661
7.550319 -7.588924
8.179375 -4.089745
-3.005260 -9.426088
1.125097 -0.815192
-1.659876 -4.056653
-5.426107 -8.625564
5.048759 -4.849966
3.201066 1.258893
8.805565 1.992326
-3.192458 -5.895626
7.921035 1.440449
-6.030546 -4.246865
-2.353514 9.856409
-3.416806 -1.906762
6.944132 -8.813642
5.308704 -5.012935
-5.298672 -6.684783
0.128096 -3.723427
2.147263 -4.246179
-4.787144 0.992739
-4.680121 1.353345
-2.036667 1.008510
5.568863 4.887099
4.960013 -1.694552
7.863274 8.435593
7.117832 -3.698972
-2.081927 9.131459
8.267392 -2.638396
-0.160826 7.923626
-8.817863 -5.466380
0.391209 4.630313
-0.278533 -8.702667
-4.153171 4.562916
3.331314 8.947128
-7.323578 -6.936298
5.867327 7.515933
-2.687499 -0.815812
1.648155 -6.978098
-4.698654 5.186531
-5.091540 1.723350
-1.243492 -9.065236
-5.004555 1.856978
7.700991 -7.243911
-8.713643 -2.034381
9.776388 8.770102
-4.513473 3.419821
-2.918158 -7.551022
-3.813326 -2.421904
-6.943653 -8.306806
9.430423 7.300808
-6.679395 -6.946129
9.280063 -7.859912
-9.684886 -5.026053
-3.538685 -0.927002
9.151421 -8.717597
5.454301 6.723649
-4.674191 4.937542
4.057505 3.360982
7.575052 -2.371362
5.279891 -8.429363
-3.946031 8.057622
-9.464293 -4.030287
-5.933407 -1.760674
-8.118385 -4.168942
9.678716 -7.153882
-4.801187 -3.208109
-5.802717 -2.428698
3.582070 -1.967302
-1.930918 9.861619
-9.698778 1.611404
0.093156 5.429365
-6.894532 1.952436
-4.012004 -7.733057
5.494290 -6.634657
-3.911413 8.463904
-7.125040 8.792180
-8.030568 2.511423
-6.759406 7.855769
7.701009 6.486296
9.850879 6.306166
3.008907 1.236954
-2.001767 2.719361
5.079971 -4.300830
9.154520 -3.360822
4.365093 1.827353
2.631786 -6.320815
2.192474 -3.575031
-6.751495 -4.533933
-5.194894 -6.887074
-6.591569 -2.627808
1.415564 -1.890143
8.237437 -4.381872
1.726380 -8.609131
7.793704 -0.466068
-4.109643 5.363062
-6.813636 -8.360860
7.433246 -6.853896
-9.201032 2.756726
8.063939 -0.038814
5.038689 -2.757817
-6.985704 -5.602205
3.073543 9.498090
-7.320931 -9.291003
6.930879 -9.172725
-4.228907 -1.279554
3.772160 6.011904
-7.203100 4.522715
-1.653518 -1.812252
4.600632 -5.571078
-4.953511 -1.499829
5.614836 5.200218
9.927863 6.513086
-4.545043 -2.665174
5.615907 -1.139462
-2.353240 -6.186254
-7.902337 5.803303
3.104475 -9.538183
8.974667 7.648461
9.985590 -0.252207
-2.449270 -3.410416
5.171901 -9.798677
-7.519170 -6.543821
0.182226 -2.414633
-6.199149 3.248861
-1.453188 7.448584
7.078737 2.128035
4.262167 -5.938264
4.923413 1.066050
-3.561456 5.180332
1.801507 5.748695
7.794136 -6.136857
7.322554 -0.107082
6.381143 -5.016704
0.282777 -2.498427
-4.608048 -2.495455
-3.948144 -3.200816
-5.229809 6.339943
0.212166 8.408567
9.492809 -3.806249
-0.824524 -8.531604
-8.041606 -6.769049
1.155228 3.259194
-9.673621 -6.767903
-6.500343 -6.362897
-0.230116 3.249635
-5.163003 -3.786062
-3.140360 5.196741
-0.526533 -9.104023
-3.564421 -7.353572
2.613632 -4.988278
4.900438 9.380756
6.177823 1.528768
-5.173102 5.432261
-3.978586 9.681570
-5.289919 -1.576193
-1.964087 -5.737822
-2.809672 7.759021
-9.895974 -4.869030
4.665965 -0.739172
9.196932 -8.541384
2.729821 -7.007934
0.808971 4.441598
-3.103896 2.132907
-5.990414 2.960695
-4.937436 1.444802
6.689791 2.807762
-0.953687 5.957490
-7.801743 -5.422947
-2.833638 -0.631812
-4.918859 -4.427389
-4.451812 6.843598
-6.897534 4.480268
-1.439965 3.431165
-9.325793 -9.129196
-2.054687 -5.435577
9.064050 5.587530
-9.594597 4.176540
-4.817997 -7.562972
-5.467055 -3.993152
-5.257161 -3.075008
-0.022241 -5.304064
2.747657 -5.527827
5.176417 4.600759
6.448453 -3.134488
-6.117195 -1.233421
-9.021143 -4.692560
7.535201 0.657684
-1.927061 8.732491
3.934101 -4.277336
2.101339 0.089636
3.419258 6.223064
9.168923 -3.157567
8.912175 -2.750512
-1.496390 -4.753804
8.534598 4.020538
-5.008930 -5.388424
0.386493 3.921535
7.008155 0.633203
-4.763362 9.757654
-6.927835 7.879884
-8.519652 -8.913127
4.438626 -5.298395
5.289256 -8.922590
-8.931897 -5.487638
-7.742812 -0.646085
4.432152 0.842443
5.971627 5.408785
-0.322284 5.626888
7.330755 4.156160
1.475470 6.672241
-0.672925 -0.377228
9.932294 -7.495883
9.897847 -6.237886
-2.883095 0.994713
8.341718 -8.621822
-0.094346 -5.438478
-1.663519 8.642047
-0.631394 -0.505758
7.749836 -6.585802
3.704105 -6.696182
-3.851150 8.362940
6.620584 3.827121
1.773308 9.549360
0.513851 4.312448
5.198388 4.349694
-2.407901 4.717194
-4.101856 8.257199
-5.773033 3.335357
0.807294 5.757216
7.508626 -5.622522
9.790921 -4.228664
-3.712750 -3.619464
-3.373777 3.822007
1.325544 3.869410
3.937116 -4.429684
1.351313 5.586847
7.876764 -1.532022
-1.000566 -2.077133
-5.564524 2.579587
2.724640 0.928427
8.860807 9.384320
8.764571 -0.521237
-3.175709 7.567579
8.406168 9.326139
3.977406 -5.935608
-1.023227 5.498386
5.339695 -6.994111
1.059252 -2.600585
-6.653200 -8.033188
-6.419750 -3.556391
0.688521 -5.973130
-9.715183 3.695270
5.519352 -7.928104
8.966821 4.110369
-1.801943 0.789951
-5.492653 8.632762
-3.078023 9.273276
-7.371419 -2.606540
-1.348082 -9.747140
-9.011742 -6.542371
2.282600 -3.480316
9.450139 -4.992347
-1.683871 -4.729630
-1.143705 -0.369915
-2.205047 -3.105837
5.608837 5.549898
-5.115385 -3.716593
2.407729 -7.583323
4.565030 0.930251
1.769228 -6.467330
9.214472 6.971939
-4.896622 7.300448
6.870480 -6.089410
5.539788 0.641523
9.606067 4.092863
2.929981 0.541314
0.897743 9.184942
-3.596022 -9.213619
8.141779 2.465373
-0.586519 -0.850005
1.618842 -3.498410
3.567712 -9.881881
-7.479404 0.204646
-5.336647 8.899337
4.526500 -5.513521
5.730364 -3.071157
6.109248 1.481539
1.878004 8.674621
6.551534 0.614570
2.409451 -3.694289
9.180233 -7.204663
5.478709 -9.999178
-4.849923 -9.262113
-1.438982 -4.057548
-9.833492 -8.241914
3.960868 4.093633
3.469223 -2.765815
-8.768255 8.603838
-0.187922 8.166824
6.173641 -9.426019
1.697808 -0.159757
-3.484052 -1.030249
8.643922 -8.828404
-5.814942 -6.249429
-2.973455 6.572888
-9.548166 -4.073400
5.366100 3.029759
-0.464366 -2.621448
4.407424 -1.257707
6.144324 -7.318716
5.865642 5.073487
-7.008728 -4.333931
-2.014181 -0.139057
6.499301 9.876920
-8.305099 3.058327
-8.011539 3.908532
-2.151345 1.553468
-9.974914 -8.944257
6.025894 7.454017
5.805130 -8.719060
-6.714109 5.529860
3.938343 -3.865083
6.756345 2.517040
8.452811 6.695574
-6.459844 -8.566997
-7.453586 7.273098
-9.588866 6.670190
-7.308053 3.494157
-4.727928 3.175973
-1.285658 -0.208911
-2.487216 -4.480805
-7.671679 9.848392
-8.180429 -4.614595
9.243289 7.852447
-8.887621 -7.783487
-5.599566 -8.008529
7.328776 -1.162839
9.580421 9.661698
-5.429684 5.390486
8.281312 1.885050
0.202372 -9.147867
2.199529 -9.327532
-9.283915 7.176064
-8.892501 -8.840498
3.837150 -1.292701
-6.036909 -3.258658
9.284186 -2.451285
-7.624927 -3.473060
-7.888285 1.732436
-1.835836 -0.055407
-0.454162 1.409065
-1.171431 -2.892921
-2.294627 -7.870510
5.202754 -3.577627
-2.158843 2.940499
2.248010 8.679334
0.903708 -0.760677
-3.593734 6.218670
-1.447049 -7.913421
-9.179268 -6.891253
-4.555292 -3.592486
-3.799365 -1.984040
-5.709855 4.341059
-0.250996 -7.401290
9.362166 -8.592984
0.499188 -9.496484
-9.426909 7.580342
8.332091 -1.224027
9.876360 4.361717
6.085011 -6.802804
-5.651732 6.416845
5.445459 -4.636333
-0.462629 9.226206
-5.626893 -3.653967
-1.379967 -4.819413
-3.675743 -6.996432
-2.510454 -5.850062
-1.097641 -1.717100
3.545946 5.977748
6.104205 -1.400050
1.333908 7.542717
-3.740629 -1.831202
9.883993 4.765786
3.002797 4.042493
-2.963168 -0.103748
-8.242409 -9.620813
4.010304 -3.095694
3.723440 5.748188
9.808882 7.384591
-9.689098 4.068700
-3.805071 4.160676
-3.850095 3.123716
8.510239 2.150910
-7.147261 0.154065
4.590700 -6.623853
9.546022 -4.395117
6.636487 8.264801
-8.627236 -2.115065
-4.195781 0.786030
-6.556944 3.283932
8.956141 -0.943053
-9.612551 -5.341778
-1.151125 9.945944
6.242187 0.917594
7.501254 3.023824
4.565177 7.551612
-8.190451 7.685014
-8.658237 2.106381
-2.682878 6.852610
-6.174019 -1.866692
5.114483 -2.451846
9.398892 0.114464
-4.384524 -0.866723
-2.157663 -6.061882
7.619538 -9.989781
5.977864 -6.823061
-4.926447 -3.838534
8.868267 3.291126
-5.523781 -1.215551
-1.029081 2.751995
-2.909934 -0.388610
-8.342427 -3.027208
-8.506779 -3.793361
5.891184 -0.264192
3.665888 3.979249
9.452491 -4.482012
-2.465312 7.319032
0.535401 9.703543
-3.857670 -1.647231
0.732634 8.851513
4.866871 5.897071
8.323410 2.063359
8.606613 -6.983672
3.005314 6.462957
9.757005 -5.143442
4.545942 8.474721
2.898400 6.991824
-6.532227 -2.564876
-2.678637 -8.240794
5.538145 -2.118798
-6.797195 -3.627258
2.440763 -1.310521
9.133817 7.545215
5.065168 -9.812912
-3.105389 -1.519530
0.021727 -2.487635
-5.427617 8.334129
-6.332251 -6.006033
1.527366 -5.226432
0.909073 -5.868960
-1.123768 -9.539742
-4.214110 -7.749464
-5.099124 -1.928308
9.280477 -5.026462
7.667960 -4.599036
5.185007 2.477316
-5.038551 6.418868
0.779004 9.531473
-2.409902 -6.147701
-7.106944 1.668671
-3.163146 -1.807132
1.857776 -5.642593
-3.588094 2.664025
6.917143 -0.235093
-8.561311 6.893842
0.271056 0.646109
3.318873 -9.192422
-1.150940 -4.486627
-0.861834 0.644982
1.406472 -3.683875
-5.812357 -4.892731
-2.835666 3.036940
9.207220 9.662557
-6.549705 -6.154876
8.189780 1.326587
5.560969 -7.512008
6.744249 -8.843221
0.620679 5.307393
0.265082 -4.349210
4.270354 -0.045449
-7.250879 5.910711
9.945585 4.746879
4.147092 4.676452
8.737674 -2.949188
1.308131 -8.675276
-5.003076 -0.869669
9.732087 -7.875883
6.431000 -8.770511
-2.974442 -6.766169
0.987198 6.646877
-7.841608 -7.941056
2.713214 6.389320
-9.985388 -9.383744
-1.162386 -1.305608
9.176876 -7.308765
-2.052269 -4.330678
-6.012898 -9.989592
1.668379 7.345884
-2.966076 7.095180
-7.719679 -9.348601
-1.914425 -0.593808
5.520585 -4.947629
0.262200 1.074146
-6.973609 2.458542
-1.826911 9.838663
-3.431679 -2.196300
6.514216 -4.079985
-4.771286 -1.833434
-1.619035 6.468646
-0.369354 8.742513
-7.533320 -8.563098
9.672320 -3.662124
1.244042 7.819923
5.857783 1.177764
-6.494436 5.223179
9.101833 0.324584
9.491339 9.035550
-0.131674 8.395349
3.516112 -1.321335
8.799383 -0.130135
9.112602 3.838499
5.945389 0.483368
6.458980 -6.543131
-2.197436 0.130212
-7.429375 6.705911
9.496385 0.949216
-8.435081 4.495714
-0.495631 7.907966
9.088904 3.669901
-0.797805 6.826742
9.787203 -5.409976
2.391246 -5.037989
-1.857512 7.051789
4.694146 2.110184
0.698838 -6.831608
-6.772334 9.418364
2.925047 -7.805810
7.613337 2.732512
-4.671066 -8.694237
6.744380 -0.871988
-3.253262 -8.088065
-8.982499 5.553508
-6.607374 7.808522
6.890718 -7.231408
-3.254751 4.061303
5.296520 4.978695
5.524962 1.598092
-8.399547 -8.592822
-8.967355 0.703652
4.187496 0.522272
9.012434 5.751834
-9.648972 -9.107000
1.852882 7.433396
-9.766515 2.532644
-9.784261 -1.538909
7.976980 3.460082
0.777785 -2.960211
7.802887 7.631963
8.659668 -4.938007
-5.692060 7.310894
5.677377 -0.821444
-3.855371 -0.072741
-6.588027 -4.835058
3.344205 -5.349626
7.070031 -2.323085
9.310923 -0.919651
4.176512 4.243695
0.042354 0.549693
5.389301 6.582686
-1.534068 -1.712493
-4.852874 9.471125
-6.817414 3.709003
-5.866984 1.347582
-2.093630 7.306102
-2.231566 -7.626430
8.559302 6.391069
-3.496338 -6.694351
-0.140985 7.558540
1.605812 -4.434241
-6.277239 -9.426028
1.210466 2.766468
-5.219004 3.357302
-4.285221 -0.325884
-4.915501 -9.739372
6.554140 -6.827398
3.003894 -5.643766
-8.620915 -9.171793
-8.389021 5.633063
-8.268178 -9.501352
4.392917 -6.574831
5.543174 -3.374797
7.208529 -4.667433
-2.503963 4.029910
-3.156402 6.003792
-9.206013 9.751458
5.789493 -3.791022
5.744789 9.210754
8.224992 -5.104713
7.537554 8.154262
-4.889463 8.828438
5.312658 1.715048
-0.324403 9.871903
-1.722950 6.601013
-1.966111 2.651378
9.419005 -8.750712
3.436056 -6.417210
6.226437 4.549671
-2.910672 9.911391
-0.204053 1.231779
3.744764 6.077371
-4.418710 9.342212
2.385498 -6.895797
1.462120 3.406773
-7.741296 -2.418487
4.620463 -1.551410
1.240792 -6.685796
-1.197907 -4.484827
1.070854 -9.451525
-5.401077 -9.268994
-1.930410 7.084580
-8.753400 0.641471
-9.900701 3.586719
-1.673144 -8.257799
8.206652 9.934419
5.327789 7.015609
7.107290 -0.146208
1.044734 -1.071142
-1.659931 -7.142854
9.769142 -1.958605
1.514208 3.354655
5.844855 4.357146
-9.752088 -7.988531
-4.151024 -2.895909
-9.881544 4.735690
-4.709809 3.074211
8.821628 6.996391
5.275036 6.032569
9.066917 -6.979457
0.300249 8.189001
-3.183140 -8.513770
-1.819030 -3.753374
-3.748353 7.105174
-3.531833 -9.125489
8.973162 4.474012
1.704498 5.259988
8.514645 -2.841849
2.831423 -5.046768
3.432239 3.188967
-4.966880 -3.467820
-0.619080 5.382499
-9.499779 -5.800015
9.727890 -7.005310
-8.466889 -5.970226
-5.025771 -3.129582
-2.530006 -6.212391
1.480840 -0.479414
3.278181 -1.724576
-7.148496 8.649284
7.284461 5.306784
1.170194 8.587361
3.295859 8.191801
4.223994 -4.407764
6.928314 0.041002
2.136429 4.219771
3.760670 -4.700784
-1.482354 3.746329
-5.305285 5.909485
5.774277 -0.865479
-2.551639 1.581488
1.345416 -1.222125
-0.661706 7.599230
2.932078 9.665682
-1.606242 -3.878464
-9.304193 1.279930
-2.138145 -6.102215
6.907459 -4.853161
7.606627 -1.743688
9.912803 -5.412410
1.875309 7.958341
-5.771050 3.070954
-1.554026 3.368636
2.527332 4.093766
8.560964 5.857438
-6.259948 8.283534
-0.368866 -5.996592
-7.360462 -0.409606
1.801805 -0.377321
-0.698378 3.716965
-3.850613 -5.991753
7.160498 -8.716614
7.507761 -8.388033
5.759529 -1.790570
1.709796 -3.081120
-6.709385 8.183695
5.154879 9.631146
-3.586483 -5.544362
-8.311498 7.092081
-5.978778 -4.483910
-4.394074 6.167393
7.377966 3.136290
0.082586 0.912274
8.073348 8.717606
0.497487 9.597453
-4.494648 3.995236
-8.669159 6.700935
5.090049 6.307604
-2.521076 9.881864
-9.024039 5.585874
6.337365 -9.595953
-3.617073 7.365205
-9.890356 -1.158356
3.472362 7.330725
5.736501 -2.638304
2.463948 0.727144
-3.830861 6.663011
7.341078 5.967416
-3.414436 -5.878479
9.695384 -6.061719
-0.456650 5.954484
9.726302 2.902902
4.330051 -2.445530
5.025701 4.256877
-7.786760 1.997412
3.970877 -4.080454
5.770859 -9.597081
8.867332 1.426527
3.647475 -3.961926
-0.231696 -5.824294
4.060384 -9.703640
7.901708 -8.576352
5.483042 -7.463692
9.406252 -0.413229
0.880694 -4.329443
2.081563 2.793429
-4.556755 5.557042
-4.947812 1.694370
-4.292671 -0.598034
4.376085 7.778091
3.025491 -5.747816
7.726880 6.752614
-9.418470 1.327590
-8.718528 -0.518243
-7.236121 -6.145725
1.958728 8.311743
8.623237 -1.294413
3.918198 -2.051286
0.566454 -3.922510
3.064966 -7.301436
2.269659 -8.635763
-0.772646 3.737194
7.659655 8.651396
8.614540 2.036247
-0.759172 4.638582
-6.823000 0.620170
-6.211270 -8.040906
-6.011802 9.468117
-3.636970 -7.326077
-8.096470 -2.167723
-4.537417 1.162415
8.025422 3.411992
-4.299024 6.297219
-5.997984 6.000299
4.768556 -5.274301
7.891991 -8.126120
8.071747 4.033996
-0.586361 -6.141684
-4.340986 0.026011
5.743778 7.481130
-2.597455 7.472615
-9.060931 -2.517460
-3.910458 5.256230
-8.173711 0.836713
4.010124 3.355671
-2.670390 1.842720
8.893271 -0.743071
5.430445 -1.984783
-2.552107 -5.569894
-8.979122 8.624255
-7.374805 -1.991288
-6.141177 1.845376
5.283103 -6.355764
-0.383520 -1.036281
0.142794 -8.411701
4.763789 7.093819
-5.486053 -7.110033
2.780978 -9.974860
4.794700 -8.991211
-8.660504 4.124666
5.797919 -8.922089
-2.096484 -6.875164
-7.461933 2.391911
1.376396 -5.550259
9.554177 1.935242
9.483573 2.516479
-2.456020 8.629144
-4.380100 8.038366
5.796744 6.718576
7.687798 2.330603
-9.984031 -5.550538
9.543950 1.185454
-1.732214 -7.439223
-2.498025 5.740685
3.495300 4.151505
1.455888 -3.223277
-2.431621 -8.519365
-6.925100 -1.531679
-6.742810 -6.383914
6.194639 -0.424194
1.164339 6.967477
4.728053 -9.257499
2.819915 5.486320
1.155573 2.075092
-3.245563 -6.790757
-7.543948 8.543190
3.766313 -1.977872
-9.329628 -4.597637
-4.029738 8.480871
7.138903 -2.745417
-3.417710 3.668325
7.184773 9.438146
-2.793949 -6.764085
-3.227795 -2.711473
-8.523877 7.232935
2.837499 -2.822946
-1.842845 6.371421
-4.501196 -4.144693
-4.917423 2.378296
-7.002492 0.153338
-1.450559 -6.996781
9.104126 7.851520
5.949796 1.995217
4.983737 1.583507
6.440736 -3.649229
0.991595 -0.141153
7.646745 -2.852239
-1.451505 5.968376
-1.112207 2.776319
-5.244094 3.001718
-9.206961 6.571154
-4.467724 0.107404
-1.612510 4.383879
7.481608 -8.890750
2.713430 9.725931
3.996892 7.937429
8.399371 -0.561095
2.065852 -5.766217
-3.265286 2.844581
7.505801 -7.632644
5.509704 -1.687889
-0.160492 0.192650
-8.791363 -6.277233
8.124396 -3.875225
8.364681 1.859179
-3.602164 -8.760454
-0.559040 0.429976
-7.229537 4.800606
-5.914023 2.942707
-6.701699 -8.894061
6.445299 8.338911
-2.074124 -2.486052
-2.432982 9.479508
7.353375 0.595889
0.038100 -1.335613
-9.579180 -8.109833
-2.786351 -3.507620
-5.135528 7.893078
-7.535469 -2.754329
3.287126 -8.457538
2.776517 -0.164098
-5.009725 -1.459814
2.944348 -8.431263
6.111893 -2.155627
-7.379610 -7.053014
-4.546221 7.887124
-2.937620 2.942174
-1.742195 6.166612
2.528457 5.044446
-6.867186 2.884401
-3.547647 3.820358
1.368946 -0.763360
-6.344448 -9.356362
-9.969802 -0.065726
-4.732879 -1.508766
-7.216200 -5.213785
-6.806834 -3.835950
2.419524 0.867977
-3.077909 -8.353501
7.239143 7.918740
9.521290 -5.892257
4.183979 -5.050305
-8.867223 -6.519080
-5.123904 4.434307
5.745714 -5.776340
-5.293790 -1.744673
-8.212835 -0.630529
-4.435031 -7.034852
-6.544046 -0.880478
-9.587975 7.025083
6.315255 -2.217287
-8.980200 5.631998
3.684008 3.893296
-3.006620 -1.311615
-5.009305 3.456714
2.751075 -4.873360
6.268089 6.394865
-5.294750 9.609759
-2.458819 1.184923
4.009493 -9.048691
6.316412 -5.869167
9.178277 5.891962
-6.942701 5.590252
4.630318 6.307707
0.829066 -9.290514
-3.329667 4.584057
4.872134 1.492624
-0.765553 -2.280164
4.270480 0.574231
1.770327 8.770686
5.049977 -9.593269
4.133582 -3.489337
2.257619 1.508101
2.600458 8.923857
-9.762690 -2.207347
-0.195427 -1.461748
8.160728 -4.946232
5.286021 -4.567671
1.152856 1.884960
-3.529555 5.187482
1.206519 5.671522
3.078488 -5.423821
9.799298 0.719383
-2.214012 -4.702559
-1.025383 8.573771
9.241949 8.665442
-1.558660 3.037086
-1.103097 -6.740893
3.250362 -9.187218
-6.126973 1.404327
7.170881 6.363959
9.523562 -9.255755
0.832197 -5.477890
5.138260 -2.712233
7.184784 6.417291
9.689190 -1.305214
0.046486 -4.515530
2.053657 -1.853081
8.606019 -4.474835
-0.907555 -9.556998
6.547628 1.709549
-3.716585 0.248955
-3.339850 8.123892
-3.493351 0.779362
-3.525527 8.754975
2.585873 3.707719
6.856893 -4.278480
-8.895622 8.921925
2.212388 -4.257345
-8.285129 -3.571625
3.853814 -2.956241
5.264140 8.777800
-5.927197 0.295803
8.922693 3.830840
1.083156 -9.856098
-7.282215 -9.309842
6.998621 -2.370826
5.655958 8.306299
6.175994 1.652302
-5.624657 1.443246
-3.468892 6.303279
-3.226396 -1.390365
-6.273619 -5.761399
-0.867312 -6.439147
0.065852 -0.598049
0.942980 -7.896455
-4.956101 1.260668
5.084869 -4.488960
0.358992 2.201960
4.630198 -7.012457
9.189314 -3.806257
-2.191431 -3.168420
6.592930 -7.339376
4.230540 6.295908
-8.504453 -7.157881
9.011887 -8.968872
3.065348 5.071087
-2.167924 3.429712
-4.460931 8.593536
-6.698324 -5.600329
1.716766 -9.277299
5.702954 3.262525
5.599693 3.112780
-2.585801 -8.398244
2.978240 -2.838287
7.734657 1.129564
0.669966 -8.101974
8.859353 -8.123460
1.532205 -0.116209
-5.649565 -7.969859
0.982375 0.666119
7.866599 0.229254
-0.728611 -5.889545
3.275197 -2.315610
-0.804655 -3.542452
9.768362 -2.609311
-6.194187 0.897519
0.839721 3.891966
-4.897676 6.477313
-9.382523 -8.057911
2.893160 7.038067
-4.766720 1.505356
5.056065 7.608089
-6.128986 7.827351
5.968342 5.215679
-1.232793 9.835601
-2.059234 9.049119
4.277299 -0.212204
-4.073054 -2.434056
4.018700 7.693681
5.710557 0.855201
-9.266861 4.713848
2.435036 -7.682184
3.478860 -2.072305
4.618236 4.015497
-8.439881 2.650475
8.040320 -9.717590
6.222219 -6.779760
-3.947288 -0.747338
3.439360 7.510798
8.161039 2.379442
-5.571166 3.826969
-2.978089 4.126390
3.195907 -3.505986
1.881846 0.450277
2.904343 -7.644961
-8.801852 -4.945609
-2.546890 -2.696479
2.111235 5.200893
9.398515 6.414827
-3.901796 -0.086993
9.573203 -5.441740
4.523914 -9.203171
-8.454375 -5.440121
9.081678 -5.763041
5.932584 5.340395
8.819455 -0.167005
8.429641 6.679913
-9.320936 -3.984411
7.465635 -1.914710
-0.412271 -3.193771
-6.147395 -6.266065
-4.401053 -1.799043
-3.893850 3.382152
-5.655885 -5.862523
3.143050 -7.342469
-8.542732 -7.982488
7.999208 9.090999
-9.237640 -6.187323
4.752110 -8.893617
1.078418 6.485201
-3.117308 -5.054455
-9.716932 9.502606
1.897143 -2.577857
-7.445036 -9.405218
-6.347734 1.180432
-0.722085 -6.028307
-6.537266 4.124322
3.866926 0.002007
-8.823455 -3.966816
-0.841707 8.882289
6.893823 1.900751
-4.119535 4.025807
-9.227987 9.778097
-9.137872 -8.836740
-9.188824 -5.756239
-1.343267 9.451643
1.083117 9.866903
-3.523894 1.294780
0.201812 1.670927
-6.807523 8.734020
-1.188441 -7.877299
8.192698 -9.515841
8.204978 1.212042
7.884429 1.096520
-0.355314 5.259144
0.931812 0.875590
-4.288285 -9.481543
-0.135399 -7.048468
8.631898 0.508943
2.181253 6.126361
-5.340525 1.137953
9.062834 5.760370
5.376545 -1.860394
3.107945 -2.095099
-3.057353 -9.881821
6.083857 6.974670
2.169480 8.606486
9.277292 0.101581
-3.716252 -1.063643
-5.907520 9.548272
1.816503 2.699472
0.003287 -5.355154
-0.122878 0.740921
3.313872 9.310427
4.402119 -4.168099
-9.775892 0.422461
-1.413643 7.458212
-8.639616 -1.401033
-9.010577 -4.461578
5.243314 -8.460635
-4.405398 -8.410553
6.690050 -3.461183
1.781599 -9.306540
3.530880 -0.644475
-2.290945 3.135251
8.337471 -1.724431
-2.305141 -3.772946
-7.686692 2.814574
-7.395189 2.495144
8.053177 6.938979
7.311923 -4.761111
-1.239326 3.711261
7.244620 -2.528865
-4.231383 -2.295835
-3.426199 5.999026
-8.564724 8.182312
-3.386196 -4.073366
-1.114311 -4.447381
-3.411333 -6.959363
-4.288784 -0.399141
-4.971055 -7.680050
6.741925 2.034417
1.605852 9.891955
1.521002 -2.441849
0.570610 -7.238259
9.887271 -0.156918
3.237275 9.110117
1.820995 5.153373
0.053013 8.821932
7.112760 -3.297616
-9.479207 6.105598
6.094160 4.382107
5.146217 8.069165
-0.141158 -2.397000
-2.329044 -2.023956
-6.068680 3.371378
3.280026 -6.421698
-0.660724 -4.385791
-5.259416 5.727258
-7.153573 -8.443968
8.595894 -6.366098
-8.064300 -3.964346
7.228067 9.637441
-3.260813 6.955122
-1.328738 -3.930480
4.304217 -8.253359
2.525469 9.898100
9.722455 8.613808
1.051604 9.840727
6.402251 8.986354
9.471567 -2.320407
-5.890520 7.351987
-9.994083 8.957728
0.588588 9.920208
0.152699 7.596305
5.956055 0.399402
-3.469646 3.022379
-5.112507 -7.309470
-0.183693 -6.425688
-4.818794 3.826362
-3.479787 -3.063141
-4.427537 -7.802288
-3.096600 -4.348062
3.185873 7.380510
-5.053897 8.615910
-2.678338 -5.073834
-2.231366 -2.168810
9.342805 -3.733292
0.771953 7.873632
-1.096010 -9.680052
-7.885235 -6.283415
0.386974 -9.958337
-0.222969 1.079746
-7.094492 9.589608
8.184324 -1.474759
-3.065251 5.792083
8.142815 -4.873568
-1.083784 1.142344
4.409086 9.135466
1.168018 9.972874
-5.605594 9.920733
6.564515 -0.794489
-5.736128 -7.770618
2.309177 -4.278451
-4.422906 0.700459
-5.596497 -4.422432
-0.433530 -6.805861
2.128916 4.841938
-8.594336 0.584509
-5.663046 -9.132933
6.728445 -3.559693
-1.193276 -7.515272
4.376748 -2.050905
-8.890086 9.299607
9.836227 -0.217787
5.076176 3.132645
-9.468810 -6.584188
-8.146158 5.751054
9.814761 8.632980
-6.900915 5.318974
5.454575 3.874205
-4.100064 8.976161
6.760675 -6.268767
7.132704 2.824547
1.854005 -7.915875
-1.298186 0.500884
0.600168 0.063986
-1.319450 -0.574496
-9.585363 -3.347327
7.813719 -4.491409
4.171486 3.770210
-2.899357 7.873496
0.304354 -3.579436
5.047023 -4.783380
-8.399181 6.031438
9.885780 0.721180
2.893517 -1.630762
2.592176 -2.286117
1.089431 9.378616
-9.353849 8.857263
-7.286775 4.134726
9.101838 -8.710159
6.494634 2.665713
5.024143 -0.832893
0.378194 6.847448
-5.739129 3.225100
-8.879504 3.344239
7.567047 8.116057
-8.441525 7.377198
3.130627 -2.381948
3.017737 -2.074939
-7.444738 8.754572
-2.975975 5.517390
8.197985 -5.001290
5.286270 7.179174
-3.280109 -1.598602
6.765143 0.255409
-4.546316 8.564483
-8.317122 5.031584
-3.738167 5.955319
8.148803 -1.455200
5.066169 -2.152863
3.841054 2.938305
-9.060785 4.487685
4.322250 4.601763
-2.784140 -5.835111
0.252007 5.039065
3.203969 -6.954529
-6.856146 4.102134
-2.462896 5.879645
1.531277 -3.949147
8.314952 -1.782640
-2.309169 -4.872251
2.061655 2.309025
2.733713 -7.158734
9.715307 0.479261
3.597704 -2.128131
9.640841 8.071030
0.821507 6.259060
-0.096648 5.860715
-4.339863 -0.863375
-9.147894 -7.539097
3.489798 -4.171832
7.541326 1.304576
-6.677850 9.285600
-3.580045 -6.217799
-0.131086 1.416742
-5.161549 -5.919657
3.368844 -6.137862
4.505643 9.794332
2.409563 -0.476665
1.211107 -8.923814
7.205713 2.607677
-3.482488 0.631244
-6.199725 -9.611616
1.739590 -6.378191
0.381931 6.413603
7.056887 -2.383537
-3.954696 -1.920063
6.483280 6.352132
7.244761 4.233000
-9.447894 -4.181755
-7.543453 -6.773763
9.753598 0.037452
1.093291 -5.390445
-7.789535 7.687833
9.947049 -0.206855
-0.537418 -1.929133
-5.487643 0.921764
-7.570544 0.628525
9.047580 1.837401
0.806579 -2.671048
0.822216 5.107434
1.552963 6.596318
-4.248560 8.807088
-1.117718 1.525884
2.211257 -0.815191
-9.604839 -0.881771
-1.112163 -2.302524
5.212314 8.226361
1.473608 -5.172428
-9.086043 -2.391814
-1.518819 -9.119718
0.781797 2.863494
-3.074635 -9.732418
1.470811 -5.569157
-4.140504 5.213979
8.581562 -7.674457
-3.155262 -6.069114
4.792987 3.268951
8.031143 -6.228887
5.836749 -0.869613
8.577998 3.773129
-9.272046 -3.842591
1.091492 4.621681
-9.794366 -6.531496
-4.840684 -9.598535
-1.502227 7.911557
5.382692 -5.852701
-5.136426 -6.288591
3.278601 -0.652187
-8.496791 -4.577106
0.348369 -7.164201
-1.397761 5.162937
-3.164442 6.622014
-3.653329 -3.896514
-8.186527 0.235567
-3.687422 -2.324860
6.343394 -0.908764
7.297333 4.584794
3.938497 3.266453
-8.370776 -0.307850
-9.384036 7.191758
1.818586 -7.570363
-9.722600 -5.226588
7.500961 -4.804746
-8.626308 8.917804
-2.051128 2.850065
-7.806844 7.979874
-9.904106 -6.992733
-5.036231 4.710106
-9.486495 -1.280654
2.487464 -6.242536
-4.287179 -7.339391
2.304543 -0.177026
6.878383 -6.725398
-9.285546 -9.033362
7.307548 7.278302
-3.865452 4.773058
-3.065550 -5.751984
8.833481 -2.396265
-7.099893 9.552005
2.537352 6.664375
-0.716402 6.344854
-5.543401 -6.261215
9.471555 4.534782
-2.865493 -7.654385
-4.152477 1.546413
-2.797580 -0.099267
-9.204784 -2.418195
-1.100729 9.342717
-4.397548 5.560145
-7.563691 2.947171
-0.176285 2.366808
-2.813858 2.541086
0.890417 1.031201
3.099335 0.237446
7.513725 9.606220
-3.315752 -3.243419
-5.615952 0.339956
1.014810 8.133613
0.989445 3.264716
-3.448620 5.929085
-0.661419 6.425984
-1.280257 2.702495
7.901066 -4.335346
0.686398 -2.607343
3.096706 6.878497
-9.189523 -3.209432
-6.635057 -7.552527
-9.771083 -8.212438
-3.847793 1.255699
-8.000334 -5.101057
-4.898465 -2.464510
1.706566 0.598735
3.420198 -7.612694
8.088942 -4.017079
5.131194 7.321568
5.468665 -1.834521
8.507978 -0.253695
-6.547925 4.014630
-1.714706 4.034480
-7.503294 -0.034005
-4.260106 2.138379
3.684475 2.852568
-7.771427 -6.932481
-7.828460 9.959930
-9.541735 -3.162798
-9.095930 3.542741
6.023492 -1.390997
4.590374 5.016669
-8.517183 7.811720
-2.036778 8.097468
1.807796 8.666924
6.448792 0.078066
-9.941403 -1.359824
-6.768333 1.910603
-0.672329 3.584156
6.511390 -7.035724
8.224502 2.168218
8.155023 -7.183984
-8.100778 -4.181476
-4.106109 -2.002277
4.343386 -7.404275
-1.897431 6.628520
-2.956144 1.782014
-6.962220 -0.692465
5.533760 -9.692798
8.163927 -5.793490
-3.283988 -8.427439
8.905944 7.131040
-5.564536 6.221022
7.528588 -9.321824
3.183878 1.622237
7.314081 1.829515
-1.828185 4.370342
9.072569 -5.449586
-9.756645 6.377350
3.960446 7.336294
5.703207 -1.236431
1.803072 -9.759996
1.373756 6.329108
0.028662 -5.522747
9.311868 3.523789
6.157052 7.753475
-5.115045 2.374155
-4.777630 -8.215656
-7.560363 -5.828807
1.094929 5.850952
-5.620029 -3.509199
3.054988 -3.916600
6.165015 0.105253
4.610180 8.941639
6.683576 -7.852320
7.456624 8.569336
0.400451 6.635854
1.950020 -8.691840
1.945518 -3.547966
-1.889483 9.884125
9.511811 -1.426392
3.444297 -6.680047
5.104979 -9.902634
6.277651 7.984966
2.454979 -2.433548
-4.599526 9.128938
-9.151167 6.717622
-5.525106 1.870642
-2.756934 -8.914421
3.576139 -4.024167
6.301085 -6.697099
7.518017 -1.811581
-3.858440 -0.149716
5.191739 -0.394322
-2.032989 1.124060
-8.060977 -6.035648
3.514086 1.286128
-1.531217 6.726049
0.075132 5.419587
-4.107544 3.537426
8.896500 -1.356274
6.943130 1.790464
5.851924 -1.044246
-3.385359 -5.263597
-0.000057 -6.351501
2.209910 3.502487
-9.695585 -4.606136
-0.855222 -6.011612
-7.265257 5.713195
-2.250137 2.409553
-3.681222 -4.461522
-5.552313 -3.359866
3.729841 0.305294
4.358573 -5.600009
-8.114194 9.846529
-5.700964 8.309364
-7.539538 -8.289020
6.408410 -0.286781
-4.399467 2.123005
6.668855 2.878590
0.233319 6.605631
-2.758246 5.548722
4.881437 9.844751
-9.265880 9.979595
-2.236775 7.421897
9.005662 -9.832176
-8.451757 1.768097
-1.505935 7.425087
-9.224262 -2.637203
-4.386688 1.782568
-2.610049 -6.249634
-1.360063 -8.516450
-2.030824 1.055250
2.260478 -7.667184
1.925168 3.140883
-4.931980 0.664849
-3.476745 -5.116365
-0.358656 -9.596233
-7.249236 8.177465
-2.957962 7.061022
9.851617 7.969763
1.233612 -3.180246
-0.179609 -6.260447
-4.156402 -2.862924
3.497188 -2.527378
8.162347 -8.607036
7.714966 -3.840279
9.358988 -2.682762
-0.407750 4.871910
-7.819041 8.654923
9.560567 -8.384101
-8.290691 9.168768
-6.305845 -5.019930
8.115748 -9.796474
-5.865156 -4.727393
2.030131 -8.004149
0.276379 7.913837
1.986309 2.499100
9.503510 5.248900
1.855637 -7.203565
5.358793 -1.601908
4.876923 2.435403
0.409187 0.921854
5.875145 -1.426119
3.078603 2.433275
8.108585 -3.480255
8.387112 -6.733681
-2.063743 7.714901
9.186518 2.311627
-0.593377 -4.128095
-4.833457 9.399495
0.757003 -5.197076
0.611160 -8.494771
-0.442711 9.125140
-3.266063 -9.682396
-0.308721 9.268953
-6.776297 -0.625440
2.613328 0.428879
3.681769 2.948830
-7.376451 -3.112364
3.297552 7.703514
5.801330 -9.036469
3.949303 1.652509
0.481048 -0.837271
-0.944814 -3.521128
9.147617 -9.896077
5.786252 -7.844276
-2.136808 3.178901
7.711413 2.639536
-3.404577 -1.876172
7.069509 -4.167631
9.402781 5.630933
-4.736371 0.684537
-9.388060 8.447059
3.885483 -9.061065
2.735455 -8.786186
8.351884 0.021102
-6.377232 9.606144
-0.775156 -4.185894
4.705229 -5.716734
7.980596 4.185267
8.692344 -3.991905
-8.526629 -4.760380
0.301372 2.000021
-0.435147 7.147782
6.000836 8.597055
-0.140504 4.957735
-9.506379 -6.802555
-5.352090 -2.159178
2.239254 -8.226716
-0.964197 -7.764645
0.741335 5.809238
-3.601891 9.709138
3.760265 3.543520
-6.863007 4.339016
-7.327063 1.452525
1.611890 -5.961541
-9.835737 -9.153890
7.566296 4.060927
-8.669783 5.570370
-9.503564 -0.421050
9.335412 9.390963
7.366432 9.562459
7.791899 0.975703
3.464927 -8.263687
-7.440149 4.552345
-6.731206 8.708398
7.850313 -9.477466
-2.469060 8.807822
-9.266846 9.495436
1.694579 1.608127
8.229799 9.006826
-7.768944 1.920653
3.973275 -6.578727
7.467321 -8.374396
-9.025270 -8.038407
-3.353699 -5.289280
-2.975233 -6.466112
-9.728646 -5.609336
7.346688 9.515099
8.646272 5.054862
-3.858420 -8.892732
3.815106 4.982957
0.954131 -5.728214
-5.553265 -9.146927
2.286008 5.720041
-0.820036 9.214382
-3.737705 5.144751
-8.175947 -6.964952
6.649270 -0.068547
2.974420 6.171897
7.508175 -8.879462
-5.681012 -6.348547
-9.249375 2.055736
5.144304 -6.913863
-3.112005 8.908481
-7.304263 -6.530700
-1.296811 -8.506593
4.507855 -9.238351
-8.993357 8.490754
-8.778059 5.062337
-8.183178 4.287454
8.082119 -3.182642
-5.721852 8.360814
-6.273247 1.654078
3.229808 -6.013271
0.442477 -8.484210
0.006499 -0.925400
-0.959868 6.031969
-5.310447 8.133680
9.727317 -0.814738
2.624155 8.836480
8.188257 -4.126478
-1.234009 2.490642
7.528665 -5.165169
3.846270 5.496920
-9.824902 4.822924
0.058362 -0.076819
-8.556488 9.172057
-1.601619 -6.357280
0.528011 -3.216281
-6.745876 -9.836260
9.779811 -0.923126
-3.987578 3.259869
-3.177155 -2.599022
-9.865041 9.361896
-0.753746 1.072934
0.161340 2.586046
4.479694 -3.695256
8.002121 8.818082
8.487481 1.707355
1.728998 -9.097022
-1.634931 4.605953
-4.164163 4.264676
4.411735 -9.419410
7.503687 -6.000702
-3.426525 1.793479
-8.123628 -6.205214
0.871268 6.895346
9.264579 -6.584079
0.982571 8.524585
5.036753 -1.872012
3.796530 7.435307
-4.714369 -0.826209
4.533746 7.069951
2.475172 -6.882610
-3.702052 7.064512
-2.267342 5.200208
2.987628 4.962891
-7.129065 9.046106
-3.226888 -0.001915
-7.156024 -0.846781
-1.172856 8.320121
-0.215002 -9.576897
-6.318731 9.981762
1.966475 8.059045
4.386568 -7.775017
1.404901 -4.657784
-0.673487 -8.449789
-0.756253 8.935128
1.148313 -6.268302
2.120145 -0.705307
8.353426 1.937346
1.106426 -3.619617
2.302479 2.028372
6.345085 9.781209
0.598211 6.701092
-7.530920 -1.149954
-9.104003 7.797516
-1.029538 3.106223
-5.564356 -5.358665
-1.935449 6.721374
4.635742 7.063069
6.385248 0.878175
-0.125935 -1.737830
-8.101789 7.663278
-7.642468 8.957271
-9.778181 -6.505787
-7.793603 -0.469003
-3.750074 -4.626445
3.920198 3.420410
6.291545 -0.597685
6.103470 -3.492025
-1.316629 4.805056
-7.962203 2.713250
8.234859 7.348630
4.973964 -8.578713
-0.989555 0.867891
-0.961651 -8.379894
-4.428856 -9.781068
-3.818545 5.504858
9.770181 5.799796
1.361948 4.800545
7.390886 6.047248
1.493925 -2.077287
-8.170044 -6.760506
-9.960866 5.241916
-1.593911 -3.065313
1.512829 -6.989137
-6.915007 -7.768417
-3.204451 -2.013583
-1.455366 5.523666
4.953076 -1.798471
-7.333287 -4.419345
7.907348 3.572448
-0.001799 1.162641
-9.713600 -5.548451
0.323974 0.887483
9.496296 -0.767707
-7.515681 -7.155992
-0.533708 -9.900829
-5.396281 2.303113
-8.655214 -3.962155
9.921908 -0.722906
5.479912 3.404642
4.218137 6.170192
-1.861882 0.207394
-8.532576 -5.535403
-9.498356 4.459019
-2.612298 -7.913638
1.953523 5.281416
6.284122 -2.478657
-1.479275 1.681494
-8.256912 -1.587780
7.337287 -2.764045
0.965960 -9.285195
-0.096602 1.927487
-9.461366 -4.457216
6.908704 -3.380372
2.034130 8.481433
0.975501 -2.410530
0.333524 0.412287
-4.292008 -6.354948
-2.127878 6.883328
-3.608249 2.508471
-6.122893 -2.908826
-7.617135 -1.282633
-6.353480 -8.322876
9.654460 1.262513
-2.491431 2.335407
-5.356166 3.287869
-8.084420 0.708178
8.820231 -2.654659
-2.193266 5.573033
-7.419736 -6.450148
3.463709 0.377691
4.173221 5.267425
-6.903748 2.280265
-6.435859 3.380396
4.965283 -9.278427
-9.483870 3.758656
1.950743 -2.512329
3.958517 6.675785
-5.550700 6.398857
-5.378505 4.185945
-3.751116 -2.942008
9.280952 3.298122
1.521745 7.751037
-2.047481 9.879386
6.591549 -8.316086
-3.743985 7.167607
3.905473 2.454332
-0.726605 -1.494687
-8.414846 -7.826733
1.778042 -5.638679
-7.336228 2.838882
-8.664272 -7.839524
4.679498 -0.652769
-9.897100 -2.612818
-8.420632 -5.723073
1.524832 -9.954204
-8.588563 1.670560
1.097217 8.314173
6.225196 5.685885
6.911970 7.483419
1.838988 1.505037
1.453584 -5.839214
-7.007727 -8.374027
-5.673199 -9.268428
1.910678 5.708161
-7.311223 3.270160
-3.445186 -0.721050
-5.086817 9.741837
8.551170 -5.749134
1.725912 9.032317
-0.576793 8.679035
-6.603036 -1.472196
-0.788565 -2.169391
7.193057 -2.705642
-9.334662 4.008401
2.896219 -0.736540
-7.271995 -8.675522
-2.367652 -0.041275
-2.320808 2.799658
5.314134 3.009464
9.298125 -4.583029
-3.358124 9.015610
1.832652 -0.734741
-4.953538 0.030006
-3.126822 -2.543720
1.252642 -9.659243
-6.424475 -9.527173
5.755248 -6.225716
-0.250250 -3.496257
-8.115350 5.530485
-2.271269 7.316396
7.420545 -3.832077
5.706189 -4.418221
5.861451 2.485788
-5.160558 3.450942
9.178247 -3.650292
-5.177352 -7.422666
-8.836101 -9.073405
2.340959 -2.778544
8.164408 -3.308642
0.828025 -4.657782
-7.559042 -9.883853
0.382813 -5.810213
-0.694090 -8.007767
0.615815 -3.105125
5.876850 7.383412
-3.059709 -1.984265
-0.447469 7.655600
6.232334 -3.904247
9.839207 -5.747328
9.263848 -6.483319
-4.009193 1.161294
-2.824532 2.889341
-0.918113 -7.379970
4.858914 0.796841
-2.702784 -5.543803
3.925146 -8.206600
1.067478 9.497769
2.340299 -2.321107
3.815232 -2.127386
2.822219 6.056520
6.328920 -6.256113
4.650626 -7.140765
1.080206 -5.349384
-8.719277 -0.847222
1.312251 -1.565398
-9.145317 3.372614
4.622868 1.713306
8.982525 -8.277729
8.495128 -3.008257
-9.935377 -9.852521
-8.071526 1.812065
9.383334 -8.080688
1.117741 1.599872
5.609193 3.443065
-4.380730 3.969119
-8.001538 5.368125
-4.335287 -8.609058
4.876309 -8.965070
8.774021 -8.806290
-7.265155 -3.742288
-4.662238 -1.751723
8.436986 9.425979
6.240991 4.222178
2.388613 -6.872567
6.727049 -5.770814
0.814840 -1.834090
-8.874824 5.272979
5.886057 -4.943136
-3.249348 -4.341892
-1.520372 -5.201514
-5.237195 -3.595101
-2.126155 -4.679231
6.101704 -7.794637
2.590613 -4.836222
-1.047642 -3.614609
-0.302246 -2.756150
-7.714186 1.664481
1.985825 7.247270
-5.309844 2.775108
3.166200 -3.039345
6.602915 1.193712
-4.256052 3.506883
1.112213 8.267355
-6.805561 -4.794563
3.848135 -6.696486
7.064670 -8.330653
2.929239 7.793238
-6.586287 -8.029900
-7.376035 1.141720
5.379375 -9.077975
-5.523012 6.164863
5.133350 2.087198
6.811134 6.261063
9.602740 -3.721857
-4.463869 1.101700
-8.343161 1.726223
-7.734728 -0.925527
6.889985 5.575635
-4.177986 -0.807264
9.303840 6.238231
7.571431 6.100781
-6.912177 -2.105277
3.602028 4.499678
-4.772172 6.120409
-3.208872 -3.494612
8.171368 -3.588215
3.445928 -9.412208
-7.981817 7.651063
9.929501 2.813947
-3.784768 -1.307511
-9.727030 3.278929
0.816926 -8.606884
-5.863418 0.814489
4.020328 -7.474641
8.706576 5.601890
-6.061003 -7.743029
-4.298052 1.649149
9.779892 -1.454760
-7.665001 -3.808828
5.844653 6.387015
8.198674 -9.280496
-4.006031 -5.100114
-7.553174 -3.070271
2.923563 -5.714447
2.466143 4.517886
0.470275 7.930162
-9.658246 4.001128
6.968098 -1.601822
3.454899 -4.427792
-5.582001 -9.095795
0.269273 -0.604635
4.003524 -4.648993
1.521218 4.908755
-4.360768 8.978792
9.546296 2.535559
-2.817440 0.575332
-2.142085 -1.233640
-4.313112 4.857792
-3.880833 -7.448021
-1.252867 -8.804637
3.225682 7.257563
1.762005 -6.382617
8.021073 6.695538
-9.240991 -8.394419
0.080806 3.383080
-6.014892 -3.257309
-3.608817 4.644809
4.171490 8.667472
-9.881163 -3.024380
9.628220 6.591942
-9.349305 6.231836
3.393006 7.484579
0.551190 -5.734640
-6.760244 0.789023
-5.514586 -3.761180
-1.767736 -2.360682
-4.969587 4.696538
-6.084684 3.807967
1.563085 6.830849
7.292137 -4.625078
4.722625 -0.762262
2.490747 -0.632883
7.961505 8.998860
-5.283559 2.933929
-0.541316 5.562215
-9.345569 -6.530768
2.533438 9.306020
1.511137 7.239591
1.861593 -9.554649
-1.286277 -9.369628
-0.349781 0.379745
3.138053 -1.421752
-3.507332 8.250834
-5.026977 -6.644122
4.616459 2.119292
-2.561874 -2.896684
-4.345698 3.668137
-9.228652 -0.915310
7.783747 0.859430
-9.502391 2.425154
-3.136922 6.961675
-5.383209 0.578423
7.103294 9.789817
-8.298849 5.538838
4.222197 -9.593183
-2.581247 8.431160
7.859744 -6.194231
-6.215570 7.167650
9.866737 -9.335463
6.759639 -1.331356
1.038935 0.465383
9.052969 -5.939793
3.486911 1.956088
-5.182237 -1.732593
-4.908327 -6.669343
-0.515005 -7.585253
-2.544059 8.158765
-4.049725 9.140740
1.318244 -6.633597
-8.791649 9.120803
-1.715110 -2.152036
9.550340 6.151638
5.479698 -8.543308
-8.410213 -5.511755
3.954009 0.873288
8.179204 7.427517
-1.606150 -2.310095
-5.399920 -0.938375
-0.961339 -7.557223
-7.091404 7.657134
0.546150 8.811745
5.167073 -8.114846
2.030438 -1.091172
-2.758273 4.082745
-4.031982 -6.143702
-8.327123 -7.028587
8.881960 -7.721467
4.346659 1.935891
8.156524 2.226836
-1.784046 -8.263531
2.662579 4.061903
-3.599286 -0.650911
-4.729007 -7.200730
-1.343002 3.150812
1.764337 -3.116552
5.768299 3.020615
-5.646750 8.753132
-4.443463 -9.822494
0.026926 -6.832550
-8.368716 -4.355604
4.633854 -4.337371
-5.181638 -2.085275
0.590283 5.695200
-3.193438 7.321107
-4.611289 2.611675
2.999936 -7.399874
-2.176110 -6.586106
-3.118642 2.463578
9.470611 -1.978248
-2.897437 4.779366
2.564346 -5.040770
-3.413398 -6.850758
3.281251 -7.820475
-3.887327 8.902081
-3.855824 4.729208
-5.316997 -5.910197
-1.326559 5.125333
5.160165 3.433208
-6.476527 -2.753966
-8.244621 5.467355
-6.263063 1.583899
-9.572757 0.216979
7.926141 7.277618
0.872239 -7.270537
-2.739366 7.880673
-2.436339 -2.916674
-4.637842 0.206633
0.071560 -5.261846
-0.123486 -1.411137
-3.560757 2.316533
5.637778 8.564641
8.018169 -3.081196
0.455739 -6.304635
9.997489 6.085508
4.585498 9.804306
-6.275530 -9.413220
-6.723210 -1.227390
-5.748770 -0.168220
-2.450772 4.914407
-2.784971 -5.357663
-1.521973 -2.623980
2.789637 -8.022716
4.708136 0.138102
5.909608 8.807825
-9.919481 8.883807
1.437881 -5.227344
-8.000374 -9.759962
4.842894 -4.922426
0.176581 4.593159
9.070895 7.223987
8.910803 5.292973
-2.569618 6.376155
-6.872546 9.384733
2.554145 -0.456673
-8.865070 -7.868309
-9.349419 -3.389866
-3.906502 -5.484267
-0.521280 6.790237
-1.468443 7.834566
7.219907 -4.465992
7.864360 2.017524
2.183456 -2.744386
5.267457 0.041771
-6.774679 -1.367371
2.137921 -9.221451
3.030584 -0.403942
6.614521 3.917191
7.760600 -4.514891
1.506712 4.467613
-2.718783 -4.995070
-7.903245 1.988175
0.389143 -1.527049
4.033897 -4.525110
8.766336 4.775685
-2.373810 2.930329
-5.818228 1.723475
1.361628 1.740026
2.764220 2.240429
8.193195 -9.412173
9.288600 9.564690
-1.940686 4.647031
-8.444200 6.453661
6.493493 2.842465
8.434930 7.142521
-2.307541 -8.009670
-8.193232 6.781425
4.655924 4.142414
7.619608 8.027144
6.332221 -7.763340
1.807903 -6.543408
-0.498262 2.825784
3.062897 0.791618
1.127357 3.945173
-7.776314 3.005950
0.641789 0.784537
-2.990245 -1.648964
3.338602 -5.380009
-1.243541 0.841176
9.599958 4.939934
-3.601551 -7.980575
-5.665710 -3.268018
7.524603 2.742827
3.245776 -1.411482
-6.950191 2.705635
-5.626698 -8.782820
-2.641428 1.598668
-0.026296 -8.568374
-1.055751 9.382947
-1.336744 6.477692
-6.980746 6.719688
3.604060 -4.102905
9.531337 -5.746999
3.195158 0.975335
5.940859 4.177954
6.705826 3.747210
-2.320209 -0.618087
6.187150 1.577117
2.360119 9.701979
9.157075 8.309790
7.974924 -3.787087
-0.957771 -4.727422
1.907553 -8.218522
-7.042891 -8.414765
-6.632555 2.731285
-1.713964 -4.578076
9.664609 -0.097395
6.517652 -4.272335
1.100235 -2.865085
-5.357937 -2.807717
-5.035367 -7.562480
-7.317695 1.140589
-9.290129 -5.691025
-6.689555 9.811162
-9.354229 -5.322697
3.718143 -9.060747
-7.870629 -4.582643
-1.545962 2.548601
-2.098022 7.241093
4.551188 -6.901725
-3.314826 5.093907
6.003478 8.777620
6.946367 -8.427763
-6.280486 -4.926663
-0.679855 -6.230472
0.030015 -8.375603
4.250896 7.494594
-6.922932 -4.850542
9.616831 -4.393742
-7.498383 -6.754355
-9.181558 -8.947660
9.878672 -8.836772
-0.231590 -5.584886
-8.412460 5.753355
4.766762 -5.987360
0.997159 -8.010626
0.288280 -4.657460
5.650598 -4.892269
1.774750 -2.302773
-6.220972 4.046902
4.047713 -3.516889
3.010684 -6.356318
-3.586780 -0.983679
-9.765750 -3.460888
2.413589 1.515346
3.064895 -8.174476
-9.244048 7.582271
-9.465212 8.305306
7.954925 9.471281
5.258169 -7.161835
-4.184652 -0.496908
5.628539 8.423735
5.739337 -6.470825
3.580512 -3.857349
-2.632279 -9.911054
-0.669041 -5.893545
-9.409201 -5.827800
9.211492 -1.174029
-0.217309 -0.214906
-3.873307 0.002003
-9.940870 7.853028
7.692531 5.567191
-2.004510 6.028586
-8.390801 -8.498226
-3.417010 -3.764969
9.274058 -6.425338
-0.225842 -1.554279
5.880525 -5.032262
9.323474 6.798811
-2.980810 -0.659606
-0.418446 8.412933
-9.836286 -5.825370
-4.745641 6.468504
-4.818591 0.885496
-4.168302 6.600758
2.688864 -9.755943
-8.096021 2.880873
-2.754635 -6.904842
-7.508760 3.065570
4.939785 3.500207
6.986237 -9.318799
-5.768162 1.635619
3.135743 -5.801890
-8.194532 -5.147297
-7.722811 -0.157355
2.709459 5.303930
7.980060 3.724676
-2.486213 7.478867
1.418924 -0.558393
7.134759 -0.993568
-3.239234 4.818779
9.129305 -1.920835
-1.714395 -8.281324
6.861052 -8.578148
-8.984491 2.404051
-2.948359 -0.675187
7.954051 -5.750210
-1.719316 3.888179
8.168952 3.290165
-2.171005 2.746294
6.722186 3.655842
4.638092 1.474945
3.861897 1.883105
-5.672342 0.643234
-2.495076 6.671011
-1.396970 2.298233
-2.616604 -9.302236
-2.298974 2.146454
-4.526251 -7.122064
3.598571 2.791769
3.834428 -3.819594
-8.078419 -2.287524
6.753080 -3.665586
-0.916002 8.919513
4.951662 -8.845276
-4.937970 -7.450296
7.429262 6.321898
6.919286 0.240326
-3.151663 0.571938
-1.203481 -2.493068
0.197380 4.299540
1.150463 -1.273009
-5.790984 5.531071
2.884766 -8.676631
-8.663019 4.261809
3.856183 -1.202027
-8.806884 2.413127
-1.427506 -6.708720
-8.071523 9.808105
3.100403 -1.154210
3.586527 0.661177
6.786816 -2.939022
-7.041617 0.703033
7.233369 8.256906
4.307016 -2.521330
-5.450319 9.297157
-3.298869 -3.114596
-5.611702 -1.787421
7.306525 -2.503306
8.136393 7.340204
-6.281169 5.399522
-1.622096 -3.657795
5.002299 9.321098
5.347711 -5.272505
-4.764782 3.435665
6.623231 5.308177
0.126410 -1.604731
8.194056 8.237001
9.258538 9.290577
-7.435853 6.585802
4.180109 6.146965
-2.312495 -9.545665
0.162163 0.625218
-6.962386 6.937830
-3.181201 6.786902
-7.605704 2.529456
-0.446975 -2.376675
3.141484 -1.535223
0.149253 6.946557
-6.120503 -5.378677
2.181791 -0.366895
0.699012 2.703342
-7.317957 9.502281
-8.976426 -1.478413
-8.479060 3.634457
8.955512 -0.661003
7.628340 3.516090
-2.535368 8.152472
5.362186 -7.802429
4.154737 4.493098
1.906848 3.033607
5.054117 -2.936851
4.652816 -4.669766
-3.350911 3.230509
9.617263 6.334653
0.104387 -0.902894
5.699051 0.151501
7.099287 -3.822369
5.728198 4.841118
2.491015 2.452775
-6.118696 -9.731762
-4.704465 -4.450820
6.340349 -5.385781
-5.233992 -5.232550
8.247806 6.606669
-7.257658 0.203038
1.656130 7.495063
7.330667 -1.385450
-7.027863 9.780166
-8.994845 1.427425
6.919246 -3.386739
-2.697233 -4.022498
7.258365 -4.542535
0.339096 3.140604
3.614710 -3.896645
7.581363 4.236634
-6.425098 5.261680
4.371680 -5.141556
-5.677450 5.803157
8.093730 2.480235
-0.015020 -1.607136
3.026335 -1.943022
0.881336 -5.152132
-6.444133 3.871195
-7.339391 -2.431635
-5.322912 2.770674
-5.401590 -4.352953
-2.670006 7.131632
-0.820267 -4.937664
-8.656106 -1.806702
1.976618 -4.315841
8.268636 -6.816518
4.899114 -6.485583
8.278919 -2.478318
-2.733399 6.325021
5.846289 -3.726874
6.826067 7.475776
4.090473 4.340569
5.825645 -4.036857
5.016255 -8.242430
-0.916591 7.893915
9.504923 -7.906889
7.671017 7.012760
7.972255 -1.226047
-9.599149 -1.349340
-5.100678 2.991188
9.565081 1.581623
4.593312 -2.410010
-3.137765 1.926413
-5.311122 -6.967607
9.434279 0.037497
-3.446710 -4.007528
5.662129 2.467996
-8.905987 2.152026
3.106451 -5.300126
0.865260 3.027906
7.651812 -0.750550
-8.677925 9.457741
3.451930 2.070367
-4.146949 9.229729
5.667898 -4.174517
-0.924082 9.706339
-4.199069 2.505040
-5.357540 -3.520482
-7.309736 3.686632
2.350442 7.099127
-5.087665 3.395983
5.856134 4.744419
1.467024 3.760461
4.766290 5.862380
-3.816952 -5.170640
8.430645 2.054307
4.521218 -0.829611
-4.745145 -9.219591
-8.046795 0.866122
-3.830153 -6.976818
4.621211 -8.873763
-1.822343 0.427725
6.685685 -2.235517
-5.761233 -2.001582
5.062130 5.811789
-8.211774 2.343347
1.662000 -0.614752
-4.075913 -1.367551
1.941967 -8.311879
-0.889338 7.241823
1.660474 -9.779810
-3.612958 -8.092652
-8.137687 7.653943
9.413125 -2.476061
-9.503622 -1.616680
-5.820195 -3.519740
8.098715 -6.519500
-6.054472 5.056011
-7.918520 -1.012700
-0.944827 2.095949
5.153393 -4.972154
-7.939919 2.328719
0.485583 6.509714
3.971343 -5.615221
-4.930209 -6.864817
4.694857 -1.507444
-9.222519 -4.582800
7.875098 3.495165
8.224985 -9.415309
6.320131 -7.197313
8.150734 6.333787
7.242901 -7.982763
-2.206806 -3.988547
5.679310 -5.674258
1.677550 1.404648
1.600189 -9.647798
-0.661680 -5.830045
3.303565 1.055463
9.186303 -9.030500
-3.535246 0.585224
-8.355896 3.841073
0.311898 -5.681713
3.124113 4.791886
9.067695 1.969346
9.751921 -3.214287
-8.682954 2.042600
-4.728750 -3.043965
1.867221 -6.905635
-3.146026 3.519276
1.532219 -0.515789
0.798703 5.525838
4.953561 -3.107356
-4.061400 -4.755567
-8.662310 -1.047861
-1.367850 -5.490320
-2.133614 -2.864173
5.028775 5.316535
-9.743158 9.198387
-2.741920 0.606798
8.770271 6.378235
1.311616 9.531193
-8.385099 -6.665759
-6.898835 9.702466
-5.436086 -1.988261
2.538352 -4.541051
-5.703364 -3.672794
0.500619 5.011078
8.099353 -4.351174
-8.267468 -8.381808
-2.436016 4.113212
-5.054171 -2.769740
6.929326 -1.561268
-1.716764 -9.301859
5.047213 0.224751
-3.442764 9.102997
4.399331 -4.222293
-2.521599 -5.840608
9.307914 -9.938840
-2.797145 -6.245703
9.573917 -0.689449
9.927861 3.823008
-7.478525 2.772105
3.153791 -0.240509
4.626142 -2.274120
-3.379981 -3.220694
2.887670 -3.411918
1.029350 -2.767158
7.789466 7.590554
-0.617777 2.804100
-2.726972 5.182217
8.963337 4.437377
4.981958 4.007893
-2.061504 3.917668
-8.435619 -9.609402
-8.477844 -6.047477
-0.130431 -5.492973
-9.226492 -3.050960
-3.017437 -8.539249
4.534445 -7.459094
-4.489052 8.275808
-2.396935 -1.624227
-2.334615 8.009814
7.365864 8.638686
0.644642 -9.220263
4.226646 1.352258
0.327262 5.069050
-7.770680 -6.832603
-4.969145 -9.691877
8.684068 0.788495
8.725223 -7.747608
7.086304 -4.717964
-0.600987 -5.291918
-1.046225 5.202095
-2.959304 -4.501483
-1.605299 -0.028773
-3.283758 4.496933
5.573702 -1.686332
4.968615 3.577644
6.046023 -1.752493
7.677054 9.072427
1.619446 9.721491
-0.532964 -2.762406
5.944203 0.350188
-3.606439 0.706748
6.727498 -8.453959
-5.255482 7.502739
7.421556 6.379611
-2.548386 -1.568277
2.178156 -8.366856
7.860804 7.981881
-6.559083 3.054407
-2.917374 1.863797
4.797965 4.930476
3.817682 -6.463694
2.540830 -7.945323
-1.507641 -7.557702
9.418038 6.920621
8.516256 1.241949
7.686837 8.422962
-5.554839 -8.335623
0.090170 0.282389
-3.939675 -1.622434
1.014817 2.800927
8.419825 -4.308372
-5.975199 -3.718590
-1.048413 6.544492
1.362446 -6.036790
-2.212242 8.442955
6.344090 -6.724850
-8.249583 -8.839285
-2.715033 7.534910
-6.438730 3.179046
-8.513872 7.167056
8.709129 -1.803078
8.715488 4.478177
-0.356842 -9.711723
-6.824594 -2.486596
8.434516 -8.784548
3.597404 -8.308786
0.625800 -8.423064
7.190277 1.441581
-1.620056 -8.167686
2.246922 1.398685
8.256694 5.528395
-0.334869 2.312086
3.518882 0.865882
1.439124 8.017213
4.036838 3.180596
7.686880 -5.127095
-2.584871 9.501644
-1.477378 8.799048
-8.760575 0.300947
-5.639842 1.748556
8.406931 2.550894
1.359184 -3.703168
3.638760 3.874870
-0.067031 6.905750
6.257255 6.830407
-9.689564 8.947446
1.385451 -8.947882
-4.256854 -0.223545
-6.253250 -6.485792
3.787267 0.942640
2.140133 5.181505
-1.603982 -5.205012
9.199407 2.351063
-1.552047 0.655211
8.792406 0.397326
5.548187 -1.294168
9.028503 5.261002
4.700784 5.219948
9.494395 -2.320675
3.494156 1.254258
8.223607 -1.328925
-1.273014 -0.844689
7.299390 -7.491680
1.665588 -2.022955
-6.942616 -1.153861
-6.966953 2.546485
-2.529819 -9.785574
-5.028173 -1.087439
4.077025 -0.178534
-3.725221 -2.546199
-5.411098 6.612427
6.410571 -1.089914
-4.035042 -3.779427
-6.044145 2.110827
-6.982551 -8.852666
-6.076038 5.407967
9.956669 5.997965
-4.104126 -9.333793
0.353790 4.598127
0.260766 1.470528
0.597344 -5.241630
7.273822 -2.449441
-1.864502 -3.063787
-4.669300 -0.517556
-4.769894 -7.479811
1.035247 -8.702170
-9.306471 -4.952624
2.509789 -9.737920
2.854323 -1.680684
-4.593967 -9.376485
0.262458 -0.857955
-9.749236 -5.607413
-8.789802 -5.525143
4.713306 -8.407546
-1.769715 3.224321
-2.236972 9.070824
8.403903 1.261021
9.434981 3.560789
-9.331051 5.533500
-3.935777 6.967881
5.090372 -7.041044
-4.839540 7.827631
1.946060 6.775798
4.168040 7.730197
-5.732543 -0.496672
6.242179 -6.480456
2.162585 5.307662
9.771741 0.760224
0.592720 3.703948
-9.686709 8.817467
4.237614 -2.581410
0.356245 6.431520
0.551948 -5.074235
4.281890 -4.639949
-2.797979 5.157099
3.282542 9.345899
-2.323699 -7.572547
-0.136765 -0.032566
-0.730970 6.098303
-6.573960 2.989606
7.139657 -5.892615
-5.697161 6.646267
7.166579 -2.895961
7.552540 4.431760
2.132706 4.648348
-8.741171 5.297244
1.124101 0.510078
2.458520 6.182400
-3.242606 -8.077852
-2.642566 -5.401176
9.606068 9.748926
0.533644 -7.166987
1.240982 2.251263
-7.349073 4.876700
-1.093506 1.952725
-8.902838 7.826008
9.191605 4.446354
0.140956 2.717661
-7.494694 -2.995154
-1.553286 -6.810960
-5.063684 -0.308491
-6.483468 -2.915277
6.521237 1.398482
1.441658 -1.381594
-9.230895 -0.621978
-1.122658 -5.652441
-8.796105 3.700283
3.900629 -2.072507
7.375809 3.370509
-0.422080 4.438630
-4.464575 2.322016
7.104615 -2.993178
9.625335 7.508826
-7.273191 3.018329
3.348241 5.283809
-4.039858 1.505823
-6.937351 8.180607
0.731320 -8.672890
-7.508869 -3.679542
0.338086 3.165244
-6.608785 -2.531590
-1.744100 5.518870
2.171195 4.531839
1.778167 -4.959545
-3.208963 -9.683665
3.022148 8.017151
-4.858700 -3.948425
-9.191335 0.461763
7.013996 -9.954748
-9.714001 -9.687976
-9.328903 7.189825
4.036710 -0.091826
-2.853471 9.928304
-4.226407 -8.330045
5.709448 -2.141541
6.982136 -5.900841
3.655694 -4.962263
-2.386867 1.030457
4.929881 -7.430943
8.508696 7.987305
0.574715 -3.128349
-2.511358 -8.135831
-1.914709 0.986619
8.343866 3.792177
-6.867563 9.477735
6.065299 -5.720848
-9.905355 -0.681673
-9.896594 -4.976078
6.295006 8.803756
-3.194094 2.686016
-0.252791 -9.702215
-8.689996 -4.769252
2.547367 -2.376184
7.372738 -0.308445
3.351174 2.003849
-1.844938 -8.193100
5.046025 1.776948
-9.878779 4.488308
0.316322 6.956079
-4.828219 -8.017332
-8.671996 -4.929734
8.894466 8.073913
-8.671879 -1.039259
-1.555580 2.807419
8.769104 1.864317
-2.630954 -9.305087
6.779991 -1.705164
3.910578 3.257886
6.982204 -4.430029
3.818270 4.928229
5.071817 -8.513765
1.614294 3.792224
-9.073740 -3.677183
-1.300343 -4.810239
4.662713 -3.323536
-8.553884 5.304414
-1.521854 6.349105
-4.110556 -3.126253
-9.378159 -3.566370
-0.206057 2.376057
5.835705 -1.657065
1.056071 8.762945
-4.741016 2.730065
6.093933 4.844718
7.901256 9.155039
-1.975076 -3.943001
6.177884 4.172820
-9.774573 3.981495
-8.149154 -4.354531
9.799934 -1.491903
3.801216 6.846625
0.915695 3.209296
9.949561 -4.002823
7.732716 9.412937
6.805203 9.224686
6.897885 -7.251909
-4.625138 -3.493404
8.436395 3.414215
1.216927 4.050818
8.545302 -1.659474
3.085051 -6.889332
8.099738 0.285830
9.552375 -8.920172
1.187716 4.039422
3.823770 -8.373330
-0.576479 -8.523970
9.183269 6.207323
-6.887116 -4.158361
5.594991 5.888004
-6.390256 -6.121395
-7.804580 5.534237
0.166640 4.457993
-7.905835 8.649121
3.846546 1.818935
3.214894 -7.041031
6.024048 8.524807
-7.333171 5.327852
-1.945708 -1.386020
-5.809296 6.094691
-4.934890 -5.199844
-1.861764 -6.461510
-5.923566 -7.476785
-5.315681 -3.463686
-6.545371 -6.700086
7.817214 -3.949598
4.414355 -6.185901
9.306871 -1.914878
-2.229821 6.456170
-1.108666 8.289435
-7.743106 8.180363
-5.085525 3.174000
8.522751 -1.175401
-6.071900 -9.825558
4.160734 2.843889
-8.731988 -6.766965
-5.856730 -6.423217
-4.795693 -8.816893
0.893161 -8.319218
-5.900558 -6.851898
7.902144 -9.234016
-0.566123 6.758344
-8.123173 -7.567288
-5.656423 -5.066371
6.483702 5.285101
7.965725 0.060096
6.895240 -8.378762
4.761410 2.350148
4.210306 4.020033
-9.332903 1.189276
-0.649305 -2.716550
1.368362 -4.849849
-2.382072 6.001293
-7.235189 -7.263640
-3.761291 5.655476
6.389416 3.667169
-8.571742 -0.245987
5.739580 -4.961569
0.543491 -6.784027
-8.333755 2.325946
-9.235253 7.401109
-9.606445 -3.114271
-6.826714 1.117688
6.862574 -9.844008
-2.124660 7.270853
-5.407216 -9.130939
-6.925737 1.287211
-0.884799 -3.880151
6.356169 -1.613846
8.706497 -9.232148
9.516146 1.785993
6.182771 5.922606
-3.033007 6.421710
0.747641 6.615653
1.667501 3.563875
7.222725 3.180987
2.878749 1.351198
-8.477644 -9.215048
-8.101431 -1.260062
6.560975 0.053433
5.243677 8.465870
4.960808 6.856061
-1.184150 -9.864005
1.070710 -7.302825
2.439878 5.792526
7.636964 -4.366885
4.717246 3.263915
-5.714956 8.851002
-5.297992 6.876674
3.693730 -4.872543
-4.779518 5.963818
0.321776 -3.508398
2.162356 5.326548
-0.975710 8.389312
8.118007 -5.664389
-7.849853 -8.001889
6.898990 -1.932312
-8.733601 8.774253
-9.678836 -7.312297
-2.695435 1.294906
-7.507248 -6.713914
6.881629 -5.907660
-1.589967 -0.039528
-7.548643 -0.229645
7.841773 -6.764421
-3.151282 -4.161805
-8.515726 3.390310
7.265216 -9.683307
-1.918102 4.875527
-2.176463 0.160829
7.162387 3.338007
-1.054660 4.877205
-2.588677 -9.351753
3.416553 -6.460897
-5.506311 0.972465
5.305555 -2.090890
-1.951815 -5.583520
-1.938627 5.786735
-7.400063 -2.567218
-8.350790 -7.768356
-6.638339 -0.174083
2.386991 -5.500299
-6.577495 2.464156
-5.933200 -6.425202
-1.796494 -1.987130
0.162793 5.366308
8.817598 -7.343507
9.092209 6.392318
6.756930 -1.674172
-5.756092 -3.556418
-6.891548 5.841756
5.402592 0.010914
-4.738933 -4.943738
-9.902205 -2.579898
-0.839955 6.541688
-3.278386 7.401480
2.208143 6.451083
-4.167662 -5.746294
3.304522 -2.932551
2.448713 3.727143
-8.725696 1.035688
-2.716996 -9.757281
-6.903116 -6.116953
-8.979162 -4.038876
-5.666146 -7.937725
3.223171 5.280046
1.606749 2.240999
-9.984138 1.221136
-2.687052 -9.271521
3.647078 8.240860
-1.735340 8.055443
-2.098309 6.646716
-0.020470 0.593459
1.071399 1.218731
8.650173 4.111877
-0.541089 -7.536381
7.489391 -4.661919
-9.508891 -4.194419
5.001626 -8.422156
-7.341221 5.452348
8.750580 -5.648176
1.599971 7.146777
-6.765989 -8.166201
-0.222396 4.175195
-9.282515 -3.141171
-9.885472 -9.476984
7.502071 4.892883
-0.125628 7.878055
-1.614090 -0.458289
-0.256735 9.795934
9.931700 -4.232773
-6.244316 5.319563
2.319010 -5.918582
-1.938575 4.409082
-9.019489 -6.553886
6.577667 6.822548
-4.034723 5.137770
0.927729 4.490225
6.954653 0.542182
-6.564563 9.423533
9.906528 -7.028158
-6.974148 -2.461027
-1.975441 -5.144600
-3.416637 3.101385
5.723693 4.463199
-4.908983 3.067679
-2.700763 -1.129742
1.611408 -2.195691
-1.411640 8.441719
8.491505 -5.549591
-4.746335 -1.360897
2.246372 5.374388
9.396870 9.679953
6.539388 6.585472
-3.119804 8.162995
-2.282889 -9.958460
-5.984863 -1.749046
6.550019 1.438162
-1.347094 3.329262
-1.083568 3.722426
-1.577287 -3.195187
-0.727960 0.676348
6.867122 9.909314
-1.203469 -7.033615
3.126202 -6.297222
8.305423 3.522838
-6.984827 4.534548
6.714094 6.951012
1.141059 3.267342
-5.086435 -4.828787
5.863502 -3.211918
9.990200 -1.987412
3.905897 1.657232
1.012919 -4.478578
5.371077 -2.469666
-9.674110 -1.871056
-5.734627 -8.072708
0.531613 0.659942
-2.408734 8.523691
-6.773602 7.685663
-6.091457 8.247346
0.456551 8.628424
3.747650 -9.646102
1.849335 -6.864296
-6.981596 -5.201466
7.147906 8.517152
8.737736 -7.268726
-6.811743 4.187039
4.006206 -2.141301
-0.650833 -4.023582
-9.915077 3.201468
-5.441856 7.825052
-9.490937 6.269771
6.426117 -5.451647
-7.306192 -3.311017
6.165486 5.144374
-6.698575 0.011380
-1.933711 -5.021810
-4.422638 4.678717
5.743605 -4.148533
-0.296704 7.696855
-9.719574 3.275149
1.188776 -1.616775
7.566233 -8.122155
-7.533597 3.808626
-6.224090 6.687075
0.696769 -7.910883
4.521915 -8.449355
7.981054 -7.837667
-9.013925 1.816501
-1.334855 -1.884107
-0.729661 -2.476141
2.694790 -6.604675
-1.245448 9.715400
4.000713 -7.839958
-6.267626 -9.351182
2.940918 2.654021
0.702408 1.078181
-4.035861 0.842110
-2.542479 0.202655
4.785645 5.417726
2.340290 7.559073
-2.179370 -6.574099
-3.290290 1.324349
1.635923 -2.729609
5.176576 9.498644
-1.692267 -9.884959
-8.783378 4.247091
0.150746 -4.692914
8.090930 -2.882299
4.907448 0.229206
3.577114 6.651195
-6.146255 -0.748149
-3.088618 -7.538136
-2.339937 -4.019913
6.007371 7.066937
-0.926382 -5.238200
-5.610724 0.346853
8.108185 4.374568
4.155199 -1.057547
-1.138823 9.342481
9.387203 -0.610940
2.736691 -5.218601
3.489413 8.294384
-6.127062 5.929340
1.441458 3.038771
5.623084 6.755511
-6.153836 -7.138811
-1.534387 -2.988865
-5.939975 8.238027
3.770485 0.512501
-7.094858 -7.359828
-3.197067 -5.393851
-0.065262 -1.794138
9.106918 -7.810137
4.083708 6.862437
-8.287126 -1.266408
-3.118691 4.907297
1.441786 9.063086
3.654067 7.433011
7.750047 -8.899067
-0.224936 -2.503584
3.407765 -6.375135
1.999633 9.799192
7.249490 0.671262
4.862109 -5.927155
-0.846510 -8.035913
6.572069 -1.322515
5.259316 -0.766940
5.031212 3.703458
-2.266147 5.505905
-8.685820 5.060882
-0.047767 -0.087656
-6.236264 -9.046623
-5.611504 2.131255
6.934909 7.533956
-1.794211 -5.332616
-1.824857 8.726595
-6.754027 4.800744
0.719660 4.948422
-9.226983 -9.256142
5.354065 9.266083
7.536894 3.795335
-2.821584 3.034086
0.881464 7.167040
4.534865 -7.126578
-6.669527 -9.325569
-5.044807 9.018891
9.936377 1.639762
-4.009948 -7.420017
5.650387 -2.535831
9.259924 2.018565
-6.220986 4.693108
2.081843 8.528538
-3.331501 -8.366233
-7.539624 -3.072758
5.697438 -1.414303
9.511804 -2.758831
-4.094225 9.246500
5.383239 -6.917120
-5.037723 -3.747786
0.904758 -4.579478
-3.774210 6.541307
-7.544639 -5.489860
8.656268 -6.630017
2.126851 -1.201361
-9.630630 -9.004909
1.620068 7.568473
5.218223 3.759029
-3.614248 -6.744619
8.011513 -2.959282
8.027123 8.235162
-3.537689 -5.297420
2.937626 2.669549
-9.530837 9.673185
-5.730815 1.468906
-8.023314 8.938176
5.774095 7.882410
-0.973061 6.149466
-8.441012 -7.910842
-1.529924 -5.909231
9.385864 8.194686
-3.662782 -4.782550
-1.635374 9.037336
-6.958858 7.866925
7.878099 -2.868058
8.610402 5.732088
2.402588 4.148364
8.443172 2.946045
-5.464868 6.632595
3.986725 -4.891161
2.506523 -0.837886
0.624426 -5.244554
-0.930133 1.692209
-0.341426 -4.511032
7.030873 -3.028699
3.937415 5.466608
4.738395 3.907748
1.765629 -2.907165
-1.293260 8.813196
-4.017161 -9.090450
3.094413 8.644334
1.972566 -0.057118
-9.458980 6.921302
7.971313 2.043305
-9.850747 -2.470705
-6.065769 -0.411635
-1.865599 4.749991
-3.085175 -3.062590
-4.956858 6.693076
9.795380 6.873459
-4.613433 3.801187
-8.037230 -8.953673
-7.255978 -1.668703
-6.885079 4.564918
0.732090 -6.159111
9.655429 8.212792
-0.047657 -3.657430
-9.743583 4.607409
7.277692 7.520687
9.486140 -1.398420
2.983640 -8.590514
7.154763 -5.811720
-3.106210 0.199325
-6.339222 4.738495
-5.987667 -8.297027
-1.802442 -8.794695
8.904073 -9.906591
-5.255968 -6.634621
1.130621 5.630681
4.065632 1.348463
0.729204 -6.086882
3.042693 -0.283080
1.109318 5.117469
-2.614663 6.190947
-9.863560 -2.859250
4.269432 2.098329
8.950437 -2.324327
4.581031 -9.589714
7.933578 -2.964309
9.422689 9.765585
4.112409 9.894490
-1.897955 -1.743253
-2.912761 0.389371
-5.016397 4.676263
-5.996358 7.183682
-7.507656 6.013841
0.046788 3.650825
3.809132 1.641888
-0.031653 -2.706400
1.178976 -0.922137
3.171380 8.937787
-8.173867 7.448384
2.444545 -3.445463
3.816434 3.788428
-9.429994 -4.399558
-9.250464 7.642858
-0.673915 -9.569180
-1.195917 7.755449
-4.577126 -4.118867
1.419700 9.927775
0.025649 3.098825
-6.767405 -1.753572
-8.482610 -1.071243
9.848094 -5.758124
2.056487 -8.329706
4.624820 -9.293369
-5.367607 -4.590610
-4.712679 4.637082
5.138623 7.251833
-3.721405 9.147705
-7.960646 8.878100
-2.099700 3.619071
-0.291706 4.800072
-8.036428 -3.210186
-2.599345 -1.755550
6.241975 -6.312560
0.956903 8.379661
-8.993748 -3.210067
3.665578 -7.383094
-2.136096 8.958900
-7.182531 4.612403
-1.606234 5.984570
-5.173998 3.062083
-9.381136 -7.491683
-3.486728 4.937361
2.355257 6.319931
-1.722856 5.131070
9.687472 -7.320085
8.485408 -9.374711
-7.205441 4.201508
0.650197 7.436338
-3.933658 -6.095784
-3.130571 -7.531139
-6.656081 -7.864476
5.529036 -6.414182
-0.727614 -4.230816
3.009767 0.369319
-5.805709 -4.310576
2.854434 6.106915
-2.751127 9.931179
9.597496 1.256952
-1.434873 -7.049532
0.557602 3.503656
4.361238 -0.062465
-7.414846 3.430099
-7.141967 1.017674
8.948930 -4.502949
4.212459 1.809821
8.344425 2.708973
-0.114095 5.540574
-4.302721 -5.287688
-0.669302 9.952871
4.444466 -1.562149
-9.086018 6.905173
-2.206951 4.568459
-3.051657 9.674529
-4.407412 5.274721
-8.763128 3.847776
5.140486 -2.173561
3.615264 -5.851535
3.848526 8.585460
-3.809919 -6.701903
-7.397730 -4.745917
-9.287535 8.429595
-8.041814 -9.557847
9.626118 -6.388674
4.345260 -6.377161
4.901803 6.643486
-8.068943 5.095156
-0.986756 -6.789895
-4.012026 -2.534937
2.185850 -6.319856
-3.745220 9.688465
-0.762681 -2.989522
-6.145782 7.481538
4.587890 -9.887447
-5.221438 -1.736155
-2.340986 2.228342
4.949840 -4.387802
5.633390 4.848781
-2.197702 -8.811992
1.664385 -1.054961
9.049284 5.930549
-5.778619 -0.158897
-6.835191 7.278028
1.160518 -7.705894
-9.455800 -8.484676
4.887967 4.825610
4.138848 -7.918475
0.960335 -5.167569
1.282275 -3.512844
-9.671936 3.039168
-1.102710 0.595427
-5.207558 5.333219
-9.762366 7.165694
-6.642890 8.310051
-9.470417 -0.855793
-4.457803 1.160900
-2.998027 3.677955
4.662778 3.222602
3.151069 0.013220
-0.646141 -6.039956
6.538651 6.586382
-1.523304 -9.538269
-0.281685 0.333861
-8.867296 -8.196587
-3.229637 -2.630750
-5.863485 1.814910
-3.183860 3.002567
-4.308655 0.795405
9.800070 8.047485
-5.435344 1.604146
5.354660 7.164850
6.552664 -9.839286
9.900806 7.022416
-8.888428 -0.911772
6.281484 -9.874186
-9.608543 -0.583568
0.728152 1.146711
8.634534 7.730112
2.820901 0.426844
5.281555 1.774103
2.506749 -9.521103
9.577731 0.014983
-3.421405 -7.241271
8.719835 -2.368196
-1.641296 5.927393
5.840312 3.258054
1.715611 7.327014
-5.927631 4.410083
7.662504 6.448766
6.089020 -0.843344
6.109644 4.594701
-7.723755 -5.628734
6.386279 -4.307303
-2.930488 -2.294938
-6.269775 6.557920
5.920521 8.723427
-3.795566 9.688888
-1.247527 4.982678
9.163866 3.226718
8.599371 -0.572246
3.363860 -9.876630
8.902217 4.594804
7.100509 -3.753514
-3.952140 0.511693
5.363539 -5.936489
6.304263 -4.021832
-8.226050 -8.972554
5.211558 8.227466
-3.173542 -0.496744
-6.086106 -4.808387
3.386601 -0.346389
-2.597585 3.526776
2.523063 5.150142
-3.691328 -9.223401
-1.905605 4.933176
-5.068704 5.294929
2.359551 4.232720
-8.982144 -3.195868
-6.720065 -6.452015
-1.220293 -5.767802
6.792537 -6.963337
-2.790317 3.279100
-1.560069 9.502869
-5.843106 7.351650
6.078180 -2.881146
4.428741 -3.686839
5.145715 2.764631
5.380183 -9.946707
5.916494 5.555454
-4.919547 -1.926189
8.978981 -3.888731
6.543412 8.708748
4.734847 9.791569
-2.460367 4.087870
-8.951669 -4.915049
8.459083 3.622583
-0.378467 -7.212062
7.792841 -3.642963
-3.549018 3.905248
-4.684473 -2.552654
-9.194420 0.060546
-1.343546 5.760228
-8.807055 -5.525920
2.270976 -1.130857
4.309676 5.264296
-1.257265 -3.472569
-4.500890 -4.476422
1.253018 -4.700407
8.889206 2.874574
-4.492602 -7.408501
5.962571 0.595506
8.246540 -7.654100
-4.736378 3.434226
-8.083910 4.909460
1.219359 -7.733881
-2.893021 -2.260759
-0.168360 -9.081552
-4.279457 0.880693
-1.842226 -5.400689
-8.471138 6.040962
9.012927 5.049376
3.235737 -5.403583
5.830447 -3.363471
-8.570650 -1.092381
5.536583 1.138442
1.626472 -0.582754
8.434060 -4.338501
-4.747519 4.115395
1.118135 3.405569
8.367547 -3.857271
6.251077 -7.414633
6.700495 -9.318927
5.477440 2.145373
9.547445 5.310828
-1.706942 -1.284340
-0.500896 -3.554753
1.898689 7.254434
-6.693387 -3.317705
6.336664 4.536403
9.484036 -2.910784
-5.321103 -1.396905
-1.769926 -0.291786
6.601509 4.779459
-4.640940 5.133500
-3.474443 8.704171
-0.950910 2.551069
9.616806 4.824481
9.678213 -4.722496
-2.113353 -4.629795
2.231760 -4.985325
2.128096 -2.275576
-7.045126 7.696782
2.727543 3.076264
4.998899 -2.017206
-2.175666 -1.223744
-3.693923 -6.489384
-5.015075 3.643271
0.512745 7.768656
7.914156 -5.825921
1.625630 2.764177
2.417652 0.659677
4.158408 9.239267
-6.338686 -2.094291
-3.863514 6.159727
3.156698 2.476022
6.000452 -8.190347
2.268698 -9.085676
-3.478128 4.727262
-1.807759 -0.527105
-4.353404 -2.998108
8.328463 2.804724
-5.530026 -7.824709
-9.038278 6.069329
-9.198179 4.550992
-2.668035 4.084206
0.483856 3.287995
-4.323542 7.158545
0.421840 0.003172
5.509423 6.940438
-0.766068 0.210107
-5.839510 -0.086238
9.494762 2.964305
-4.783351 -5.013839
-2.427455 1.252295
8.913008 -2.006958
1.254114 -7.099814
0.168288 1.200922
1.394517 -9.484380
8.344950 -0.505882
-8.788248 -1.649230
5.818862 -0.507230
6.970966 -6.043519
-3.517503 5.058219
-1.493977 -6.552789
-7.150406 -9.102621
0.750514 -3.697952
-3.685997 -0.569982
-8.005385 3.874316
9.772492 1.294350
-0.401447 5.455007
5.525294 0.672776
-7.452021 5.317284
1.107144 -5.002689
-7.484878 7.747456
4.096212 4.721589
-3.593057 -4.838487
8.223464 7.506455
-9.877533 -1.960721
1.745557 -9.229884
9.435074 -6.112449
-3.197307 -4.566321
-7.910834 8.873341
1.549249 7.773295
-7.345813 4.657995
-4.251701 4.247811
-2.543884 3.634157
-6.933546 -3.539631
-9.479531 6.744992
5.876309 8.914516
-2.535760 -1.888088
3.326590 -7.999884
9.418475 -6.218536
6.051792 -6.128505
6.305249 5.482941
4.982666 -9.375333
9.724878 1.762396
-3.070221 9.307113
4.165060 -9.860226
-1.215814 -1.899721
3.471467 -0.701417
-9.382917 -8.614141
-0.345357 1.905684
-1.444957 -0.680990
-7.700420 7.296273
6.981766 -9.723407
6.662432 -8.917733
-7.729779 -8.569819
9.227902 7.465211
-5.520567 5.893549
9.831087 8.996923
3.981271 -8.020875
-3.836032 -7.920376
-3.775379 6.216674
7.113468 -1.958041
9.055733 5.954548
-4.168710 -2.211794
3.843602 -2.088397
-7.425722 -5.421011
5.796004 4.293763
4.616172 -3.870993
-3.743960 3.158346
-8.326917 -4.716443
3.204348 9.602430
2.396248 -6.166690
9.767937 -8.270659
-1.944289 6.228150
-5.626018 -6.622409
5.001239 1.938399
4.836114 -6.496247
-6.684933 -6.236944
-6.540002 -5.417331
-0.823039 -3.566046
8.508381 1.934595
7.094374 2.282296
-2.950241 -5.888324
7.304403 -1.460752
6.977944 2.287004
6.191157 -0.320476
8.863516 -4.630030
8.088752 7.363111
-6.522411 -4.549165
4.634637 -3.608487
4.524495 -4.353152
-5.592719 -6.364192
-2.170043 -9.537535
-3.598720 2.925931
-2.879615 -4.744872
6.342059 -3.967089
-0.526310 1.031297
5.214979 -2.839267
-5.329349 5.021292
7.174418 -8.015551
-9.684597 2.211394
-9.928303 -3.525757
6.055826 -1.371079
-3.007447 -5.654480
0.773832 -9.767582
2.598175 -1.299368
0.555435 -0.374986
2.353887 -8.258932
4.685653 2.301296
-9.923464 -2.208583
-7.930248 -1.587489
-0.520297 3.800756
-7.712697 -8.947322
-9.881295 8.692854
-6.746250 0.317479
-4.192142 -6.567390
9.287976 -6.294795
-3.444241 1.138224
-1.758441 6.550566
4.281310 6.506226
1.595221 8.641414
-8.389825 8.784727
8.264827 -8.340023
-7.559909 2.647828
-1.369147 -1.867652
-9.888628 -6.458372
-6.586894 2.542747
5.360107 -8.276431
4.882461 -9.514618
-9.774182 1.747354
2.383904 -1.794238
3.444214 -5.547275
9.936893 -9.728918
-2.570016 -3.981060
-2.456384 8.542266
-6.964024 -8.682320
-8.292390 -9.919379
-2.017274 8.094429
4.186680 9.352773
-9.188081 2.931256
-7.468092 -9.956808
3.533690 3.176368
3.279227 -8.362437
6.641583 6.412745
8.668894 7.613807
0.472200 0.511760
8.211834 -4.661069
4.298032 -7.286687
-6.039644 1.375414
-4.106056 1.524663
2.763252 -4.764625
-6.638769 1.045677
-5.576852 8.564482
8.049983 -9.112195
-4.200457 0.904283
1.476161 1.935414
-5.728726 -5.527701
0.187412 5.356862
4.681995 3.143730
5.848667 -7.558414
-2.498608 -5.852813
-1.998463 4.435690
-1.590301 4.839834
2.962756 2.237339
-5.711481 -7.994014
-7.497421 2.999804
1.762025 -4.915094
-4.798705 -5.197608
-8.753859 8.596656
1.773317 1.591755
8.663526 -3.372214
6.991200 -0.833560
-9.826189 8.810788
-8.498080 5.469899
4.183639 2.490878
9.062251 -2.609853
-2.245282 7.523674
-4.184337 7.194351
2.687152 3.480664
-8.081433 8.681060
7.660108 -5.273641
-6.104610 5.989552
-8.815829 -2.467039
-3.596012 8.857807
-6.822165 -6.183939
0.433563 7.685209
-8.972311 2.864089
5.920007 -1.681145
-3.351918 2.022348
-3.937095 6.921096
-9.230328 4.094262
-2.722612 8.920974
7.683196 3.305535
-4.687500 -1.629813
7.282342 -0.564699
-6.990094 -5.653285
-3.142981 0.558660
5.423338 1.321609
-0.100285 6.490093
-3.797797 -6.602243
-6.505526 -4.271693
-3.856445 -8.622972
7.206731 -0.846352
7.746730 9.536942
2.349139 -1.131399
-1.401653 -4.739352
1.499444 -5.140105
4.176500 1.731429
-7.869261 -7.890282
9.323048 -8.584101
6.885876 1.999082
2.075748 -8.251508
-5.801629 8.343030
1.298279 -5.050690
-8.005240 -3.207889
2.123524 -5.888822
9.727417 7.612445
-6.383729 -6.008887
7.482528 -9.607870
5.882668 -4.470600
-1.063267 2.052686
8.226682 -6.955386
-6.733623 1.142145
-8.327498 -2.619202
9.524587 0.096519
-2.357501 -6.040283
-4.244585 -7.490599
8.350147 -3.951464
2.098752 -1.591913
9.739383 -5.541971
-9.138499 0.772588
-7.931571 0.819114
-5.356222 -2.224815
-8.442013 6.648949
0.246574 9.548201
2.033468 5.831423
1.461868 -9.329822
2.467148 -6.137530
-9.081332 -9.625462
-4.866028 -4.045533
-6.158299 -9.723802
4.093058 6.369534
-9.519344 9.367199
-1.270978 -2.004213
-4.719835 4.047160
9.943529 -6.870642
-7.585389 -9.520256
7.948186 4.415082
-1.441737 8.981631
9.376509 -1.168634
-3.169228 -5.163302
8.828854 1.107453
-7.937473 -8.052212
2.316109 -6.458707
-8.515305 5.532111
7.313468 5.892384
6.561722 4.113537
6.919711 1.150013
0.207290 -8.866939
3.696874 -3.290613
3.522724 -4.803944
4.633619 3.578155
-2.229784 -6.116553
2.989715 -9.202413
6.539447 -9.144159
7.790771 9.392397
2.217336 8.565871
7.960019 9.391001
-6.431368 -7.927629
-7.771159 9.863522
-9.709647 5.657978
8.939121 -8.788234
-9.594271 -1.309217
-1.879095 -9.575589
-6.506070 8.074119
-3.423619 -2.018387
5.823081 3.604487
5.594207 4.698568
6.213380 -3.096648
6.910892 -2.174079
-3.651973 8.818833
2.907713 -3.695002
4.383734 -7.862273
-0.267568 0.061148
6.848844 2.350204
-8.096268 5.138739
-4.464304 8.197280
-1.609043 0.406557
8.425865 -3.517722
-2.557628 -1.410676
-8.464125 3.970616
-0.210614 0.292292
-7.477264 -8.951237
9.113325 -1.560676
5.945780 9.107763
6.764814 1.916470
9.468229 -2.567855
8.429649 -6.891099
1.283718 -0.878395
9.678057 4.340218
9.789177 -9.683523
-4.170734 -7.220031
-7.711246 -6.574642
5.485289 -6.789215
-8.144782 -1.074246
8.277402 -3.856708
1.831541 3.324516
2.721124 3.820498
7.111417 -3.468816
7.550479 -7.462432
1.688774 -8.227516
6.186410 1.771392
-7.952836 6.187729
6.207529 5.921342
8.262882 0.436889
0.556515 -8.751779
-1.869754 -4.479845
6.625378 2.908336
4.395475 -6.954050
-1.836115 -1.548602
2.586792 5.075684
7.052454 5.980078
6.718685 -2.371748
-0.062281 3.445226
-3.474175 -5.449986
-4.033651 -4.660844
1.682574 -9.601901
-7.809782 7.582976
8.320396 -5.433709
5.515469 7.713802
5.280565 -1.368377
6.656653 -8.448121
-8.912771 7.427410
-4.296177 9.504959
2.746614 4.631650
8.627056 -1.466179
-6.976188 -6.226385
-7.527784 -5.161464
8.256832 -6.595045
9.535806 -0.213056
-3.469614 -8.156339
-5.511853 -8.117554
-6.734625 -6.866016
-6.107762 -1.333952
6.546502 -5.839049
6.074536 3.022706
-9.367769 1.126800
0.733706 -1.292552
-3.245346 -8.730910
-4.634159 0.927064
-5.110039 -9.294606
6.768381 9.834390
-3.569015 -2.916543
3.889174 -6.744325
-0.479607 8.046238
4.194225 0.632258
-9.099304 -2.626470
9.314192 7.903487
-1.085603 -8.327764
3.583181 -6.657106
-7.990789 3.661294
-3.556969 -8.739958
9.192097 -2.480522
8.838090 5.400926
1.658587 -8.771359
-0.951368 6.259248
4.237364 2.299818
-4.509712 4.896454
5.549768 -3.506614
7.036483 5.297399
9.731640 -5.102241
5.738290 -0.669280
7.335309 -8.183357
-7.220946 1.453316
7.677528 1.747389
7.533462 5.659455
2.705190 -2.002777
2.043434 5.564320
-9.342326 0.528514
1.684341 -4.321353
1.910989 2.532849
-9.604839 -2.922014
8.629930 -7.860442
-4.814209 8.505093
5.370172 2.373308
9.601373 9.450958
5.077590 5.308430
8.067305 4.886821
3.280292 -4.117793
-9.555177 -4.556498
9.918655 3.377714
-0.194523 -0.710711
2.541368 -3.268119
5.070086 -1.397397
-4.602295 -2.316185
7.370094 0.925022
2.077332 -6.990894
-1.955997 -6.127774
-0.618792 -7.365598
-9.402188 2.234493
-8.974010 3.060127
-0.320835 6.382392
-2.422469 5.847065
0.843250 -7.463265
7.455494 6.364851
2.068860 -5.520390
9.245215 2.705904
5.307743 1.225496
1.529925 5.474517
9.228046 6.201786
7.367621 9.021564
-8.087918 4.300005
-4.655011 -1.886506
-6.866439 3.330462
0.165598 8.270633
-6.021446 -8.065220
8.218606 5.088915
0.203990 0.328860
0.683531 1.219784
-0.526726 5.737894
-1.225186 7.285379
7.587860 5.864227
-8.132326 -2.364644
-4.319269 -2.778860
3.391846 -2.690832
-2.817725 -7.071519
-4.122541 3.985675
5.390685 -6.586364
-1.858024 2.791177
8.860975 2.938428
-2.796370 9.973822
-0.487579 5.330377
-7.216066 5.480821
-9.654625 -8.967202
-6.104675 7.839372
5.461291 1.070938
2.732893 -7.512265
1.065242 -3.147872
-0.872130 3.192165
-9.541250 4.117205
1.093873 -2.436424
-3.858059 9.613257
-8.786547 -4.017697
7.784694 9.536380
-6.339627 7.860766
6.579409 5.091685
2.444282 0.856305
-4.233846 -5.479667
7.286265 -2.960241
-2.934620 -5.549515
-6.616294 -6.600519
8.591954 3.058581
3.710481 -5.208418
-8.803558 6.001036
-8.814703 -2.588640
-9.460758 -2.085893
9.746621 -3.853755
-8.713365 5.841796
0.759231 7.900736
-6.999277 -6.275125
-7.443452 9.146574
5.995253 7.263241
-0.390065 -8.383237
-4.979505 7.976132
3.589021 2.614199
-8.597721 -2.338036
0.094426 5.568189
3.187696 4.407656
5.643922 -3.689482
4.074730 2.999170
6.148430 3.206581
1.120332 7.990545
4.001424 6.887167
8.464330 -7.516271
-9.454428 -6.791067
-3.444445 -1.539475
-7.084959 8.486525
-6.551283 0.271515
-4.084990 6.483853
-9.536926 -4.630857
-5.733091 -6.271974
-2.482947 0.135297
7.415341 7.766138
2.632033 9.221654
6.107061 -0.972878
9.269450 -1.331709
-5.693256 -7.697395
-1.241588 1.954991
-3.763189 -1.321824
2.204400 3.390156
9.917196 5.211496
-9.241324 -9.018041
4.778624 -9.828032
4.293215 8.727641
-0.706144 2.600738
-0.370731 4.716969
-9.141718 -2.777746
8.884358 2.172181
1.653067 3.392298
-3.664517 -8.227131
-7.859521 8.579867
0.477442 9.929207
3.669737 4.120417
-4.386361 -2.199442
1.444436 -5.627443
5.288853 9.546406
-4.582910 -4.345430
7.770757 -5.506297
-4.020119 4.393498
0.205684 2.453470
7.922731 8.797585
-2.214383 -8.808239
-1.304386 -0.137278
9.672895 3.933363
7.064598 6.159374
-6.880001 5.123479
4.147432 0.933830
3.071514 -7.178616
0.039348 -0.604641
-6.565808 -3.950705
7.804018 3.190781
5.851609 -2.483519
7.490489 -9.836910
-3.295079 4.472481
4.170999 2.503324
-9.371947 0.682622
2.576035 -1.586732
-4.317213 5.062655
6.126076 2.646399
-5.353022 0.432993
-4.907347 -2.828732
-9.038610 -1.066095
-0.661221 -9.597599
5.553983 -2.418262
3.254110 -6.306374
-6.058343 -6.963003
7.792416 7.849201
4.782665 6.443859
-7.540877 8.133288
-0.584726 9.222166
3.788125 -8.508517
5.399061 1.911446
4.216026 2.562721
-5.667793 -5.881209
-3.269690 -3.459155
-1.464778 -8.926671
-5.427620 -0.557200
7.787001 5.733192
-6.145512 8.889807
5.970031 -4.148864
-1.603515 -8.834933
9.186945 -9.712608
5.952470 -4.172012
6.743761 2.228294
-4.968398 -5.687826
2.056823 -0.309784
-2.306150 2.681299
-3.245044 2.371436
-1.362680 4.124010
-0.629695 2.420363
-8.052211 -3.116559
-0.534876 -3.374021
3.469540 4.881708
2.196062 -9.669126
3.595577 -2.580296
-0.726716 8.357325
-1.249105 -1.001013
0.449584 -2.110916
-2.063354 -6.485568
7.348812 -3.282218
-5.290232 0.905400
-8.251999 2.324712
-5.730055 -6.924481
-8.000776 6.217252
6.719970 7.612851
-0.964518 -9.059110
5.516487 -0.645415
7.245098 -0.480954
6.062507 7.242308
6.514010 -3.056948
4.645524 -4.905059
-4.761730 4.695151
6.040622 -5.386777
-6.830481 -8.028021
9.310427 5.902983
0.147499 4.519932
5.790184 -3.754868
-2.627591 1.480716
-0.765907 -4.635798
-3.501006 8.516741
6.214378 5.429166
-7.154782 -2.637984
-0.698914 -8.015439
5.761947 -9.067241
-6.818905 -2.163254
-8.351082 -9.826131
-8.048812 -7.955909
-6.302559 7.565343
7.616747 2.998011
6.389059 -8.836846
-4.348457 -3.676756
0.117752 9.036120
-0.497884 -0.714979
9.622620 -6.096443
6.214043 5.802020
-3.155289 3.983635
-5.053252 -3.245917
5.236917 6.130368
-6.290411 8.386240
-4.863134 1.338822
-4.100765 -3.938164
-9.162328 0.262382
-9.689461 5.870637
6.044655 6.075870
7.743226 8.912020
1.214561 9.791404
-9.451125 4.538791
-8.875702 1.202199
6.261442 -0.776873
6.870789 7.517214
-0.795679 2.875869
6.516505 -5.074352
9.986058 8.210528
-6.568709 -6.692018
-7.335310 -4.316456
1.123449 4.401941
-0.480542 -9.391974
5.784558 -3.417746
1.158556 0.381908
-1.013984 0.936536
8.673882 -0.205305
-1.524614 -8.091709
9.324573 3.462832
-2.464935 2.232757
1.204486 -6.070530
-9.095295 1.288950
4.459482 5.958242
2.126909 2.961450
5.923729 -5.910270
-8.305050 -4.607525
-4.302082 8.059532
-9.316220 5.717378
-4.290131 7.322122
9.683418 -4.713087
7.227629 -2.742195
-6.612855 5.603316
3.596510 6.989375
-4.375230 -2.874013
-2.824095 -7.792757
1.504509 -8.747893
0.344419 2.295425
2.254522 -1.546559
-0.917488 9.985499
1.249605 -2.379938
0.478646 9.193004
6.775131 -2.403242
-0.087430 3.509892
-2.531330 -4.908946
-4.341490 8.186680
9.895743 2.031580
-1.535109 5.372956
-5.833354 7.342228
1.292968 -5.908278
-2.998620 3.160381
-2.916048 4.742747
9.078392 -6.724490
-6.579171 7.255511
2.113144 2.448494
-0.950814 9.991342
7.036627 2.513408
-9.565251 6.407430
9.983618 -1.904766
2.935206 8.596975
3.378904 8.212161
-0.573617 5.974810
6.413435 1.813903
4.928429 -9.777121
5.706967 -9.918829
-1.732893 0.350867
7.031695 -6.263658
-5.769115 0.363976
3.606302 -6.282512
-4.682404 -3.027454
8.099691 -3.137686
-0.885150 -1.949146
0.648205 -1.598534
-1.945879 -2.565626
0.876403 -0.496407
-9.548816 4.036476
-2.692225 7.799138
-9.630453 4.999456
6.112523 6.738506
-4.343559 2.533948
-2.205454 0.495625
9.817811 -3.592326
1.362478 -5.395309
-8.537249 6.362829
3.787948 -4.967493
-9.746125 6.904581
6.854079 -8.866098
8.192005 9.931082
-6.297340 -1.210095
2.702724 1.314065
-5.273949 0.031562
2.878512 -0.548622
4.650264 -5.461776
-3.761487 -7.964592
-1.781934 -1.230442
3.743468 6.857907
2.040078 -3.065294
6.515105 -7.992129
2.187708 5.813057
-7.056468 -8.266319
5.611926 7.055545
-7.778876 -5.578237
-1.461108 9.428629
-8.587037 -3.389734
-3.027537 -8.727450
-5.875899 7.917474
-5.958449 4.635521
1.976578 7.948701
-9.411299 5.972585
-2.071041 1.357784
-4.707503 3.575110
-3.806416 8.558746
9.150726 -0.046270
-7.835912 3.597135
-4.166896 9.111991
-6.323511 2.526633
-0.216558 0.119356
-5.953758 4.380850
-9.923288 -3.565727
-6.083542 4.792365
4.128899 3.471127
8.766558 8.601655
-9.932908 -8.114202
-7.001259 5.949900
-2.525853 -4.721325
2.454661 -6.176013
4.333308 -9.701651
1.986012 -8.601664
6.560432 -3.260798
-9.541623 9.543182
7.030317 -8.580259
4.716193 6.139589
4.377199 -9.200976
-1.372835 -9.758267
-9.881920 -9.173067
7.842213 9.400588
-3.215544 6.097568
4.540922 2.961490
-8.508080 -3.570553
8.772141 9.052519
1.195180 8.094650
-9.289280 -4.745274
-1.237187 0.310799
5.191541 7.776719
-8.077851 0.615076
-1.203927 -6.959290
5.865526 -3.882522
-6.418208 9.563808
0.337862 5.771724
-3.533893 -5.734098
2.675354 -7.042745
4.287713 -6.679756
-4.007818 -1.820634
-5.617601 -1.118247
-6.184888 3.252372
-8.327397 -2.070859
-9.306002 -1.166943
2.182667 2.782394
-8.429432 3.659942
9.442251 -8.704548
-9.729639 3.567596
6.940300 -5.115049
6.490098 3.256596
-2.621759 1.883020
-2.277245 1.992895
9.162640 1.712964
-3.910304 -4.184790
-0.847429 -8.141796
3.808298 9.779412
-4.585255 1.930256
2.324968 -1.615083
5.196666 8.660701
8.120330 9.681606
-0.247354 6.446657
6.897156 -0.952444
1.324127 1.022928
-1.214349 8.822005
0.360702 -4.169041
-4.966883 -2.848798
-0.177343 -4.490699
-3.929603 -7.282141
-6.578366 -4.479010
8.043110 -7.140093
8.204447 1.775527
-0.974225 7.524713
-0.673718 0.166597
-0.359370 -9.688251
9.569611 -1.487521
-9.336336 -2.413771
5.121662 -4.455007
-0.465427 0.170737
-9.026375 1.297490
3.845235 -6.939234
6.861613 5.165567
-7.952483 -2.493515
6.005857 -6.292990
9.849388 5.251133
-3.415008 8.807562
-7.971788 -9.078664
2.125661 -7.257816
3.868407 -8.705359
4.746628 8.655607
5.220879 -6.851288
2.659538 8.232122
2.994016 7.563624
-9.770970 1.150203
-6.432654 -6.082397
8.531524 -2.447659
-1.661612 -3.710506
7.643972 2.453255
0.340222 8.469862
1.786278 -8.890732
-5.917545 -6.061826
-6.754720 -0.660558
4.332883 -9.410340
-1.534422 4.200556
0.858194 -3.391942
7.610032 5.639555
-4.850479 -1.860476
-6.379950 6.195382
6.385556 -7.219596
3.557683 3.829832
-1.078790 3.040023
2.830376 -6.354102
-7.899345 -6.273360
-3.378190 -8.144409
-5.416360 -7.040496
2.487765 7.478945
-1.399718 0.610368
-6.108396 0.244779
5.291884 -4.797766
-7.324019 -3.121460
-0.721071 -8.006911
2.269387 2.319504
-1.247746 -6.041666
9.798018 6.719367
-1.333342 4.277919
-8.840407 -6.859686
7.903087 3.678673
-3.991260 -2.633914
7.857014 9.102207
0.278420 1.622852
-9.446380 -8.915254
4.473673 -3.154340
6.592968 -5.144780
-0.595015 -7.388198
5.431511 -2.940324
-6.179257 -4.203323
4.585292 5.733849
-4.459886 -7.747505
-4.778882 -2.047162
-5.364741 8.923793
7.166470 6.807533
-8.305851 4.621252
2.669208 -8.093678
-5.438099 5.371918
-6.305730 -9.713161
1.734607 0.872416
-4.226745 -7.792788
8.649912 8.509263
9.049195 9.564144
-4.250911 -1.973192
-8.852782 -1.937457
-7.315023 -4.004656
-3.550640 -2.463945
-4.602531 -4.317722
-8.993748 7.553772
-0.377138 -6.432893
-9.838299 8.429198
-7.908629 2.514731
-8.175929 -0.104405
-9.298898 -1.745023
-1.236802 -4.840911
-4.336834 7.855644
-6.144874 -6.092129
1.020724 7.691172
9.686480 3.689063
-9.092250 -5.563387
-2.435133 0.398312
-2.222455 -1.349405
0.680276 -9.976703
-7.151788 0.956243
3.756359 -7.945777
-6.034154 -6.678302
-4.856381 2.618604
5.404857 -2.493628
7.641870 7.565850
5.816254 6.861554
3.565997 8.873661
-6.990277 2.358914
-7.186146 0.805763
0.951017 -6.951936
-0.250677 0.830840
8.960139 3.161502
0.235264 4.236926
3.525171 -1.505902
8.188545 9.094221
0.479330 -5.101588
0.928872 2.165485
-1.592911 1.590950
5.392183 -7.888421
-0.746573 9.651977
-9.793590 8.485318
2.043343 6.707150
7.240326 6.474376
5.418607 -7.406639
6.712499 -4.637168
-5.256458 -2.321678
1.666272 1.932149
6.722794 -0.963630
1.137263 -9.422531
-6.963311 -3.356316
7.436109 -4.631424
7.510540 -1.021223
9.929267 -3.538792
0.424502 -7.850148
-9.727431 0.698790
-9.806937 -5.084540
-4.529842 7.436437
8.085637 9.118510
-4.302327 4.697521
-5.229777 9.495228
3.154587 -8.433679
-2.693292 8.807603
-7.203687 9.347865
-1.856816 -6.758248
-7.892152 1.134523
9.822547 -0.580664
6.089079 9.376709
-1.146388 2.967130
-5.687533 3.567865
-0.022170 5.833793
-0.969764 -1.430357
-9.921724 -7.152580
7.044761 -0.353910
3.183124 -2.413938
-9.128515 -3.311050
-6.952701 4.081504
3.988283 -4.073719
-3.403260 8.942162
-6.606044 2.933170
7.901037 -4.177925
-1.647348 -7.750982
-0.372023 9.328616
-9.090086 7.089956
-9.167177 5.915176
9.175588 4.236778
6.703716 9.840828
-7.833324 -3.941653
5.551288 -5.920857
0.025378 8.370699
3.360313 -1.663275
8.951368 -4.951178
-9.858689 -8.843965
-6.688176 2.349165
-4.593920 6.862838
2.239775 1.028818
4.702430 0.801015
0.525276 5.556972
9.775081 3.768580
4.043831 6.015486
-5.543629 -1.849148
7.814346 -2.618289
-9.097986 2.340902
-5.262124 -0.478414
-9.194952 5.953321
-8.131484 5.794914
8.228992 -1.903240
-8.717402 4.100021
-0.906376 8.800153
0.794607 6.092516
1.653075 -0.537428
3.553248 -8.931738
-4.806891 3.126485
-3.885937 2.139104
-0.850700 -7.684781
9.688722 -6.062447
8.888416 5.227732
7.677391 -5.179439
3.598981 -7.224882
3.493011 -2.387461
-1.620480 5.471922
-0.376513 -2.903692
-9.821474 9.620200
-5.089031 5.009320
2.964531 -8.574056
0.812678 2.874740
2.249191 4.963381
1.699190 9.047339
0.043610 0.363951
-0.363609 -8.669778
1.469153 7.982015
9.632179 -3.865818
-0.925607 -7.685777
5.132311 3.467630
9.023684 -2.232897
-5.723666 -6.271981
0.075396 -4.013333
2.410001 -4.284376
-8.397375 -6.585796
3.393923 -5.989042
4.574840 8.520530
-7.131640 -6.337872
4.943290 -6.905029
7.384018 9.482505
2.127114 -3.985859
-2.581243 2.569483
0.856839 7.787021
-5.230786 -0.837088
6.883727 1.615928
7.552791 -0.852177
-4.921758 -3.598537
-0.032269 8.130325
-5.236703 -7.889206
-9.348489 2.315492
-8.704672 8.482171
3.949673 3.716614
-3.387412 6.322205
-4.889392 0.201575
9.811270 -2.281572
-7.037882 -7.412166
7.905273 6.562350
-6.737733 -7.409153
8.993620 -8.212595
-6.365480 -3.184343
-0.135923 7.555494
-2.118176 -8.164463
-8.556368 -0.860432
3.893108 -5.658008
1.950317 6.255149
9.017227 -8.534581
-4.163341 6.016102
4.911723 2.611412
6.437035 -5.958994
-2.673958 5.120972
9.246922 -0.243673
0.848299 4.719612
-5.558556 -8.053836
-8.472803 -1.798589
2.478693 -6.477754
6.355473 7.124729
5.349861 5.090564
2.809692 4.765288
-9.176989 8.896781
1.916256 -6.983765
7.536967 1.522834
1.987468 -0.997710
-1.615437 8.815540
9.316586 -2.635381
2.874896 4.396353
9.166162 -5.155313
1.253667 -9.384094
5.941220 4.110474
5.695762 -9.446445
-4.605008 7.523562
6.338751 -4.078687
5.792748 3.448453
8.873945 6.375042
0.960538 -3.364543
-2.769285 -2.820226
2.461378 -1.741859
-1.852418 -0.282538
-9.860776 4.515392
2.646491 4.090101
2.542582 6.218270
-3.477894 -2.428514
3.779390 2.765304
8.309781 1.727305
-0.950814 -0.989258
9.712497 8.255187
6.252220 -9.444261
6.502684 7.297762
-0.772880 -2.709200
-0.789637 6.605134
0.390485 1.845097
-9.162021 -6.772664
-6.699610 -5.641190
-0.197444 5.707559
-8.836892 6.180349
-4.469292 -8.872372
8.881327 -3.080539
-8.750688 -4.277945
-2.205206 5.711706
6.862294 -5.954583
-5.553595 -2.885990
8.726829 7.134474
5.246053 -9.061236
-8.555203 -3.968972
3.752552 -3.634865
1.153901 3.795231
8.871992 3.103765
9.384544 5.691253
-2.576993 -9.838789
-3.000098 -2.249170
6.437301 -4.448692
-6.158349 -0.186959
-8.137890 2.732550
-6.936219 -1.532111
-5.582120 -5.217695
9.447353 6.579453
8.886506 -4.137686
-2.364161 0.511360
-7.922396 -4.421126
4.222016 -2.285765
-2.792456 -2.581130
-7.312270 -8.227517
0.945517 -5.537462
-8.905567 6.650877
0.106145 -0.001822
-2.690553 4.640449
6.554272 5.880523
1.846791 2.994067
-5.291530 6.965226
0.793511 0.682330
1.254158 -1.672715
5.475493 -9.540959
-9.095429 -8.103690
-7.424427 -7.539649
8.152795 -7.556368
-5.301026 1.038661
8.077829 -9.445760
-2.804174 -2.759881
4.709374 -7.532987
-4.037922 -8.440074
1.721914 -2.711263
-1.162105 9.669983
-8.939582 9.023437
6.643917 1.800746
-4.079657 -9.910452
5.780418 2.924080
-2.005120 -3.507161
-5.529365 -9.093510
7.874055 0.898487
8.004198 -0.621535
2.134020 -2.151826
-5.946856 -3.950803
-2.382921 -0.843592
-2.551828 5.758843
-2.098770 7.334848
-7.249861 -1.278619
-1.647967 9.833026
3.479523 7.355240
0.822831 2.326247
-6.627854 -3.971303
-0.934258 4.035844
0.853090 -0.951897
8.242770 -7.121503
-0.192794 -3.432682
-2.023943 -6.401810
-9.173700 1.285334
-4.977228 -2.030587
1.511615 -6.694514
-3.722688 0.599176
9.470440 1.401860
-9.412716 4.082406
0.701437 -3.952226
-4.653193 -0.965261
3.637529 0.065110
8.369443 -6.349737
-3.125892 8.693942
-0.766414 8.810217
0.902384 8.763249
7.136511 -4.272877
1.700786 -3.340200
8.766252 -9.861917
-2.653348 4.358272
5.204553 2.540828
-7.062906 -7.445296
4.201204 -5.277230
1.443391 5.077133
7.567933 2.580107
4.043086 8.687801
-7.023954 5.213569
2.932132 -6.342968
-0.260614 -4.803697
8.588694 1.890798
5.777757 1.349871
7.443491 -8.140116
1.667046 8.406089
-2.050850 -7.348695
5.389632 3.896544
3.141208 9.727290
5.521584 5.639700
3.525383 -9.565314
1.898628 9.335157
-5.198845 -1.621255
-4.638774 -0.364479
-6.336050 -1.181246
7.252354 -9.693724
5.160703 -5.164702
-2.037895 -9.641947
5.679188 -6.425549
-6.235922 8.466926
4.331511 1.733754
3.066823 5.961630
-8.788693 -2.001784
0.058571 -4.188653
-8.215716 -4.970160
-5.531817 -3.159983
1.161604 4.769762
-1.889878 -2.411093
9.654235 9.101429
-2.557206 -4.177402
5.072654 -7.878422
-8.973056 5.337971
-9.405507 -2.925914
6.060823 2.573996
-2.196288 1.626094
3.723617 -6.011659
8.120244 8.363056
-4.395981 -7.880971
-5.252657 1.638480
4.918400 -1.547828
-6.022486 -0.900353
1.899990 2.034379
9.093527 1.582050
2.292383 4.724909
3.356561 -6.116762
5.258558 -9.689935
4.637959 -0.403623
-4.300835 5.872204
-9.069675 -3.824057
-3.355776 -7.126485
7.880502 -4.261303
3.421297 4.798196
7.185017 -1.141009
1.745976 -0.695873
3.396799 -4.530217
0.973070 9.387635
1.796712 -9.459341
2.577758 8.669544
-4.523548 8.299742
8.858734 -9.047359
-9.035568 4.643176
0.824120 3.505479
1.664870 9.046277
9.846528 -7.907653
8.978678 -2.411259
-6.269051 4.533400
0.819951 7.245583
-6.817890 -5.967313
6.214773 0.423719
-6.288257 1.877522
8.396202 -6.612380
-7.963743 2.254425
-4.292860 -5.217038
2.592309 5.568977
-7.666756 -8.152430
1.326224 -9.896746
-1.253867 -1.130218
1.875417 4.105759
-0.762374 -2.149978
0.042890 -3.780377
-3.383713 6.674773
6.546919 2.086954
1.070767 1.019561
5.142255 -4.613525
-8.167366 4.340827
3.953366 -6.402447
-6.338786 -0.163272
-5.239436 5.970273
-8.272434 5.358739
9.027068 0.126086
4.820290 8.864174
5.198873 -8.627715
-1.831667 8.327866
-6.331200 7.264200
7.364285 8.735769
8.374770 -9.721630
2.791675 -4.653022
0.302782 6.449204
-5.375788 2.498130
7.057695 -6.999766
8.609924 -6.759174
5.983125 7.103913
-7.059635 9.456253
-0.293222 3.530616
-6.647416 6.008678
8.772487 -4.309563
0.870506 8.603889
-3.284046 4.809906
-6.930441 9.212415
8.000367 -4.234111
1.504403 3.365790
-6.459717 -7.521007
3.529974 -0.784573
7.444554 -4.894733
-7.790238 -8.000223
-6.333386 2.079022
4.243014 -2.248851
6.792687 3.769560
-6.403122 -1.273251
2.491061 -2.167344
-5.509154 3.911041
5.537631 -6.139061
4.212025 8.253389
2.331960 4.952314
1.992307 -0.743980
3.012032 -5.936132
-3.712342 -3.864714
-5.723373 -7.335524
-5.559932 0.892944
-6.900028 -4.839563
3.515132 4.565034
-6.832653 1.326414
5.427005 4.096674
-9.409194 6.449967
-8.860008 2.851090
-6.311798 -0.113547
-0.634121 8.351647
9.444373 -5.241271
-2.616150 2.426517
1.795548 -8.137968
4.521445 4.306342
-7.091434 4.895930
4.576611 4.912730
-9.027954 -7.369031
-5.980462 -7.958782
5.078684 -9.155676
9.656325 -6.296296
2.803712 5.846302
8.101548 -8.356516
8.558169 3.487838
2.615981 6.439574
-6.665039 3.444134
-0.533069 6.508774
4.618129 -3.976019
-8.280343 6.414686
-4.017918 -4.280308
3.257952 -5.089482
-6.563232 -7.515764
-9.813019 -8.774714
-9.212067 2.965022
1.022408 3.905372
6.527291 -5.837413
-9.533016 5.298559
-4.821383 4.174248
-1.265369 0.576693
7.414349 -3.008763
-3.043177 -6.748835
-3.729327 4.063886
9.442042 -2.908391
9.097477 -1.685056
-6.259824 -2.204489
-7.472785 -6.974401
-5.892629 1.682092
5.652152 -5.214343
-5.345218 8.053595
-4.089893 -4.354495
3.583619 -3.227314
5.137888 -0.693293
3.438737 -1.232388
7.151135 8.593376
4.390248 2.338250
-0.720533 2.673397
-5.860606 2.404411
-1.762362 -4.670101
9.773760 8.582974
7.958126 -8.130008
-7.240535 8.625660
5.002108 4.583045
-4.814701 -4.579896
-6.752533 -1.301571
-0.452697 4.533174
-1.647516 -0.871543
9.244438 -5.509668
3.733155 7.121987
-7.940534 -7.959916
3.951843 -5.921756
-4.994008 -6.113480
3.807299 -2.965373
5.695637 8.943155
-4.103858 -7.938022
9.832877 9.486263
8.822393 6.789703
7.773702 -0.685209
-3.390253 -9.173285
-4.712689 8.886549
-6.781159 -2.417928
4.780538 -8.768928
9.726808 -4.438552
5.584843 -0.128849
-0.678489 -2.053497
-4.768555 5.252195
-4.606643 -3.479424
-7.430614 -8.521986
-3.839665 -7.184028
6.804118 -8.528876
-3.763246 -6.944983
-2.328579 5.927676
3.610371 -5.775986
-8.526819 -3.626548
-2.794847 -1.392232
-9.819252 -8.060228
5.119568 3.524617
-9.809546 -6.442776
1.020011 -1.382955
7.138474 -9.279527
-0.994434 -5.960874
-9.483397 -0.344347
8.984084 -3.123786
5.161730 8.455284
-8.419760 -3.343599
-2.267381 -9.100403
-7.806569 0.075048
-9.375873 8.032784
9.062604 1.097239
4.609795 -6.902103
-4.767901 5.038983
8.116778 5.674894
4.340695 7.176207
8.332338 -1.984040
3.432669 9.501296
4.690437 -6.841795
7.926753 -8.072631
1.138906 0.595833
1.951548 8.334100
6.097300 0.852933
8.918644 -1.314750
-4.578118 -6.320027
4.052513 1.769359
-7.901950 5.779871
0.056170 6.281839
8.857990 5.925038
5.647405 4.863991
-2.201028 9.935400
-6.200658 -8.219330
1.976560 -8.246051
-4.933109 -0.996346
-6.046080 4.739318
4.722158 -3.680109
5.504464 3.506016
1.095671 -7.380238
-2.433083 8.015239
-6.547626 5.553307
2.971741 -6.491206
-8.321386 7.489091
-1.162899 0.813899
3.155289 -6.677520
3.830679 8.620607
5.937070 7.049273
9.271952 -6.307460
-7.214393 3.517289
-6.709349 -4.296285
-6.317259 -6.764254
-8.828322 -3.038704
-4.423585 -9.342024
-7.114197 -2.505454
-3.243327 8.402038
-8.284528 -9.455899
-0.421907 7.628693
-2.269420 -6.789080
7.711908 9.869864
4.598974 8.791352
-5.432878 -0.055094
8.798771 -0.305169
7.638368 4.547706
-4.147269 -3.280940
4.488799 9.791175
-2.204087 -8.022620
-2.135458 7.902020
2.482746 3.054959
6.416106 -0.247900
3.348559 6.771252
9.131722 9.252613
0.289151 4.446108
4.756116 -2.679872
6.530957 8.927112
3.116901 2.371683
-2.739664 -4.255454
-4.547260 3.261704
-4.000988 -8.037979
3.292990 9.233978
3.472375 -1.959492
-3.103118 7.434177
-7.204462 -7.964394
-4.956483 -2.569739
-3.021351 -5.487298
-3.610435 1.535325
6.007474 -9.734099
9.230490 3.699239
7.542316 -9.889639
9.521459 -2.914740
-8.355159 3.270172
8.971967 -2.059909
-0.596130 -7.574616
-7.120521 9.730156
8.156341 1.495532
8.641299 -7.420321
8.399445 4.815535
-0.516010 -8.836815
8.524103 3.869234
8.244642 -1.094217
9.174129 9.633720
2.778318 8.530760
3.279463 -4.186265
4.833663 5.168492
-2.960556 3.397337
-7.399743 4.342951
-2.396031 4.682998
6.543252 -5.522493
-3.222167 -7.730319
-8.225663 -0.646790
4.147301 -0.123730
1.359105 0.150444
-3.272824 -0.273037
-3.654499 -0.703735
-0.468125 1.188571
9.917835 -8.439041
7.257344 9.086024
-1.588022 4.450927
1.687271 -7.160293
-3.079081 -7.972651
-5.891568 7.526144
7.269304 -4.110684
-5.351763 6.020287
7.180786 -5.513093
1.326335 7.407992
6.748948 -6.787502
5.979398 8.722754
-6.856853 -4.366825
-8.157610 9.797412
-5.932111 5.302075
-6.783556 -2.701245
0.870498 1.593034
-5.049589 4.753666
2.932132 -0.215289
8.139483 0.112490
-3.860942 -8.127994
8.256774 0.682311
-1.727887 0.789589
3.018250 -2.540149
-8.467762 -9.530495
4.548627 -9.350791
8.942097 -6.889568
-2.630176 6.328198
-1.726890 -6.759547
-4.334782 6.756042
6.949768 -9.693193
2.602945 -2.300636
-7.721510 0.832829
2.525897 2.795461
4.833691 -3.665953
-9.093313 -2.109534
-7.785823 -5.251550
-7.944244 -1.463653
7.506482 0.015078
-9.114583 -8.827623
9.049997 7.781225
6.660794 -2.333879
-5.106737 4.374439
-8.092940 7.359650
-3.717017 -5.567322
7.070268 0.165752
4.054034 -1.873060
7.777936 9.811097
9.295400 9.478965
4.065287 3.040674
-5.970112 -9.537219
-1.457572 1.100636
2.506377 -9.645248
8.078214 9.361873
-7.522116 6.998612
6.495039 -1.545785
1.943336 8.294888
-1.034808 -8.065526
-1.093137 3.414557
3.325240 -2.310918
4.652180 -3.672413
2.197915 8.136026
-8.973228 -3.491703
-1.490954 -1.747886
-0.630315 -9.203325
-7.741819 9.857133
2.638713 -8.995251
-6.865904 5.580116
-0.023955 3.121180
6.113798 -1.523419
1.310845 4.873803
-2.949849 9.027739
2.629614 -8.387925
-0.644365 -3.708338
-6.369142 -8.443131
1.036672 -4.822884
-5.803948 9.871325
6.754116 0.224187
3.361946 4.542446
4.601775 -4.926839
6.151666 -0.523595
5.684481 -5.201653
9.588107 3.819535
-3.955704 -9.989629
0.841257 0.578692
-9.809096 -8.311875
-6.328532 -5.265076
-8.606196 8.321250
6.440287 -2.211881
2.859037 4.779470
6.351794 -5.003748
9.992505 8.387873
-1.549129 -6.962845
-7.334032 -6.586171
-2.139883 3.058046
0.160793 -4.681743
-8.630428 3.794688
-0.636084 -0.507415
-6.448797 1.068033
-9.901425 6.196863
7.192074 -2.048851
-5.121252 0.231723
-9.776942 -6.572935
-0.248706 -0.084009
-7.513205 0.118181
0.826657 -4.071516
-3.379109 -0.427549
-3.008364 4.044553
-9.924833 7.228308
6.151222 6.237992
2.390343 6.355534
-9.656361 -8.325881
1.358143 6.417128
-2.635219 -1.233450
0.404758 -9.629020
-3.133934 -5.834681
2.400093 -5.082673
6.932303 9.060800
4.335082 8.534179
-0.215825 6.304093
9.930154 3.081113
1.294772 -5.675198
-0.271979 -6.410533
-2.014709 -3.933987
1.239267 -0.836497
-5.094066 -0.017635
0.318635 3.434620
-8.911957 1.673482
4.869295 -2.670520
-5.102787 -5.283613
7.058820 9.930826
-2.114535 8.619161
4.451894 -2.056592
9.004328 -4.828022
0.823303 -6.372527
-3.376644 -3.284262
-1.353677 -6.830978
9.196184 6.946438
-3.647224 1.592089
-4.360782 -3.634712
9.599511 2.143063
8.966329 5.448358
-8.260140 5.583090
2.017278 -5.053593
-7.769111 -4.850986
0.049525 -5.254587
4.821493 -8.830623
5.222391 0.843905
-5.693220 9.621866
2.987048 1.709405
2.598763 4.631595
7.873420 7.507977
1.774442 -8.895133
3.450926 4.828255
-7.589130 -9.244949
3.724621 7.356705
5.062263 -8.290567
2.223586 6.097726
0.057370 -1.977047
-9.283685 2.634221
0.359473 -2.929020
2.759594 -0.589047
7.825564 4.110836
-7.356879 -4.235420
-4.493934 -7.379605
3.917083 -8.650862
9.472679 4.759924
-6.098998 7.052597
2.809000 -6.590185
5.429254 -4.333440
-0.880710 5.482356
-9.048687 -2.462296
6.531722 -2.501713
8.186459 8.494700
-2.889132 2.986267
2.302055 -2.741839
-4.969386 -6.711132
-3.153541 -6.114869
3.760184 -8.031728
2.523694 9.849690
-0.708110 9.891040
-6.986369 6.315682
7.390779 -7.342551
-2.422898 2.896810
1.985570 -2.601949
-4.303257 5.504924
3.205587 -6.970200
-6.289494 5.256732
-6.171046 3.505155
-8.579436 -4.397809
5.591601 -5.849999
-8.574970 6.599613
-5.383999 -2.280940
4.794054 8.154857
0.670839 -9.525042
2.152458 -2.029418
6.224816 -9.744053
4.125397 -6.577705
-6.772936 4.275420
3.699571 6.060968
-2.160820 -7.455908
-2.897929 -6.726460
1.710579 7.445317
4.579922 -8.843175
-7.216560 -4.837274
-0.211004 3.755839
2.816524 -7.757711
5.050323 3.509486
7.496227 -7.786619
-7.531145 9.051100
9.847169 4.694467
6.968280 1.820331
1.733586 5.282193
-1.090455 -2.513962
-5.600075 0.131853
-6.449491 8.612224
9.522352 1.610435
9.200412 -2.257311
-9.489052 -7.707883
-1.665517 -6.629339
-0.374505 -4.519096
-6.614481 -3.180241
-3.543275 -1.940385
-7.968537 7.133237
0.834645 1.962220
-3.180287 -8.947787
6.120343 -1.758869
9.225856 -1.594702
0.472570 6.492377
-1.970095 7.753235
6.099708 6.139339
-6.095176 -6.275013
0.034281 9.107727
4.143892 -6.638067
5.290734 4.436336
7.332699 -5.448514
-1.776686 2.630719
2.823078 -0.467751
-5.923393 -6.562884
3.228527 1.267109
4.083788 5.835612
-1.913995 -2.781726
9.207085 2.621160
9.532701 -5.052866
6.024632 -5.035917
6.822949 -6.906619
9.388361 2.376491
-1.088582 9.419688
8.769862 0.808645
-3.176574 -4.532789
-6.342007 -4.831479
-0.456724 -7.524715
-2.772151 -4.533062
-8.378990 -0.881114
7.813883 6.509135
-1.121833 1.047371
-7.353460 -5.467794
0.621103 -7.001019
-3.874869 7.645307
-5.744143 6.510248
3.558922 9.994556
-3.023706 -6.066888
5.275603 0.469155
6.054121 -3.623312
9.469016 -1.328914
4.725322 -6.570873
-8.346927 8.966928
7.197855 4.169747
4.152338 6.026993
3.830987 -4.396408
1.120970 5.981678
-8.553419 8.515219
-8.113329 6.480400
-8.999214 -1.766444
-2.282622 -1.084905
6.635499 -6.878309
5.186714 4.548583
-2.989552 -3.506703
-7.186420 -7.888003
-5.157140 -0.735135
5.543599 -9.027351
-2.047632 1.550401
5.317390 -4.923887
-3.931962 9.123732
8.006590 2.244983
6.558494 -3.697968
5.916410 -2.473154
-2.672606 3.229707
-8.579547 6.964397
-5.007605 0.034383
-2.869385 4.828715
-2.119771 -1.964949
2.432733 6.045825
3.023080 -0.473891
-8.258475 2.272737
-1.387132 2.042021
-2.034408 -9.861754
4.134111 -4.773250
-7.334514 -8.152213
5.849619 0.238183
6.342521 -7.173793
0.221486 8.401164
-0.986802 -8.921949
3.105545 9.766124
-6.779011 2.464763
-5.299335 -8.465536
8.187275 0.704822
8.580362 -0.639663
-5.350440 -2.965418
-4.610053 -1.822004
3.334523 1.983216
5.657804 6.635496
9.639066 1.291863
7.769702 9.480310
8.011673 -6.173802
1.817249 -9.036525
6.521034 -5.318848
-9.460748 2.636998
-6.257115 6.409758
-1.055193 2.709316
4.205097 3.249560
3.954704 -6.408547
6.067447 5.981677
6.672695 2.533008
5.333068 4.033928
-7.789265 2.193810
5.429545 1.549710
-8.309231 6.721042
2.209322 6.222184
4.905541 0.580623
-8.926220 -2.516002
-8.449779 6.110664
-1.408748 -4.366881
-6.473601 -9.254433
6.789908 4.051152
7.477881 -7.017744
-0.540340 -7.389263
-8.538713 3.889513
-5.918691 2.429274
-4.862914 -8.331951
-5.308981 -9.292598
-7.458743 7.020786
-7.583889 -0.635547
-6.152150 -4.711995
2.362035 5.294813
4.959779 4.794171
-4.648496 -8.325314
-7.205060 4.060793
-3.364414 -5.828562
-5.394822 -6.120533
0.157489 -7.293232
6.918190 3.281730
-4.717322 6.575149
7.559998 2.626224
-1.337046 -8.456066
-3.627893 -4.343963
-7.975558 -2.965227
-4.607435 2.306925
1.429485 4.588720
8.560208 -6.240176
-0.023471 8.523874
-3.243958 3.148885
9.459859 0.615499
1.756402 -7.919111
-7.127333 -1.642659
4.490386 9.601338
5.524504 3.102631
-0.597708 6.536095
3.413411 -3.409378
-0.854391 9.078940
5.150136 5.178282
-5.053882 -4.888601
5.221021 -0.667405
4.472147 -5.536560
5.358559 -7.105520
-2.893012 -0.417912
2.981939 -4.105795
3.434673 -1.257072
7.657018 9.739703
0.665060 8.004262
1.735867 -2.395949
4.242307 -8.142676
-8.773375 -7.512473
4.733802 -0.162280
-5.092482 4.140533
8.611988 -3.358362
8.310639 8.255270
2.265947 -2.394205
-7.724785 4.358626
5.621541 3.854481
1.738112 9.835100
-6.125838 -2.244892
-2.686677 -9.764426
6.585125 -1.787267
-0.840583 -3.208863
-4.924355 7.870449
-3.854768 7.821161
-0.097974 -2.854090
-1.588152 7.704250
1.035478 8.709826
-2.706081 -0.837414
-3.864928 -6.681925
-6.890428 6.021569
7.608460 5.062195
-1.012024 0.856622
6.341470 -7.903449
-0.452814 -8.565822
0.351484 -7.037709
1.746099 -7.435655
-2.854652 4.094301
-7.251143 -3.791627
6.301454 6.994351
-0.850352 -0.893756
-6.757876 9.310693
9.680627 -7.512827
-7.931530 -9.069566
-1.841644 -9.153609
-8.626226 -7.863437
5.100785 -6.163660
5.408362 -7.482561
-1.796263 -2.609147
7.686525 1.068484
4.127179 4.886461
-3.126828 -8.633357
-9.877927 9.973095
-0.279608 -6.010369
-0.913865 0.733640
-8.379866 4.900984
1.079976 -7.627325
-2.945979 -4.298402
-8.782880 -3.636645
2.205799 9.487853
3.042272 -2.455540
-9.794999 -3.618970
6.027475 -9.307516
7.496602 5.231137
4.857381 2.373417
6.842087 -9.618287
-2.983781 9.980947
-6.398329 -1.948908
-5.468684 -8.146585
-7.955749 9.515872
2.768204 -2.814833
-6.175170 -2.770481
6.122465 -4.999287
-4.770968 -6.300465
3.856748 9.215315
4.185866 -6.983539
1.147861 4.971476
7.882577 -9.899951
-2.235052 -2.535405
0.690114 -7.697957
-6.061225 9.643153
6.875426 5.666501
-5.645474 -0.021003
-5.762250 5.074914
-1.909062 -4.005083
3.914400 -4.446703
0.128317 2.738072
-9.970044 5.520780
-1.401685 8.695066
-9.315181 8.519730
-4.611641 5.552655
7.094043 3.320089
-1.447447 -2.884957
5.923265 -7.050795
8.522179 -8.578870
7.364219 6.975236
4.540110 6.935648
-5.649270 -6.364050
-8.433644 6.939311
-0.245404 7.338976
-3.979042 0.026848
-4.296569 1.104830
-0.019328 -7.727243
5.024796 -9.142265
-5.516782 8.080495
-5.899351 5.573596
-1.977120 9.649950
3.158817 -3.858732
-3.937651 -5.541199
5.147918 -0.546422
-4.437171 0.677165
2.871393 -4.570304
4.863027 4.578640
-8.536953 0.646843
8.910358 9.381898
7.917417 -4.108715
-6.373650 7.744476
6.043038 9.582580
4.744838 2.051335
-0.521456 4.313017
-7.569331 -6.930254
6.212544 -9.514015
6.090927 4.434849
-6.006612 -8.660615
7.571931 6.780818
5.300137 -2.645121
4.832431 7.452671
-9.624935 8.375006
6.592235 -7.227463
4.275372 2.137262
-3.245771 -9.623523
2.192126 -7.844882
-6.555946 5.185988
-7.654157 0.708661
3.910296 9.459225
-3.032709 6.334524
-2.706885 5.179259
-8.296099 -5.617237
-3.919943 9.855180
-7.542721 -9.319167
-3.307730 -4.955014
-8.147959 5.748241
-1.563632 6.293822
6.319882 2.013971
-5.443548 9.844668
-3.509168 -7.897617
-2.893688 -4.382402
-8.194723 8.870375
-0.980328 3.982420
-0.987733 0.807208
7.874313 -9.124503
3.609470 -6.332305
3.870401 -3.971915
-9.505339 -7.910627
2.037247 6.183831
1.287077 -9.064893
8.191767 6.346175
-2.411867 -9.787816
1.388375 -0.568431
-4.178866 -9.613999
-9.098174 -3.938049
-5.301586 -9.149986
7.276645 -8.376010
1.723835 3.617100
-2.947704 -5.181991
-0.291809 -7.004621
9.384657 -9.298685
-2.561728 -8.289714
9.582711 0.972635
6.831124 -3.326228
3.710555 -0.519608
2.538313 3.871511
-4.664953 2.306921
7.983947 9.031475
-3.020444 2.642895
-1.020278 -8.750320
8.046667 -5.883003
-3.542781 1.950341
1.093160 -2.154054
5.031809 -5.345894
-8.155375 6.502184
6.788179 -5.510548
-0.609128 -1.653228
-9.122234 -1.958584
-1.647010 -0.627534
-2.524048 -0.418298
-4.921617 9.266778
-8.895191 -4.134319
2.841360 -4.902561
-5.105467 0.369253
7.064223 0.937790
-0.463322 -0.363171
9.985126 -2.261799
9.179258 -6.152970
-3.684584 8.493206
-4.362560 3.010339
0.045476 5.146294
7.610906 1.039403
1.214239 -4.618705
5.008801 2.792911
3.506197 -6.867197
4.486685 -1.694336
2.781804 6.366168
3.225367 4.422911
-5.323780 -5.472681
1.914120 -1.496063
-7.723030 1.227553
-4.752379 2.149091
3.765016 -2.709818
1.288566 -4.261424
1.558306 5.824375
2.137024 -0.373329
0.393007 8.622108
8.373562 5.446489
-7.904358 3.373697
-9.218905 5.853163
4.120883 1.334046
-6.958716 6.817114
6.485546 7.598777
1.673461 5.678534
-6.202591 7.982512
2.312400 -0.836155
-3.698338 9.191622
-8.839318 -4.519077
8.595351 -1.959104
-4.072558 0.499356
-2.847943 0.299283
-4.869482 0.788662
4.694501 -7.311253
-2.799314 8.817862
-5.330319 -6.887342
6.922062 5.935835
0.506489 -8.596024
4.550369 5.798290
8.414798 -4.121982
2.277304 9.169170
6.841909 -0.493024
-3.897560 -2.435813
-3.706093 -8.093533
-7.829461 2.117133
-0.991907 -4.882386
8.853772 -9.377592
6.136046 -7.331713
-7.355981 7.532961
-6.098384 -5.430669
-7.572579 -6.335161
1.090940 -9.394042
0.437166 2.896946
-4.665611 2.731516
-2.766685 -1.764558
9.996742 -1.476134
-3.838048 4.915929
4.552278 0.535675
-8.302800 8.605241
6.740414 2.839973
-7.183015 7.590174
9.630364 4.023638
1.328214 -8.095257
-1.924462 0.800433
1.640952 -4.137120
4.873155 -3.632215
2.061121 0.468494
-3.264048 -2.555041
-0.239946 4.155059
7.867418 -1.929114
6.051562 6.318432
-5.724685 -1.976108
-8.670170 -7.832877
2.955731 -9.429226
-9.044323 -4.470881
1.548870 5.089377
4.720810 4.137524
-6.139548 8.443396
1.935098 -5.477487
8.003724 -5.376059
-6.351153 -5.479011
-8.262782 -0.645656
-7.581340 3.132394
6.045159 -9.156936
-2.935671 6.027610
-1.809275 -3.539146
-3.279803 7.189538
7.583834 8.310477
-6.190133 -5.808185
-6.523790 7.992796
4.107517 1.148191
-4.837545 -7.988974
-3.219108 3.907154
-7.116737 7.932710
-7.385339 9.632301
-4.025435 8.210177
-3.597962 7.409834
-6.535110 3.672903
0.614325 -8.888612
-7.672216 -7.600664
-8.838741 7.476737
3.640355 7.961957
3.791254 -5.184535
-7.647881 -6.295348
-4.393749 -2.964238
-2.282084 0.113390
-0.979936 8.337714
-3.539354 7.228791
-2.779340 2.715229
-0.502463 -1.017267
-0.389549 0.726438
5.771646 0.228655
5.116507 -9.291609
-6.884329 -6.847145
-8.824920 6.007501
-8.402312 -0.018452
-9.110229 4.444968
6.743334 0.719071
-3.726577 4.913086
-0.270865 6.531641
7.949825 6.426299
-2.983925 9.308478
0.603031 -0.143762
-1.834932 7.364465
5.435664 -4.375633
-9.057633 4.086924
-9.572201 -9.286267
3.879709 -0.187195
4.972568 8.841917
1.789990 9.923139
-1.919898 4.168343
8.691667 -3.892503
0.632370 -1.319054
5.617268 5.226721
-5.587963 -1.687336
-4.153605 -1.772679
2.944836 7.501680
-6.817940 -2.550314
-5.942808 3.378455
7.398153 -7.479754
-8.647175 -4.682642
6.688092 -6.036792
-9.744689 -2.060350
6.936677 -4.262159
-3.188357 9.351278
-2.398102 1.340429
0.370769 3.480350
2.495300 -6.901422
2.141405 2.855227
2.295230 8.374117
-3.821319 -6.781658
-4.061063 8.308900
9.883258 -8.899506
-9.223963 6.934636
-3.269439 2.539937
4.999373 -6.051533
-6.028492 -2.995056
3.880202 -2.718926
-8.353242 -5.795525
5.857751 8.197769
5.016669 6.613020
-4.330144 -8.418260
8.810073 -7.392864
6.568235 -5.896390
-9.301174 8.764760
0.701035 -5.256749
-3.935310 -4.931942
-3.717746 0.867558
-1.424563 -0.777312
-5.182122 -7.878020
3.357400 3.927913
0.038341 3.369819
6.573590 5.081571
7.740003 2.487533
1.635599 3.905510
-2.502329 0.886974
-0.019906 -1.339938
3.973366 7.805066
6.492864 -5.388918
-0.587401 4.385411
9.699848 5.277574
9.641199 -8.388846
9.358942 -0.898915
-2.798214 -2.131320
9.128882 7.914013
-9.099208 -8.858961
6.385794 0.422023
9.064616 8.033567
-2.628040 8.681827
-5.856119 4.931767
-6.239388 -0.929546
-9.824654 -4.872721
-6.566669 -1.441137
-5.845556 2.347293
-1.398059 -8.847943
7.288517 3.241818
1.830966 -6.748321
1.274212 -8.312386
-6.243936 8.135008
-3.241813 1.736233
2.444589 2.943636
-9.339524 3.005130
-9.252632 -2.341907
-6.558083 8.158301
6.535151 -9.287264
-7.809516 -1.238039
7.544912 4.281510
1.690910 -5.368772
-6.061261 6.287478
5.410291 -2.307298
1.725818 -7.656162
8.429398 7.180354
8.946210 5.098824
-0.894769 -2.880340
-0.232650 9.547292
9.692795 6.888513
3.322900 -2.213239
9.893935 -0.597227
-0.104355 8.537254
-1.954130 -2.927337
4.162956 9.548689
2.980425 3.171922
9.713126 -9.562876
-4.299476 -3.891559
1.541172 -1.835418
-8.383241 2.722676
9.364088 0.518730
-0.127525 1.722053
1.501083 -3.999020
-6.848361 -0.486218
-3.969952 0.342794
7.909911 -3.392818
-0.623403 2.539866
-1.248533 -1.782030
4.444785 0.661698
9.338661 4.400509
-6.209088 3.636199
1.991505 -0.524845
2.220722 5.565098
-4.073446 -0.062894
-4.864978 7.908688
7.047178 4.174821
-2.739231 -0.880833
1.258404 5.501577
-4.870397 5.685512
-4.249104 5.406429
9.926774 6.904260
-9.647090 0.866599
9.835173 -8.264877
9.672823 -1.482113
-1.980300 4.088779
-7.769595 1.159360
5.769032 8.650756
4.849073 6.889280
-8.506338 9.475344
7.000681 -2.588780
4.673989 -0.009407
0.354605 -4.845176
-0.590962 -4.875908
3.916822 4.360540
-1.917714 -3.804985
-7.936860 4.905592
-7.845639 3.915176
-9.899424 -5.531632
-0.408005 6.416368
-9.906817 0.560372
0.092162 -3.530850
4.737327 2.574370
5.800965 9.786844
-4.472448 -0.113626
5.704637 9.947666
1.681209 -5.678215
8.979899 2.347800
8.594112 -3.858075
-3.058788 9.910900
8.276588 4.696864
-5.854363 9.415841
0.450723 6.440951
-9.009786 9.180802
7.499349 2.856544
0.061893 7.068991
6.914815 -2.854960
1.464237 6.991272
-2.392852 5.322611
2.019935 5.956300
-4.108626 0.680938
-5.070418 -4.441835
7.536742 5.386485
-5.032229 -2.793132
-4.745762 5.969949
-8.138732 -9.522405
8.005344 6.516098
8.980362 -9.344208
-9.337357 -3.990014
6.270130 2.491628
-9.220408 4.597296
-5.148136 3.866038
3.605852 -1.541884
-6.137295 -6.728615
-4.049649 5.151583
7.801272 7.315427
5.690192 1.778194
6.523526 7.206793
9.850455 -4.468892
-6.963198 9.202682
6.900234 -6.325040
-7.492896 -8.021773
1.133467 -6.027158
-9.386152 -7.264260
6.694842 4.806765
2.346975 5.815747
4.997226 2.210557
4.461830 -1.971298
7.771786 -2.744360
9.189993 4.479134
1.221812 2.893110
-9.688189 -2.398009
6.060080 7.082856
7.414831 -6.246174
1.839206 5.654230
2.344056 0.892961
3.434490 -7.421581
0.355276 7.402082
-1.258882 -0.754914
2.317105 4.850835
-4.215105 -0.720059
-1.283527 0.029579
8.516464 0.881109
6.274760 3.106959
-4.618666 -1.121588
-8.769622 -9.756650
-3.322996 -5.174392
-3.654327 -4.094340
1.579000 -3.847447
4.843054 1.997719
-1.708115 -7.592277
-6.432926 1.364393
3.102825 -9.437290
6.407651 8.186765
1.970637 2.099972
-8.110330 -3.369930
-8.363761 8.129856
4.624148 5.975740
-0.704298 -8.083607
-1.884563 -7.389012
-6.138699 -6.213542
-6.502212 -9.019202
7.474808 0.908404
6.293097 8.231605
2.429474 0.370207
0.424848 3.905706
-8.556980 4.818193
7.080013 -1.625195
6.636142 -3.636193
-2.397978 8.792279
4.303755 -1.030694
0.017703 8.118949
5.424656 -7.160505
7.152240 7.726461
3.813269 -2.179021
4.698856 5.163869
4.639681 7.386841
-4.735258 -1.948025
4.766809 7.817154
4.569314 9.856351
1.679309 -6.130973
-6.878337 3.655839
4.460771 -7.525582
7.532109 -4.643460
0.619485 -2.969558
-5.893984 -9.804643
-6.148821 9.203650
-1.507759 -3.400380
-9.238504 -9.363471
5.455004 4.967545
-2.084232 5.681463
2.045130 -6.362524
4.516805 -7.770722
-5.827859 6.588485
-1.391152 0.211123
-3.882216 -4.957700
4.683777 5.366946
-9.709569 2.483217
-6.282272 -7.985005
2.696792 7.483723
-9.552899 6.522285
6.116297 -2.752876
-9.499228 5.612358
2.435677 7.996699
0.830755 7.356690
2.351769 -8.486718
0.854676 9.251683
4.895544 -8.630660
7.408862 -3.172776
7.910069 1.066307
5.364103 8.233494
7.768315 -0.468964
8.812904 0.551396
4.155109 1.770126
8.617983 -8.420844
8.664848 -7.591332
7.894214 -1.077641
8.822498 9.887819
-7.918744 7.564274
-7.833384 2.457148
-1.191643 -3.937425
8.395718 -9.238738
5.712269 1.556453
1.256611 -7.949168
-9.314697 -5.995472
4.602592 -9.788236
8.756476 -3.814903
-6.582529 -0.992386
-9.744973 6.780541
7.933501 -0.815685
4.496614 4.025861
-4.393946 -9.717856
5.169308 1.515778
-6.539846 -0.549621
3.982295 -0.395816
3.292961 -8.357493
-5.346267 7.392552
0.698349 -4.304365
-3.711722 -2.405615
-3.911080 -3.516441
1.168002 -2.048305
1.469589 9.504396
-2.005636 -4.618729
-7.827663 7.661747
-7.902064 4.834729
-9.600150 8.672682
5.533723 -5.708549
3.386765 7.290854
-1.927272 -8.102901
4.697187 5.213130
-7.572156 3.239601
-3.481545 -9.748368
-2.049836 1.304261
3.142046 -7.998770
-1.194319 -5.986348
2.652403 0.076997
1.475044 2.040558
-1.601190 3.971034
-4.392911 5.284884
4.460793 8.825067
-6.878908 -5.413102
7.268882 -2.615453
8.424565 -9.266471
7.287531 6.761344
-4.801445 7.007541
9.468916 3.264780
-3.142966 5.886657
9.244866 2.477900
-9.696671 0.651560
-6.690276 -4.020109
0.467079 -7.017480
-8.167758 -6.112663
-6.843048 4.559164
7.743631 -5.531461
-7.351785 5.104928
-7.255795 2.566982
-3.200041 5.690969
2.238914 1.593347
-8.958195 1.602020
4.639497 5.822113
1.502186 -2.618910
-0.725109 6.132022
-4.725357 8.045658
-0.797944 1.643664
-8.221693 3.921072
3.471046 -0.641473
-8.660205 -8.742237
-6.002260 -1.980491
6.037583 7.410587
-4.268026 0.151717
7.095880 -6.281290
-1.732420 3.155897
5.938728 -8.512438
1.925380 -1.402432
-4.850617 -5.541319
1.199649 -2.083139
8.242373 -7.278832
5.248286 -9.211434
4.079564 -9.928791
5.266744 -6.757714
-0.964839 -0.944792
5.393417 4.801170
-3.398481 8.079487
1.212964 -7.953015
4.002441 4.446130
-5.433453 7.886951
4.067173 -7.682177
-8.932066 -3.546604
9.853523 2.026882
-0.429215 -3.200739
3.764258 3.553296
-4.755150 -6.111390
-9.296179 3.867327
4.583592 6.103473
0.722041 1.327050
0.698257 1.855432
-4.212593 6.990372
0.051590 7.277533
6.590863 5.843312
6.260344 -6.725474
-9.900521 -9.677672
7.532248 -7.341698
2.240581 -6.965801
4.330089 -4.674306
-8.304114 -1.785391
8.111982 -8.131418
1.427234 -3.917592
-1.898618 -2.103570
0.932680 -4.176047
8.155237 1.435045
5.689220 -5.039979
-2.807305 1.015796
-0.109668 9.514604
5.898859 8.013977
-4.196473 0.636328
6.141307 -0.659629
9.314005 -0.535245
0.008704 5.729280
9.402333 -5.527694
4.371872 7.270942
3.015536 3.064886
9.726603 -9.148359
-9.066306 -3.527875
8.156579 -8.812594
-2.070980 7.577752
9.047570 9.963494
7.007224 -1.217356
-2.877730 3.466183
4.782325 -3.413629
-6.523438 -6.517467
-6.720410 2.659078
-1.524807 4.521993
1.283040 4.019033
6.915931 7.238802
-8.927010 -3.289079
-5.979270 4.065103
2.760178 -1.017672
-0.408936 6.276006
-3.389558 4.413780
-2.972184 6.912261
8.517740 -3.303444
-1.575609 -3.790565
7.421456 9.777514
-6.416678 5.111175
-7.546344 -3.345555
8.662723 -3.118180
-8.160213 0.608687
1.805805 4.423942
-7.705327 -0.841500
3.240888 8.745287
-1.455124 -4.002436
-1.433417 5.229363
-9.969530 -5.370298
0.764402 4.848267
0.100968 9.262179
2.250812 -3.863804
-7.057655 4.383665
-6.085385 9.784836
8.406262 -8.259816
1.240231 -1.181667
2.167438 5.850158
-6.202668 7.391938
-7.079016 4.068177
-9.891925 1.717430
-7.669599 -7.893269
2.196292 -9.172492
7.347062 -7.950292
-0.197920 3.939451
5.385277 6.238810
-8.257345 7.420969
-5.397600 -7.951321
8.326191 0.071012
-6.003108 7.685032
-9.746218 9.526605
-6.896909 8.991828
5.646903 -1.682111
6.300012 -8.210228
0.468708 4.201409
-7.369375 1.119355
0.190416 5.811108
8.597695 0.248268
-6.965698 0.964745
-2.537580 -5.657399
-2.748490 -4.430443
8.096512 -2.302398
3.679453 -8.855510
6.295203 3.236659
-0.122613 3.783147
-9.802210 -2.865015
3.607538 2.410161
0.063584 9.359040
-4.355759 6.775517
-1.319475 9.965618
8.304622 -1.232253
-9.383661 -6.470151
-9.023717 -5.017139
8.939912 -2.517968
3.153161 9.516859
-1.344830 8.046631
2.712407 2.533729
-1.243982 5.298893
1.240524 -5.152949
-3.432285 -4.044741
-7.414531 6.684674
-2.685423 8.081893
-1.963701 4.323092
-2.261360 1.435556
6.654467 -9.742432
0.803168 -2.469501
-4.263150 -4.897448
5.993531 2.896335
-1.633454 9.561550
-2.417235 0.849726
-1.126117 -9.559346
9.750078 3.762260
5.922124 3.556081
8.249937 -1.475425
1.643454 7.992188
-7.947360 -0.177060
2.132115 9.377121
8.231482 -2.776976
-5.081938 -3.426368
6.516659 4.127009
-9.976738 8.290661
9.262639 -6.544914
-6.040546 7.146274
3.528372 -5.803206
7.906765 -9.695982
-8.751956 -0.068698
8.326030 3.996660
-6.858271 -5.967086
-4.031808 -7.678339
7.299280 -1.064347
5.688964 0.599496
-7.595297 -2.752607
-1.718798 7.775985
-1.429087 -3.565914
-6.848844 -5.455158
-9.382010 -6.167572
-6.384745 5.050919
4.742323 6.338207
-5.488630 9.824386
-7.939591 8.125733
-6.300670 6.677437
-4.143733 8.920852
-0.375646 3.240545
2.482627 -2.016076
2.915372 4.773010
-0.279864 -2.457301
7.109247 0.034116
5.328320 -8.789961
5.935696 -1.921104
-8.391673 -1.841955
-2.874221 -7.997496
4.228170 8.800394
8.964305 4.966900
9.873698 8.131228
-6.046077 8.390758
-6.519697 1.698968
3.206056 -8.347519
6.407309 8.088850
-7.115845 7.779002
5.382392 -1.021545
1.598999 -4.369233
-1.023631 4.984368
4.012335 4.051575
-7.640710 -8.957068
-6.805314 1.957790
1.390637 -9.680948
2.000065 0.684496
9.236413 4.743922
-4.552510 -0.731000
-7.453039 2.387145
7.389847 9.130515
-7.643010 -3.452666
7.312899 -8.522623
-7.103207 5.486874
2.730865 7.103887
-9.416308 9.555597
-8.736298 6.463100
6.901135 0.010356
-8.342574 6.037648
5.186159 -4.949782
-7.817706 -7.349457
-6.237424 9.388508
-1.428982 -3.655841
-5.447759 2.788092
-5.751923 -0.177824
-1.045903 9.670174
4.152584 -3.817214
0.217789 1.722702
-5.680951 3.492199
-0.659384 -4.202683
9.247518 1.776604
3.878853 5.487134
-7.681163 7.317474
3.360950 5.964233
-2.203941 6.928723
9.020777 9.405868
-3.652620 -4.915016
-3.478219 -5.671275
4.783744 8.179236
1.000123 -8.080123
6.775668 8.416452
-0.051739 6.242884
-1.685285 9.780092
-2.335937 -9.162355
-8.352870 -4.564057
-7.408401 -5.084923
3.280394 -0.383816
-9.624258 -6.978506
-8.887316 6.050179
9.525847 -5.130567
6.309244 3.362637
0.792049 -5.358458
-0.201931 -0.594120
4.467115 -1.684300
4.604394 3.356782
-6.375789 6.034224
1.358303 6.621829
7.274871 -4.756402
4.953117 -6.247610
-4.188078 0.582457
7.886064 8.118176
7.848079 -2.354448
-4.249139 -9.246324
2.533974 6.497063
9.929986 8.739721
5.500269 5.503419
-6.627597 -3.130620
0.694559 -3.251124
-1.312588 6.686148
1.403101 -6.065825
-6.971879 -7.821367
8.329571 7.475932
4.590930 3.927290
2.953613 -7.609431
-6.037740 2.963086
-7.575324 1.637203
-4.975618 -7.981246
0.328653 -5.954365
4.851714 -3.240468
1.785795 -1.389633
7.541482 6.783869
-5.125309 -7.846388
2.489094 -7.145628
-4.660362 -1.074834
0.239222 -9.728789
-5.143665 0.497894
8.808067 -6.477138
-0.658559 -4.992384
-2.447300 3.755033
3.723648 7.534704
1.941439 -1.716103
2.676849 5.335709
-0.571588 2.009838
-1.105922 8.350264
-2.543018 -6.566385
-0.110638 -4.834931
-0.110079 -6.451626
-8.353509 1.455800
5.315483 0.406546
9.651267 9.753494
-9.525684 6.929764
9.502310 -1.287870
-8.973617 -1.857037
9.485194 5.162100
4.133270 -1.195178
-9.113447 -5.006993
-2.777803 8.344677
-5.170123 0.797553
6.473761 -4.048133
-0.182154 -3.396813
-0.529833 7.486982
-6.578101 6.853087
3.934026 -9.822403
-2.189259 -2.893801
-5.369812 1.605034
-7.159736 -9.004727
4.644205 -7.418504
0.838397 -9.373418
-0.635249 8.700705
9.667741 1.745327
-8.395430 -9.149899
3.998093 6.068702
-8.833153 2.248093
0.041865 7.281277
9.174474 3.050895
-3.536931 -7.630797
7.940146 -9.242295
-7.964754 5.623079
-8.887650 -0.245455
-7.329434 3.394197
3.820662 7.164938
-8.703783 1.305572
-1.557956 -4.068162
-9.108799 0.982650
-5.439004 8.675707
4.633580 3.248869
6.450790 0.363524
0.639080 -2.484158
6.189609 2.746815
-7.021178 0.606070
-7.143933 -6.891001
4.484016 -0.951196
6.348803 -9.635790
-5.866254 1.233610
-0.546264 -5.393902
-9.078976 7.384541
-9.057672 3.341471
-2.177128 -8.452672
4.525720 7.384157
9.140140 -3.550813
4.615068 -3.072162
7.324262 8.235616
-8.249632 9.068574
-9.492650 4.761810
7.145527 6.919918
0.756228 -1.582940
-6.178035 0.629475
-1.699457 -1.219459
-3.342007 6.113162
-7.716569 3.761187
9.281791 4.982814
7.367693 -3.783539
3.634534 -3.136592
-8.010124 -7.468186
9.682771 1.340220
-7.529319 -7.414710
0.892483 -6.128578
-6.000514 4.772588
-3.622898 -7.687573
-7.593508 -4.266627
3.552411 0.654036
1.383789 -2.440648
4.833860 -7.137158
-0.119534 -6.498207
0.810846 6.697345
1.596364 -7.755284
9.636806 7.837112
2.429135 9.204375
3.198227 -1.513416
6.952604 8.384214
7.337369 -0.505283
5.300811 -6.958114
3.330811 6.241095
5.251987 -2.558344
-3.830092 -9.551231
7.712078 7.263393
0.246490 9.579672
-8.389373 -7.644529
-8.629513 -5.245645
-4.486796 8.704107
7.431550 -0.656288
0.259311 5.593769
6.178084 -3.111019
-3.021044 -0.063822
-4.158529 -9.904549
-6.042456 -6.681705
-7.692279 -3.226561
2.824232 6.635776
7.008202 5.441665
7.279922 9.917374
-5.966170 -8.204043
6.201144 -2.660803
4.960489 6.532019
4.588913 -8.668262
-0.204647 -4.292663
-9.873755 -1.238467
1.706540 5.492890
3.006661 0.159388
-9.766572 -2.786662
4.039137 5.912386
-8.943803 8.747726
-7.121421 -4.141168
7.918634 -6.733792
3.800270 9.372449
-6.350100 -1.667733
-5.054480 7.598718
7.751561 9.882902
8.110802 8.658803
2.015168 -4.718625
-6.435132 9.079977
2.366007 8.015881
-3.693534 -3.876277
-6.768666 -9.173644
-2.133751 0.168637
-5.941037 8.643845
-6.864113 8.129103
-8.931431 -7.477346
-0.689885 5.213616
-2.647264 6.989822
-0.491980 1.570008
-3.831785 -1.191315
2.777007 8.845348
0.235950 5.775066
-0.511315 -2.665493
-9.701811 -2.679488
3.160412 -3.496003
-3.679329 -4.734404
-4.250247 2.724580
-2.989286 -9.247669
6.223881 -5.903420
-4.810678 6.788475
6.271186 -9.375357
4.303312 -4.026458
7.100353 -2.669385
-8.935079 -3.859340
-0.105701 6.883103
-0.580812 7.784856
-4.720914 -3.520845
0.177123 -6.318644
6.524492 -0.921881
-8.165625 -3.325194
-7.740405 6.501781
5.275208 -4.339184
3.852939 9.609981
-0.693929 9.586954
-1.985235 7.843961
-9.007628 -2.543925
8.793680 1.453435
-8.251615 8.489415
-3.220145 -9.685354
6.790956 5.409962
-0.914302 -0.511247
-6.796812 7.991374
4.574747 5.293617
-1.663967 -3.638745
2.533787 -8.192870
2.980118 -3.882752
-2.899289 -0.913707
4.613143 -2.264983
0.139900 -0.310598
8.489966 -8.329593
-6.186340 3.276139
-6.096250 -3.837820
3.091444 6.174948
-6.704409 5.488699
-8.042728 4.868782
1.017433 -7.734746
-8.548351 -9.168997
-8.530178 -3.409769
9.488403 -9.117533
0.632419 7.838960
0.898514 6.941440
6.476642 4.574241
1.648075 4.058821
-9.886212 2.497451
4.988210 2.527130
0.833405 -1.952800
8.421505 6.281943
-2.454899 2.535328
1.381481 0.281231
4.842400 6.952416
6.959434 -3.918099
-5.754425 -4.930309
7.575322 -9.451085
-9.055792 7.846821
7.841182 1.446973
-2.912700 2.477205
-5.238271 6.526293
1.994279 -7.257334
5.071155 9.152425
8.914287 8.584532
-3.881074 8.424769
-2.427910 -9.617533
-0.443118 7.674308
-9.685945 6.808453
-2.107848 0.871528
-1.120703 -3.344455
-5.008210 9.644885
8.723637 -3.919957
-3.469534 -0.049879
-5.137565 -9.986849
-0.848437 -4.393097
8.829363 -7.311517
-0.694072 5.388496
4.432244 -7.106402
1.073758 0.018090
4.796562 7.458131
5.131579 5.526330
-6.064715 9.956816
8.984316 -7.973785
-9.306391 1.602342
-9.340604 -1.529465
-3.999555 1.538915
1.431178 -6.814023
5.473024 -7.223959
8.849566 -9.741923
-3.362290 -3.573405
7.959776 -9.813435
9.138057 -1.269213
4.723010 -6.842583
-0.795527 -7.005198
-9.968067 3.128952
-4.637110 -2.695379
-9.950893 -2.339871
-0.647434 9.413539
0.934223 -2.909963
8.225762 -7.904983
5.892424 6.253619
1.144214 0.467343
-3.980268 -3.444581
5.045124 8.062990
-4.049004 1.240554
-2.109237 -8.675923
6.963204 -0.837446
1.456912 -5.844099
4.663011 0.573500
-6.714014 4.514080
-6.051883 9.719511
8.926592 -2.738035
2.876722 -3.033804
4.292394 -2.841939
3.625993 -3.258664
8.638035 -5.219649
-6.553036 -5.064655
8.036327 6.618432
2.403749 -8.556855
-7.017821 -5.346594
7.586939 5.228628
0.242398 1.215678
-3.083877 9.210570
8.523403 -2.244870
3.285924 3.958651
-9.757335 -9.067297
-5.355686 1.368046
0.363291 1.757880
-1.426758 -8.332518
1.774623 4.858897
-0.987343 -1.774719
-8.336592 7.968209
4.072501 4.756902
-1.580454 -3.116186
-9.090118 -5.514110
9.421583 -7.455188
-3.460497 8.998898
3.320909 2.890379
-9.055842 -9.693677
-7.797906 2.536277
3.347466 -1.995703
2.410147 1.229950
2.941066 -6.695550
7.081703 -7.741269
0.504734 9.676804
-2.728909 -6.756128
-5.085230 -9.318707
-1.117209 6.148141
-4.332921 9.222495
4.713524 7.435619
-5.122677 -0.665562
4.809737 9.777550
4.263441 6.699653
-9.093335 -9.149878
-7.558793 -6.837576
7.383856 -8.215950
1.743226 6.240170
2.627617 -5.143778
-9.661116 -8.347349
-8.175641 -9.014036
-7.228682 0.897438
-7.546260 1.529778
6.214910 -6.141144
-5.927949 5.790540
-9.826817 8.027068
9.105825 -7.506801
-4.543570 8.796940
-2.263049 -2.662657
-1.244989 -9.097606
1.325982 -6.302970
3.708092 -5.859943
-3.386301 0.249914
-6.042061 -6.669979
5.848264 3.052370
-9.621845 -3.584090
-5.939638 0.458196
-3.529358 1.464634
-9.221263 -4.305137
2.990592 -1.232351
-8.033635 -5.107739
-0.247706 -0.092657
-0.338377 -2.305320
-0.407363 6.508594
0.861156 -2.436582
9.995203 -7.496697
9.929418 -6.033099
0.258788 -6.765834
0.432227 9.603241
1.092890 -6.153216
5.264263 -9.046763
-6.276403 4.324423
-3.147975 6.643728
-3.872177 -4.122471
-5.124972 6.735044
-5.535929 -3.673139
4.782878 -5.749796
0.134619 5.132616
2.313368 -6.474764
-4.196930 -4.751393
2.135533 4.048004
-0.056363 2.790077
3.781830 -7.639240
-7.077025 4.457309
0.171336 1.916625
0.191336 -6.848819
-4.971277 5.994284
6.116360 -7.963081
-3.261846 -0.996039
0.250275 -0.892075
-0.289315 -7.762453
-6.957455 3.480570
0.577886 -7.427318
2.646785 9.925133
-2.443765 6.722591
-2.530284 -0.683354
9.288725 -5.335096
1.793808 -6.706362
-8.186440 -7.265031
-6.996401 -3.233419
2.709827 -5.014907
-4.734292 6.318937
9.442880 -5.511305
0.085717 -3.056962
2.919350 -3.766414
-2.111222 2.594006
6.200080 7.237774
-9.868511 -9.475553
3.693101 -9.738151
4.738851 3.257163
9.450668 0.473291
-2.319583 6.651338
-7.336349 3.780839
0.237536 1.496285
0.520434 9.621505
0.035343 8.047938
-5.179053 4.140211
-1.575012 5.487763
-6.778843 -3.653418
0.853098 -6.072062
2.439685 3.182058
-4.886954 -0.954886
8.074430 9.816549
1.024201 -2.604785
-1.826298 -2.710953
-3.625487 -8.410618
0.312412 0.189058
-7.940418 -8.088277
2.672794 -4.907435
-9.723381 -4.946774
1.974506 3.256571
8.326367 4.026268
0.876422 7.755773
-3.666416 -3.916401
4.823301 8.512031
7.186844 3.239848
-2.326902 -8.171610
-9.536532 7.841976
7.197857 -8.970127
-0.186271 -4.482311
-6.577454 -5.790238
-9.773220 4.866524
3.866375 -4.166693
-5.757712 4.658092
1.940636 -7.651850
-3.841813 9.381453
7.874682 7.985932
-0.481198 7.804439
8.183793 -1.807967
-1.887479 -3.518281
7.413931 -6.273849
8.941885 -9.858723
3.526510 0.346175
2.765048 -3.381421
2.871902 5.734192
6.183829 -0.945757
0.347946 6.795097
7.786655 0.332049
8.570235 -1.250063
5.152562 4.445552
4.012726 7.917078
1.199251 -4.921098
7.425915 -8.891541
4.399290 -8.112806
9.337747 7.092191
-8.055386 -9.577902
3.403958 9.058256
6.378235 7.534525
4.609297 3.060723
-4.588389 5.228471
3.059910 -7.940780
5.906321 -8.490516
8.560053 -7.279076
5.751571 8.252344
-5.235001 1.626026
-4.707797 8.344488
-0.470360 1.016393
2.853328 -4.567356
9.072373 -4.746274
8.365281 -5.940159
6.705279 -3.775424
-5.926603 -2.786878
-0.529017 -4.362716
6.174681 -0.896961
-1.536089 -8.117944
5.883096 -3.023073
9.758291 -1.684255
6.461869 -3.410213
-5.435514 -2.601643
-2.034926 -2.069802
-7.553434 -2.341392
-2.713043 -9.509744
7.972507 -7.172692
-1.916021 4.985685
8.469540 -2.692248
-5.796580 7.511534
-3.201679 5.372148
-8.393250 1.806690
5.892684 6.935999
-1.219970 7.149737
-9.007852 1.218412
-4.307026 -1.456335
5.006944 5.571891
6.058600 1.020297
8.098386 1.926924
4.569983 3.716853
-7.851599 1.757956
-8.342819 3.983615
9.450563 4.642161
0.893500 -1.402678
0.715145 1.262899
0.354348 -2.583603
-4.346161 2.573123
0.626185 6.291279
0.517909 -7.079412
9.676325 1.624486
-0.631936 2.680277
-8.478127 -4.820685
3.728880 5.246097
0.240562 3.593997
-3.262419 9.396782
-3.074142 9.869007
-9.955142 3.505916
3.243154 -8.944972
-9.370776 1.468438
4.836844 -3.641680
-6.574627 8.032666
-2.896508 4.021589
4.385983 2.175600
-1.562538 -6.194479
6.916579 -4.145362
2.450812 8.698520
-7.623808 9.701160
8.295959 1.249115
1.030350 -3.416564
6.361270 -5.958665
9.309079 -4.241820
7.742826 -1.477067
8.366109 1.510050
9.902042 4.502429
5.975947 -6.756580
8.499315 -9.454811
9.266494 5.183602
-8.377729 -2.914495
-8.280802 -0.769934
6.807291 -4.835710
8.173579 -8.642705
-3.790697 -1.871266
6.043436 8.215398
3.358892 4.129088
-2.800107 0.706384
9.348002 0.083787
0.278557 0.464793
0.395319 5.077047
2.965598 -7.715669
-3.727434 1.987786
-3.107549 -2.010673
-3.518210 1.493853
-1.411683 -2.376631
-8.226620 -8.393715
9.010737 -4.388607
1.301246 -5.819093
9.801849 -7.520190
-4.291833 -9.966074
-1.981418 4.708644
8.082853 2.680560
-2.313555 1.898778
-9.905349 9.465528
7.639688 -6.938730
-8.522824 7.689093
-5.312811 -8.141030
-4.291246 -9.444479
7.757355 7.042920
0.474174 -3.037320
4.900585 -1.181958
-6.979849 2.406710
5.170653 -6.706606
-5.557334 -8.877096
3.548913 -2.139763
5.685411 -1.485549
3.192513 -0.358329
-3.053669 3.534360
-9.191896 9.609477
-9.549240 5.613340
1.084909 -5.073261
3.959796 -2.286333
4.898540 9.978044
-1.880565 -9.095478
-2.384649 1.875580
-4.288488 -5.474579
8.838463 -7.807466
5.361455 2.104224
7.297516 -5.441592
-3.693165 5.941639
9.582139 -4.095016
0.691049 -5.277185
-1.041364 8.702770
8.939207 4.511764
6.807329 -1.243435
-4.732476 -7.465038
8.023269 7.193796
-7.327755 7.784628
5.882607 -0.247833
2.433442 6.538744
-3.770153 6.252097
-1.148436 4.648908
6.601520 -1.329203
-6.799046 5.692337
8.533542 -5.613398
-6.877459 -0.920724
0.482067 8.844114
4.938219 8.521188
6.112208 -9.808095
6.114762 -2.215633
1.912864 7.582070
2.801094 -0.391406
-4.940938 2.570146
-9.988689 1.330954
-1.116393 0.161734
8.858296 -7.559452
1.455732 -8.747657
8.623203 5.935549
-2.522899 -6.738636
-6.111267 6.916131
-2.713629 -8.421206
4.164170 -1.772931
-5.394187 9.837742
-4.415158 8.526582
2.151697 -2.114361
-7.013688 3.605445
4.473490 -2.749580
6.342257 -5.787656
9.894663 -4.145352
-3.446735 -4.672762
-4.886881 -9.781725
4.631079 2.122041
-1.173844 -0.986340
4.045664 6.046402
1.835616 1.891230
2.570051 -5.821978
5.386263 4.051038
8.746331 5.019878
-2.352615 -1.993081
-7.914003 -5.344702
-1.265129 -9.854132
-1.459209 3.872327
7.485116 -0.336149
6.194804 -3.649236
7.157600 9.920294
-4.352930 7.749978
-4.513538 1.266766
7.952216 6.091080
-7.023087 -3.324144
-3.765867 -7.421559
3.186805 -6.559682
-9.482327 4.152282
4.003666 -1.090922
9.555357 -5.175673
0.984960 -4.634122
4.810828 1.313834
9.042571 5.417741
1.737869 -2.690050
1.836698 5.657736
-3.718314 9.244324
-7.653663 -7.100987
-4.605165 1.609922
-6.291300 -9.997906
-4.591937 7.329364
-0.443954 2.510905
1.899720 5.766974
1.301555 -7.096595
-0.709519 3.333208
-0.796516 1.001397
-3.617184 4.733041
-0.896650 -3.604882
0.002844 -9.744815
-4.662586 3.665290
-1.230849 1.233228
-3.445872 -7.956249
-5.448620 -0.391405
6.310456 4.630314
3.946304 -4.752147
-3.906827 3.941664
-5.988850 5.509073
-5.091270 -2.942931
3.487305 2.082522
-8.410415 7.734880
-1.941477 7.536560
4.811813 4.773823
2.482661 -0.964412
-4.140676 5.770963
1.594180 -8.215305
6.910586 8.494642
-6.401944 9.837407
-2.191200 2.980678
4.148272 5.671469
1.636205 -2.146163
8.221326 -4.856650
-5.637055 5.285851
-6.154524 -3.357978
-6.895230 -1.369772
3.646923 -5.120977
-4.068854 -3.741272
-2.291200 -6.400591
9.266587 -5.605019
-2.009493 2.275149
-2.331462 -2.916177
-3.009455 -5.393012
2.839958 6.682236
-1.472848 -8.375597
0.599471 -8.721978
-8.901679 -5.231085
1.751313 -2.571498
-6.194723 -2.167095
1.539569 5.863701
8.995531 -8.018554
-9.677307 4.132480
-7.479839 -6.845870
-4.220630 1.940033
-0.475128 5.198043
-4.556446 -6.133295
-8.833746 -1.500427
2.968010 1.506298
5.292525 9.652748
-1.787925 8.802734
-8.281247 9.655516
1.148380 9.266580
7.356937 -2.839464
2.743764 -1.681995
9.712234 -4.332022
9.898556 -2.814074
-8.312613 -1.649396
4.919158 -3.562258
8.071987 6.645786
-9.640571 9.609537
-2.361900 -2.024077
8.483742 0.557835
6.905389 4.866758
-3.603584 -3.838916
-0.784560 5.336967
-5.054810 1.275722
1.185137 -4.254673
2.249072 4.725300
2.118796 -7.168006
-9.813414 2.668664
-4.230360 7.806366
-6.244265 9.878911
3.763335 2.439288
2.598289 3.265754
-3.709397 0.330669
-3.776549 8.943837
3.093147 -2.816877
-3.149289 9.959438
-9.939136 1.262879
5.016041 -2.042812
-0.941960 9.636856
8.412218 3.198265
-2.444795 -1.555090
1.042808 -8.992312
-3.977047 0.178792
4.953012 -6.090841
9.036419 7.056086
8.983505 -1.577027
-5.328229 -9.967582
-9.689446 5.611159
2.007579 1.389997
-8.608379 1.965389
8.574525 -5.803244
2.847623 -7.798072
-7.542996 4.732993
3.399208 2.653204
7.127269 0.359156
1.844856 -4.145036
6.094225 -1.757405
-1.806444 9.431022
-7.487236 4.227251
3.723954 1.360833
5.092807 -7.192617
-9.199527 -3.651563
-5.022483 -6.609937
-0.793892 -6.898421
-4.462254 7.850141
6.940705 -4.036621
9.409612 6.905075
3.765921 0.634417
2.037083 5.910615
-6.064053 -8.814121
-9.116345 -5.880896
-2.461942 8.285140
-7.973240 -9.189606
-8.769134 -1.743082
3.920520 9.919382
-4.554119 5.041488
6.187407 -4.475225
-5.991135 -2.125758
7.730010 -9.228081
7.182405 1.708811
-9.648148 4.640945
-9.215371 3.675056
8.226472 -8.109447
-9.014150 8.236515
1.781821 3.109030
-2.575044 -9.671883
3.667642 9.325255
-8.073415 -2.219608
4.771621 -9.993721
8.573738 -2.503219
9.220970 -9.160070
7.952884 4.934217
9.359928 -8.014930
8.081019 -3.705504
-8.344605 -3.566520
-0.771084 -3.498416
-1.356517 -3.343032
-5.670873 -1.256112
5.595776 -7.784718
-9.245909 9.474320
-7.778851 1.620698
-7.703476 -4.085765
8.469940 -3.003937
6.960668 -9.122640
-6.461456 -2.966052
-7.988763 4.543225
0.216666 -8.031721
1.533672 -5.190549
-1.451017 -5.810315
-6.928106 9.939587
-6.769455 -6.044193
-4.721847 6.237606
-9.478458 5.172797
0.227767 8.289941
-4.553495 -4.569107
-3.508930 -2.801759
5.665285 -3.182502
0.520591 -0.245036
4.658830 0.584087
-5.306764 -8.945391
7.266574 -5.006455
4.768479 8.869117
1.105371 7.828500
-7.819964 2.186982
1.681814 -3.292777
5.838580 -2.148412
2.727094 4.862169
8.567617 6.752403
-9.651105 1.379325
-1.893198 -1.657863
9.093635 -9.852305
0.259871 -0.093879
-4.858885 6.104672
-2.010184 -7.551117
9.280494 5.990385
-6.676875 -5.718074
0.466831 4.861863
-1.832162 2.327662
-9.178246 -7.711901
-6.146578 4.380350
-5.683683 -1.914528
9.686366 8.482343
-5.230407 -1.863294
-2.692529 3.499802
7.092071 -8.248484
-7.297246 -8.795507
7.249491 3.255875
7.236769 3.756035
5.934776 5.452022
6.080433 -5.845148
5.568472 9.954176
-5.078857 -3.874961
3.316427 9.762392
5.037549 -0.102651
3.751352 3.742539
7.266342 -1.494147
3.135831 0.088726
2.166233 -8.375239
-9.144816 7.281862
6.619809 8.495311
5.831725 -7.154422
0.174504 9.222689
-9.226169 -6.302047
-7.225570 -8.526016
6.574674 4.967264
8.644461 8.890442
0.288021 8.019737
7.267472 -0.953704
5.279133 -7.835612
-0.028102 -5.264514
-5.483994 -8.498635
1.905202 3.466908
1.737951 0.326379
0.126080 7.519516
9.109827 -7.005250
-6.333780 -8.975776
-0.845865 -7.110067
-1.798302 7.438796
-0.909011 4.392951
3.166279 -1.916861
-3.910474 0.827260
5.532248 -6.726205
-7.238167 0.369982
4.707486 9.707258
-1.543546 8.299708
4.263588 4.014857
-8.271365 -8.005265
-6.147166 4.753506
4.162799 -7.953677
-8.819935 -4.014280
-0.178485 -8.729309
-9.457146 1.952001
-9.491436 0.298038
8.288752 -4.820541
-9.977302 6.188834
-3.856685 7.456231
-9.396511 6.022660
-9.843100 -4.349528
-8.832155 8.187182
4.354531 3.734071
8.387916 1.195238
-9.907524 -3.721241
-2.226647 -9.198338
5.880385 -0.474545
-5.480532 5.332768
5.079003 -5.667917
-1.950030 5.749421
5.380119 6.898034
2.766017 1.859704
-5.786509 9.528196
9.183931 6.651885
4.762620 -0.925643
6.586297 1.922082
-5.242039 3.482389
5.947702 7.508091
-6.109699 7.793341
-2.850098 0.158859
6.165755 -0.818048
3.788159 6.261739
-3.451821 7.555368
-4.631068 -8.432264
8.319906 2.722057
5.735555 3.588404
-1.162860 -0.872351
2.526507 4.352798
-0.040714 -2.106412
-3.067604 1.173235
2.610888 5.621801
3.748890 -8.147628
-3.244807 1.169468
2.549902 -9.098178
-8.805554 7.421398
2.880255 3.455445
5.710160 -1.251425
0.867007 4.882928
-0.545832 -7.708791
3.797451 3.231757
6.638601 -1.960596
9.065339 -8.684794
4.753048 -6.314081
-5.056292 -9.324597
1.519379 -8.724960
-7.173721 -3.900982
8.057330 -4.912043
2.889279 -3.285938
-8.585782 2.482649
1.047373 3.121214
6.303498 9.821802
-9.103721 4.153864
1.015894 6.097684
8.625816 0.936625
8.917869 7.420865
-1.466329 -9.622850
6.339639 -0.927462
-9.913440 -0.990489
3.917350 -0.980853
2.792491 -6.384047
-2.674998 3.158481
-9.824779 -7.554580
-1.388489 8.430498
9.719105 2.696631
-9.571219 6.398777
-8.622394 4.503964
6.125740 -4.839335
-6.078820 -9.410861
5.529256 8.866199
-7.444056 -6.938897
-6.087454 6.779554
-8.896750 -2.513924
-2.291301 0.939761
9.271768 -1.302098
-4.847551 8.784587
-6.410887 8.982370
7.559848 -0.711858
6.096601 6.648283
-2.257422 -8.464739
1.702612 9.765589
-9.348482 -1.166394
5.000969 -0.072882
8.077574 5.514626
0.527981 7.072570
4.690291 -3.629514
9.493791 -3.031719
2.404174 8.922192
5.925275 4.145602
-3.265781 5.703139
-8.754314 -6.877682
-5.551035 3.297125
0.197629 1.196939
-0.525593 -0.291514
6.490722 -6.739684
-3.082087 3.109522
2.000654 0.140564
-1.018851 2.909455
2.215710 6.751774
3.232297 -7.532686
4.468817 -5.535350
-1.610495 6.415915
9.651573 -6.108642
5.085290 0.853743
-0.221932 -2.746619
-1.290453 -8.739710
-7.996248 -5.516837
0.029958 7.366407
-3.523211 4.749658
1.623213 1.419977
5.502534 8.573071
1.565207 9.495043
-3.301981 2.643870
-1.034862 4.164522
-5.973496 1.436928
4.165135 1.191700
-0.632496 4.711629
3.409730 -8.701591
-5.005242 8.850823
-4.459570 6.094250
-6.968240 3.248879
-8.185758 9.907447
0.308454 -7.485331
-4.695083 4.938756
4.116263 9.971467
-1.052567 4.027678
-6.987554 0.282529
-6.844310 -1.137599
9.193745 8.431573
-6.625468 -7.778157
-1.314947 -8.039734
-3.260436 7.930134
7.248055 5.759274
-7.605929 6.563652
-7.584653 -9.801278
-7.853827 -7.820414
3.110850 9.926026
-9.455196 -1.239016
-9.354735 1.481619
-5.106866 -7.317530
-7.461441 3.983798
2.437792 -3.188077
-8.029731 0.617963
8.488070 -1.867754
-6.448166 6.606560
-1.848610 -6.173234
-7.441461 5.082033
-0.791096 4.043437
1.097279 -7.093924
-4.858073 -5.905453
1.249767 -7.116503
-7.376754 9.251893
-7.326275 -7.751976
-0.425160 -3.552366
4.542864 -3.394489
-2.761059 -8.062738
2.097255 -8.917721
3.883370 5.571731
5.017821 6.679902
2.910495 4.000389
9.587168 4.669836
6.386581 -9.775351
1.878057 5.744497
8.951673 8.183853
-6.530833 -8.727821
-0.138031 -1.864019
1.600528 -0.770939
5.674116 4.629471
9.455078 -8.603741
-7.129940 -4.892486
5.932574 -7.971467
-7.775268 4.895852
-9.261608 6.038796
4.468991 -3.677535
2.776740 0.285224
-8.902564 2.325549
0.041736 -6.309425
-8.548560 7.410843
-6.688271 -3.280887
-5.076703 7.562721
5.492577 0.358748
1.683923 -1.749526
0.073216 -2.723731
0.262589 8.013195
3.286369 -1.968874
-4.365776 -7.961404
9.951750 0.172809
-9.683867 -9.909103
-1.478801 -9.021903
5.874180 -8.656548
2.450275 -3.994378
8.028084 9.463543
1.861174 1.369640
-3.673123 4.207727
-3.299370 5.985115
5.095099 9.521063
0.455637 2.480106
-5.188631 -3.226087
2.694282 4.334536
-0.026463 0.861189
1.503512 6.974627
4.282351 3.175659
4.810013 6.166030
0.619876 -2.238923
7.867730 -9.139840
9.832692 -4.808537
1.341769 7.892407
-0.245405 6.399368
-6.320252 -5.343658
8.841548 6.593057
-6.849604 -1.339572
2.152473 6.873552
-2.262981 -9.215666
2.655612 -4.027914
-1.373024 1.054920
-2.222667 6.736690
8.097832 9.521768
9.277001 7.077622
2.078545 2.646540
7.060391 3.569873
2.594431 -0.029983
-0.033179 3.503076
2.090076 -2.949373
-4.059627 8.196466
6.211863 3.785778
-2.972338 -1.238423
-7.427656 -0.178076
-6.682070 4.848721
-0.345248 -5.762871
-2.441087 -7.744238
9.047984 2.054028
6.441349 7.119964
-3.355882 9.142379
-5.849280 -6.029243
-9.340169 1.930369
7.883566 7.821872
2.736746 -0.135459
1.822893 -3.637292
6.730436 9.985807
0.430573 -8.889213
-3.364051 7.383273
-1.141042 -1.842137
-8.619193 1.201492
-0.215429 -6.915747
-9.814272 5.193741
-7.217339 -9.635450
3.897638 -2.218362
-4.398836 3.703129
-7.894511 9.129787
-9.360390 7.436600
-3.408454 -7.864789
7.052872 2.044797
-8.900039 -9.977621
-9.943930 -2.565332
-8.654448 -7.123368
8.524330 4.409074
9.149149 -5.943813
-8.429327 5.406581
0.963872 6.357833
-7.479246 4.376570
1.791335 7.018206
1.177808 0.717027
6.042912 -7.240568
-4.512638 2.832080
-6.467093 -8.203935
5.678176 -2.063527
0.598475 7.717300
-0.629918 2.863120
-7.434238 0.555090
-9.439406 6.223619
9.728062 0.928976
-6.338758 3.926608
-6.181050 -2.620485
4.740210 3.310545
-2.584917 -4.032106
-7.720824 -2.190574
2.167760 -0.687832
-9.897893 -3.676259
-5.919808 0.880669
5.546319 2.423067
6.558414 -3.739285
3.426627 8.243639
3.183259 -9.243606
-8.478868 1.855315
-1.001321 1.725803
0.481790 -2.955666
8.272660 3.569947
-8.447448 5.530984
5.442598 8.185561
-3.047924 -6.705103
1.347165 2.244311
9.918520 -1.129748
4.108629 -8.637804
6.840000 4.609691
4.526482 -6.539733
0.717006 9.243142
-8.941090 -6.627397
-1.406255 9.267189
2.332265 -7.714093
1.444099 3.602344
0.838940 -9.945954
-2.802386 1.014018
-1.414606 -5.746062
9.076568 -8.507282
9.838895 -1.228499
-1.307044 -5.986006
-0.541992 6.027134
7.617083 -6.970430
-6.380834 6.151878
-9.714448 -1.006328
5.130918 5.137801
-7.692968 -9.984869
8.353473 2.422906
-6.607865 -1.173730
-3.473300 9.403019
8.572573 -3.139434
-1.049488 -4.383891
8.823943 6.978468
8.705329 -8.152813
-7.842181 3.225700
6.477005 -6.160004
5.591575 -0.908478
-0.915142 4.328726
6.142259 5.270228
7.380336 9.065024
-5.100077 1.776498
2.743460 3.621975
9.477015 2.044701
9.363575 7.675500
-5.599458 -9.723204
-8.812134 5.491258
3.951541 6.837104
1.130934 -9.421788
0.746477 -0.149446
4.892191 6.797830
7.385618 -6.257595
-2.619588 1.040646
9.007044 4.506705
-5.797314 -6.008296
8.128166 9.194422
5.555890 -5.145859
-7.534615 -3.396170
9.405018 -2.189607
-2.428652 -3.897927
1.471817 0.821235
-0.920912 -3.458388
-8.936222 3.423781
-4.512644 -5.466109
-9.964385 0.653404
-3.839337 6.574869
4.095492 5.014434
5.396425 4.817847
-5.979337 2.687431
-8.432573 -7.148381
4.504980 3.293546
-8.266933 -4.855314
8.370680 -9.367300
-4.386303 4.287085
9.602923 -5.530635
0.768709 -9.168053
-8.007135 -3.758033
0.571419 -2.382784
0.954440 0.173777
-1.532035 -6.357236
-7.642905 7.043503
-2.683294 4.374829
1.586896 -9.947842
-5.771551 -1.949989
3.538435 3.959242
1.033952 -2.538322
-2.780304 -7.933195
6.921734 -4.454402
8.714827 -2.960082
-0.982769 -0.234709
8.030938 0.133274
-1.219433 -7.358115
3.747101 3.565788
-1.169603 3.590555
-5.810121 -5.755317
-2.636295 0.735463
-7.050726 8.087466
-8.872515 -8.522568
0.789896 0.399168
-0.536051 -6.317976
9.788600 4.089874
9.667884 5.524213
5.592655 -4.592092
-8.566171 -8.540793
9.784765 2.009916
-1.913021 0.766848
-0.862324 3.787396
-5.483907 6.133917
8.522261 -2.179431
6.642559 -0.732678
-8.400799 -6.844096
9.738781 -7.891291
-6.473583 5.307248
1.773848 -6.532424
6.224289 -4.686995
9.675208 1.135022
-2.936633 -5.937861
-3.997697 -0.606747
0.381213 5.017541
-2.871183 -9.639532
6.604500 -6.343373
2.927025 -0.396592
7.585710 2.242856
8.610419 -7.235577
-6.884878 7.561698
2.483709 7.809656
9.503369 -7.525907
-7.534672 -3.235883
6.911126 3.394612
-8.077274 -6.434359
-2.881976 1.895623
-9.056123 5.758379
-8.331082 4.941564
0.210302 4.035411
-8.312382 -6.142934
-6.827827 -9.477658
1.103400 -8.063970
8.750386 -1.899753
-7.434830 5.550536
-7.127875 9.468613
-0.543374 3.859986
-6.640920 5.150048
-4.424439 2.011471
3.184509 6.442134
7.684816 6.510248
-9.070709 -9.852837
-1.792586 3.156274
0.642221 9.440397
5.184588 2.757310
-0.653723 6.171786
9.120597 -9.039448
-3.198667 8.095319
9.945207 8.904894
-5.962701 -7.374725
2.836836 -2.664504
-1.741690 -1.777359
8.352073 -1.073212
9.873641 8.366790
-2.691282 -6.902874
-2.965206 1.998005
0.238638 9.058929
5.266172 4.637269
7.514204 -7.673553
3.080128 4.827528
4.687971 -6.569800
-2.273811 -2.529472
8.707452 -3.925387
9.200953 7.695081
-6.120807 -6.221484
3.764956 5.705126
5.067998 4.772267
1.906041 3.801116
6.124557 -1.460014
4.150163 -0.011488
8.103021 -7.533978
-4.890990 0.498388
1.286611 -0.615194
0.029789 0.087230
0.506198 -1.518785
4.915079 -9.427948
-2.234814 -8.716955
8.379971 7.341188
-0.335698 8.263377
-9.085313 -5.611397
-8.459808 2.837704
0.301505 -5.359755
-6.661294 8.736659
9.598886 8.298730
-4.376758 -2.639267
-5.989728 4.992847
4.013041 -8.987295
-8.734133 8.846811
-4.147360 6.789053
9.103636 9.746226
2.589037 5.358192
3.850047 9.433795
-0.984907 2.861809
-9.111610 -3.823885
-5.420836 -3.688971
2.601611 4.994071
4.123570 -8.342592
-3.457538 -3.386009
7.989320 -9.173281
1.040580 -5.195810
0.883914 8.706151
-8.056411 4.912598
7.518927 4.708860
-2.710338 8.161195
7.289633 -9.484445
-5.993468 6.309350
-1.582936 -8.487902
2.140788 2.536669
8.821838 -3.775334
7.187794 -0.798861
-4.253994 -7.658779
-1.494087 -6.838720
-0.036406 2.021568
7.487236 6.673485
6.081708 -6.755685
5.613102 2.199287
9.068539 -5.931246
9.297398 -2.204455
-8.304375 -2.183115
3.680398 -7.996638
5.735046 -6.515878
-8.543805 -6.170079
-1.392779 9.382360
3.775275 4.942040
-3.228403 -6.572242
6.928822 3.660218
7.576837 4.203075
-6.058496 -1.323860
6.058753 5.370980
7.061622 9.706210
2.988751 2.274135
4.942560 -9.035699
3.656499 -4.766888
9.481678 -2.881641
1.433298 7.985938
-9.729377 -7.467992
5.389998 1.372052
-8.500384 2.593491
-9.075878 -1.265298
-9.819325 1.204244
-1.448491 1.242117
-9.956953 7.886321
0.510733 -3.084422
4.797301 -4.301095
5.606862 8.480977
2.275396 -4.950688
-9.052385 4.279720
9.630609 0.399903
-6.726913 -8.356890
8.166768 8.958079
4.749067 1.424848
-8.924984 -2.235100
-3.222943 8.829183
3.704216 4.538676
-3.034280 1.433103
-6.565681 8.486917
4.645104 -9.032265
6.098516 -6.608597
-2.203334 9.951317
3.982886 5.933757
-1.358255 -3.740232
8.862814 -2.779599
1.157471 1.506489
1.669620 -0.702441
4.633373 -7.680943
2.890313 -0.543585
-0.139224 -7.095552
1.898523 5.928461
-2.108809 2.728390
-0.256933 -6.434407
9.164092 -7.512076
-6.269450 -6.092078
8.659785 3.259586
5.761724 -8.093343
-6.035316 9.705097
0.926242 -1.170144
-1.078483 -0.151329
1.724715 -9.628129
5.663084 -1.846589
-6.891681 -7.417211
4.847340 -5.338300
-2.679655 -4.611495
-3.864423 -1.621788
-6.992311 -2.318957
4.133692 -6.150238
-8.949026 -2.227620
-7.007079 1.406365
-0.180386 9.702547
-4.454763 -8.914844
5.059469 -5.335485
3.033673 -2.697076
8.379256 5.067239
3.448716 5.816168
3.243348 -2.588630
-3.596296 -3.019932
-1.732633 -1.560753
-0.964769 7.335681
-7.818959 -7.472745
7.530567 -3.383023
1.329338 -2.733960
9.396369 -7.197491
5.163346 -1.642126
9.278634 3.906487
1.394969 -0.334467
9.795370 -0.204654
-6.789793 -3.826215
-8.131220 -9.033646
-8.666870 -6.757465
-2.678610 -1.970455
9.292751 -4.817551
8.710666 8.598393
3.948433 9.240340
5.773427 1.352226
3.894535 9.036458
1.158471 -7.284146
-5.344926 9.860919
6.048598 -7.005665
5.018097 1.506852
2.816249 4.027473
6.637664 9.970196
-4.190107 7.843557
8.521823 3.191737
1.812670 0.008083
-3.662794 4.984732
7.522918 3.636030
-6.439738 7.212138
4.920968 9.505351
2.904789 -3.558136
-7.581491 -6.089504
-9.823782 6.797661
4.127474 7.712861
0.674543 -4.357149
-8.553812 0.215616
-9.966413 -1.918167
0.693316 -4.025021
-1.180877 9.741590
-3.115405 -4.073951
0.837770 8.763779
6.208508 -2.508973
-9.191357 0.265456
-1.526747 -7.825894
-6.934664 -7.007341
8.304160 -7.200605
7.662883 7.280494
7.856451 3.301339
1.548977 -6.514618
6.041784 8.394522
3.828919 5.300751
-0.403764 0.334001
-2.764610 8.076554
4.296791 7.579432
2.374499 4.941857
-4.520330 -1.498812
1.395267 -3.329744
8.875541 -1.049390
4.914786 -5.278074
9.253685 -8.993841
6.675222 -8.872137
9.196688 8.565311
7.268338 -7.357212
0.887271 -6.949159
-6.002535 0.033844
-3.798083 8.680992
-3.438963 8.634191
0.982957 0.666520
-4.067055 -9.240414
-7.148881 -3.315765
-8.881312 -0.573764
9.525658 -9.295261
-6.308296 1.858120
-3.452422 8.175266
-5.395103 5.460615
2.847801 9.322896
-4.413633 3.295712
-9.762335 6.904870
5.296779 9.425337
-2.084695 -3.972335
-7.230641 -0.423759
-6.778005 4.175574
-7.006265 0.909020
-3.780036 9.417718
-1.537666 2.661917
-7.034880 -3.997439
6.714726 5.363516
-4.862796 5.637579
2.808618 4.200300
-3.319098 -4.596527
-6.680658 -6.298134
0.845081 -0.111493
-5.143306 -1.854407
-2.707133 6.309940
-4.040806 -5.525351
-2.751713 -7.999949
-6.679891 5.448800
0.813211 -0.633149
-0.200883 -2.411883
-7.901571 6.329994
0.276481 3.488754
7.558891 2.084259
2.786662 -8.226193
1.743760 7.877987
8.940710 -6.001311
3.378326 5.662946
8.955889 -4.774676
-1.124222 3.075719
-3.526932 8.313828
1.768451 -1.709856
-5.824475 -5.728173
-3.549598 -6.076316
-0.764000 -7.243829
-6.441325 3.402295
-4.740610 -7.367713
2.229125 1.927946
9.070080 -6.398047
9.316583 -5.433992
4.966774 7.810602
6.637658 -1.105133
7.702221 -3.904483
-0.238983 6.104509
4.554081 3.015503
-5.618926 6.019808
-7.497915 -0.878870
7.971994 -8.726376
9.081470 -1.817945
0.915860 -4.452106
1.640356 8.941838
-9.076360 4.362755
7.016727 0.806633
2.230829 5.979950
3.767417 7.670435
1.945570 -4.849618
-4.418626 -7.238385
-9.138162 -2.179079
-0.571737 3.950224
-3.260052 1.034576
6.594869 -8.807855
-2.667429 8.733486
5.136727 -1.514146
3.451536 -6.671781
4.190583 2.359605
-6.752496 5.033084
-0.597247 2.095243
6.314392 2.100055
1.171382 3.184083
1.106616 -6.381773
-2.993510 5.561529
-1.768239 1.600708
8.209871 -0.358738
5.055770 6.736448
1.468063 -5.985011
-7.037533 6.364923
5.540318 -6.113931
-2.383590 -5.412259
8.364512 3.693486
3.818170 -8.094039
-6.039247 -7.768617
3.182947 3.218876
-9.251185 7.320489
8.111323 6.861074
1.126008 2.721376
-5.844287 0.358599
-1.855531 6.441313
-6.614409 -2.413622
-2.965376 5.868753
-4.405222 -4.627728
-1.186826 5.235278
9.945660 1.074500
-0.266996 6.441030
4.751946 6.871724
2.545054 -3.560947
4.294516 -3.601814
-2.009983 -6.081261
-5.060685 5.529708
-6.715942 -1.204938
-6.741275 7.226781
-0.467424 8.067260
0.350752 7.756890
-8.246659 6.942612
2.686667 -7.685962
-0.015755 -8.036301
-7.354042 7.847086
8.632544 2.096870
-0.464036 3.992251
-2.293059 -3.745826
-8.772703 8.691277
-9.823744 -7.879592
4.380066 -6.472992
4.942004 -3.724518
-1.244735 8.129317
7.169913 6.358969
4.734293 -6.362632
-6.411204 6.594045
1.506235 0.107121
-9.074922 3.362419
-3.211970 -4.964507
1.981458 2.782120
3.057989 1.850259
3.608249 -3.816228
-1.057334 -9.351490
-4.525170 4.696171
0.787887 -1.450367
-8.442436 -8.421716
-8.377596 0.683421
8.257494 8.517569
7.219885 -6.954872
-5.889457 -9.999395
-4.269893 2.337648
-6.061799 -7.563464
6.319507 0.603200
5.529988 -9.736583
9.673613 -1.269797
-2.332807 -6.071306
-7.421013 -9.686262
-8.812075 -0.160974
-7.369528 8.064974
8.242862 -2.726286
-6.130549 -2.741322
0.479409 -7.542136
-6.831418 3.657211
-8.908087 -6.243831
-2.370066 8.655200
-6.186381 4.207671
-7.974383 -3.513089
-6.503061 -3.097932
-1.297798 4.494419
-1.728490 -9.119649
5.664018 -3.448196
-8.859461 -5.655583
-7.537339 4.079116
4.575674 -8.120215
0.530722 -0.148794
0.200360 3.047706
9.823516 7.519113
1.820792 -7.093970
-0.933360 6.015940
8.224910 5.190198
-4.302306 0.046451
-3.147861 2.896540
9.590486 4.556406
-2.067993 9.791387
-5.496171 0.287947
4.233623 -6.290375
7.645611 2.437936
4.007523 0.605876
-5.049533 -2.716774
-8.167238 3.145601
-0.287006 9.886581
-2.292785 -2.371959
5.411806 8.057628
0.004376 -6.358987
8.779313 9.232114
1.711364 9.682699
8.838917 -5.727760
-8.236943 2.532268
-2.105275 -5.931600
-3.455554 5.565605
-1.239464 -1.672738
9.993048 -5.831730
-9.621113 -8.945789
-5.300385 2.896462
-3.911565 6.286053
2.959515 -8.659827
-0.279700 7.469306
8.480442 -5.547184
-9.123186 6.579257
-0.365440 -2.682880
-6.112458 -4.562124
7.979349 -1.071459
-9.266975 -9.109897
4.180850 1.366249
0.338225 3.073512
5.639767 9.419608
-3.103047 -3.061451
-0.107288 1.230530
8.213456 -2.095770
8.753408 -4.829081
0.112602 -6.476393
7.968097 -8.160140
2.451762 -1.848898
7.716750 7.687795
5.099690 -1.191682
3.258319 3.804095
8.305304 -7.968956
3.244107 -5.680786
0.204539 -5.732380
-6.262958 5.638817
-3.301492 -7.585401
5.180478 -8.934657
-5.238033 7.839525
4.735323 -7.615952
-8.123495 0.985334
0.230904 6.266201
-1.727841 -4.218716
5.684387 -9.275659
4.443039 -5.694197
-5.291322 9.615272
2.729085 0.374298
8.788286 -9.178823
0.228686 -2.654496
-3.976172 -9.438520
7.936512 0.605166
4.594871 -2.698628
-0.327599 7.786515
-7.401462 -5.339642
-7.691582 -0.401180
-3.811923 5.991443
9.913746 -4.690277
-7.361019 0.668591
-0.624700 8.028028
-9.248636 1.288810
-0.176715 0.183992
6.812704 2.748758
0.169211 -5.517220
-1.916406 3.440896
-5.522071 -0.326978
-4.715990 8.863589
-7.526078 -8.343017
-2.258087 -8.449288
6.686494 -5.045035
2.336809 7.226224
0.943773 8.478487
7.592553 4.799290
8.248847 8.863655
8.560942 4.627068
6.988209 -5.057622
-4.747102 9.383147
-6.433611 -2.346977
2.685387 -1.554310
-6.041002 -6.047583
-2.284402 -7.133036
-3.745581 8.628769
5.794835 3.617106
0.661635 6.185608
-4.939104 4.321225
6.087150 -5.486118
8.019278 0.414015
-6.259100 9.921777
4.966017 -0.709510
3.259279 -7.893279
-7.526366 -4.821156
-4.596630 -3.927130
9.975061 -3.162746
-9.499834 -9.180092
-7.432487 2.194957
-4.998618 -5.792024
-8.656250 7.154943
7.545334 -3.653836
2.512926 -9.280753
1.783682 1.714823
-8.526594 3.656022
1.754477 0.872508
-9.482580 7.261518
-6.640992 4.980975
-7.564677 1.359644
9.098689 6.699533
-3.534223 3.861674
-4.516527 -9.260455
-0.665884 -2.089681
7.246651 8.170188
5.124246 5.546058
3.085589 1.391315
-1.422854 -5.200822
2.557108 0.285472
1.776719 1.011093
-5.527182 -7.687850
-3.967594 5.840466
-5.626190 2.648888
-5.743057 -5.370204
8.232508 -7.727397
4.457228 -1.201808
3.393361 4.816017
9.560276 -6.804483
3.005426 -9.960215
8.884083 3.025493
7.020140 -4.753555
-2.494347 3.974516
-8.849911 -7.142023
-9.665171 8.529100
2.978372 -5.895169
-0.600123 6.257470
-0.005931 3.072923
7.725699 -7.868974
6.622819 7.759018
-8.272625 -3.858152
8.753695 -0.828158
-1.667092 5.534578
4.567014 0.764019
7.153398 0.864611
3.143906 -2.886448
4.301589 8.316225
2.403679 -9.686349
-6.525978 -1.126028
1.058532 -8.095529
-5.645663 -8.856652
-1.405762 -9.781239
5.889911 -5.396923
0.731424 5.256139
-6.512813 -1.705712
3.540290 6.403835
-8.465354 -8.655737
0.683354 9.351574
9.270811 3.066861
1.627660 3.681232
1.615158 -7.035633
2.468448 -8.927006
-0.038527 -0.976842
-5.659849 -8.163521
6.959153 6.819286
-5.379781 -2.517009
3.942073 -5.605105
2.469627 9.112610
-9.293576 -6.971874
-6.350701 1.097917
-5.869985 6.180143
8.419423 1.755692
7.618262 0.186121
-6.694852 -0.336289
6.206694 4.639017
3.340465 9.447697
3.042888 -5.484893
5.991235 9.355461
-9.511269 7.971221
-2.693117 5.933335
-7.981457 6.624334
-9.168740 4.881272
-1.590440 -4.748265
5.825927 4.625676
6.592965 -6.181081
6.590057 2.463143
9.398743 -7.470502
-1.184759 -0.488945
1.504115 2.010266
-7.907703 1.128154
7.179394 5.426143
5.180983 -7.595324
-3.832245 -7.439280
-1.499982 3.841534
-0.396521 -2.842257
-2.135302 9.877257
-3.918727 -4.264689
2.270305 5.976083
-9.140004 -3.247125
6.502629 -2.117723
6.692533 -7.592033
-1.639114 -8.658510
-4.566270 8.622624
-1.212781 -0.148160
-2.234521 -1.373851
-0.355622 -4.858559
-9.700613 5.434564
7.471426 2.170956
-9.997190 9.352421
-9.113763 1.722366
9.290773 -5.590523
1.113257 -0.067374
-4.708648 4.085346
-6.886690 -5.842131
8.173276 8.643136
-0.458253 -2.196681
1.675141 -6.977301
6.484021 0.962214
-5.638350 -1.652182
8.254932 6.973455
-0.943220 2.222836
9.917549 1.797713
-4.611859 8.381770
-8.282281 0.877645
-3.099407 -8.482035
-0.504378 -1.228895
-4.261724 -6.398479
0.411720 -4.177724
9.217047 -1.177701
2.303869 -8.819595
8.529032 8.810113
-5.613185 7.565075
-0.249906 -4.198157
-3.679155 -6.262483
-3.077274 4.517367
-2.388752 -7.177735
-3.884644 7.539817
-5.963819 3.038241
-5.605318 -7.372685
0.884195 -3.031191
-9.271528 -5.606690
3.598534 -9.275688
9.358922 -5.011666
-9.052749 8.427604
0.317246 9.469148
2.810310 3.044779
-7.605143 2.693510
-0.400183 -7.247560
-4.907092 1.120323
7.605837 7.957444
-4.837464 -3.956748
-7.195636 -2.809855
-6.973560 -8.659771
5.924830 -9.445726
3.679471 7.700804
1.268223 -8.889726
-2.545387 -2.053286
-4.135697 -3.925888
0.660085 -3.193962
-9.724102 5.066000
-2.096272 7.358104
-3.553665 -7.559132
-8.552298 4.953192
-9.678777 2.121207
-1.758184 6.001719
7.264867 1.759796
-5.331285 -3.266187
8.087254 -2.092540
-8.407019 5.702200
0.747324 -8.869147
-9.324306 2.205271
-6.453146 7.515824
-2.178253 -0.772271
8.962135 -3.691650
-2.837346 4.411017
2.379085 -4.518133
-6.677246 -9.820407
-7.599291 -2.292473
1.690433 2.922501
7.744188 -6.219816
-6.169185 -3.528701
-7.588391 -8.301555
-0.977132 8.198197
5.422574 -9.527829
0.498497 -5.068762
-7.515277 5.864308
-2.056447 -6.348739
1.363147 2.558718
0.217570 -2.095104
4.930695 -6.855980
6.592808 -4.102376
-7.377453 -2.355639
7.716048 8.660990
-0.628318 -3.724334
7.618165 7.711037
-3.621307 -2.113209
-2.950515 5.767914
7.112336 -9.962284
7.960621 -6.707411
-9.683362 -3.461820
-3.904617 3.698368
6.887841 8.611965
-0.890791 -6.712144
-1.390296 -7.863689
3.452063 5.665770
9.354798 -8.810695
-2.653588 8.335402
5.794804 9.725562
3.566056 -8.105293
-6.581012 -6.268164
-0.847458 4.123178
3.608632 -1.409692
-6.650682 -0.740567
-7.290252 5.885380
2.318035 9.899802
-5.969057 -1.057288
-7.839098 -7.565166
-2.995949 -3.881637
1.400431 0.626398
-3.055922 2.515507
-2.928527 -8.649406
9.230118 -9.025438
2.262635 0.066670
8.065805 -8.481585
-8.781453 4.456272
6.517610 5.570758
0.999368 1.541959
6.382792 3.608194
0.482746 9.276783
-6.426271 -1.262799
3.743555 -0.176346
3.629363 8.020052
-0.360026 -0.752188
-1.953196 -4.264453
8.763490 9.555431
-7.953804 5.527357
-7.245990 -1.774612
-1.215958 3.605679
6.455617 -3.567867
2.113454 -3.484592
7.131897 0.383473
1.107814 -2.329152
1.349717 -0.025547
-6.879120 -0.276160
-3.090708 0.409508
4.546489 -0.383535
-9.256047 2.990619
0.999605 -0.053866
2.623984 3.560720
-2.757134 9.716130
7.880085 -7.615923
-1.282787 2.893552
-6.776085 6.526280
-3.508307 -1.317863
5.160710 6.569023
-4.089150 8.030123
2.510914 -8.767475
-9.738681 -9.100308
-1.427553 7.741609
-8.549289 -2.102245
6.162272 -4.862305
0.534696 -6.956634
3.049535 -3.211285
-5.805888 4.977848
-8.734579 4.523275
-2.451230 7.728013
-3.348894 -0.577079
6.782281 6.158984
6.762732 -1.359469
5.284131 -9.025630
-5.155070 1.175916
-0.298756 -3.924484
5.478580 -8.425413
1.010841 -2.998844
-3.653075 0.396782
0.031276 2.917918
-6.184459 -0.679269
-1.901558 0.112064
-3.728095 -5.205071
7.010306 5.735378
7.697118 -5.829657
-1.928976 7.547103
-2.829046 0.535072
-2.681440 -2.770495
-0.703931 8.529227
4.562359 5.403472
7.683052 -4.485696
1.495547 7.900156
2.913579 5.120507
-0.620744 -7.449864
-6.335603 -3.767527
-5.329645 9.640474
6.472193 -9.814322
-9.543773 5.547597
0.258611 3.979557
-9.516692 5.072355
5.224666 -2.356667
3.951960 2.014751
-1.736986 -6.876301
-1.233548 -0.717920
8.186924 -3.439802
6.670900 0.689811
1.773551 -7.724898
-8.537719 -3.723039
-6.400016 -8.368445
0.807039 9.731171
0.898685 -7.610422
-9.408547 6.001534
6.638033 9.221461
-8.458403 0.743542
-5.488821 4.799681
-8.044394 -6.123598
6.924994 6.291359
-4.606400 -5.038368
8.257766 6.611540
-4.781089 3.562469
2.865523 -3.888357
3.153285 0.390546
2.049188 -2.432406
-6.810803 -0.016180
4.822040 2.972491
-1.268161 9.760061
3.283131 -5.325949
0.852288 -6.990107
-3.594582 5.140175
-5.876121 -2.633938
-4.087023 -1.949261
0.485208 -8.742203
-2.157576 -1.062248
-2.583423 -3.543171
-4.814212 -3.132544
2.262828 -1.464860
-1.027940 -4.014385
-2.296766 -4.981463
-8.667685 0.348210
-9.224088 5.180805
-4.684168 6.693600
9.461986 -4.584367
3.337455 2.455669
-6.193109 -9.537798
3.067608 -3.579407
4.857824 -7.593558
-1.643934 8.716874
-4.064979 -6.962533
-6.854219 -3.190256
0.175656 3.633695
-9.549293 -8.745899
-8.988615 1.255201
-6.578496 2.781059
-6.316643 -2.309439
9.943364 4.347397
-0.420436 -8.799764
-7.327513 0.336413
-9.951968 2.457618
-3.898543 -1.177864
-5.816525 0.966598
3.149310 -0.219128
-6.012824 4.296312
-9.461699 7.744595
8.031222 7.078934
5.289067 6.433787
-0.299727 -8.618634
-1.251804 4.621940
-9.413810 5.200243
8.281201 -2.499501
-7.137999 2.389825
7.473353 3.160455
-4.581945 7.233497
-0.378857 6.637498
-7.945192 -0.232583
9.832034 -2.675649
-5.432919 -6.663553
-0.451368 5.900623
5.485876 -5.472942
1.715785 0.453010
7.817486 -6.959255
8.708766 0.594120
0.728582 -6.071985
5.681307 -9.408326
-8.896249 1.217810
5.387521 0.770775
-1.130037 -9.367020
2.077909 9.649799
-8.739983 7.553044
-2.780695 -2.233957
-3.592316 -0.303336
8.624162 2.731724
0.457568 2.057601
-9.075599 -6.972176
0.004122 7.015685
5.143587 -6.849676
-2.550871 -5.451928
5.890435 -4.725554
7.696724 5.122798
3.514152 -4.036587
2.522354 -6.875700
-5.778331 3.129200
-6.636583 -7.940693
-1.332533 5.691453
6.764975 -7.749401
-0.525051 -7.274206
-7.035924 -2.244310
1.894139 1.045398
-7.588828 1.714670
0.119792 -5.071509
-4.528520 9.230086
4.172159 1.261394
-3.981829 -6.292847
-5.594010 4.133768
-1.181295 -5.022958
-4.096755 9.457846
8.305691 -9.602213
-3.156289 -0.246272
-1.855626 1.267089
-1.418805 -2.741781
8.608160 0.178512
-5.784522 2.894464
-9.542297 -5.276657
-6.319601 -3.649239
-7.190832 0.103023
4.493281 5.773227
-4.507979 0.471054
-1.726781 -3.634056
3.718171 9.439608
4.174725 -5.422506
4.026386 -3.669755
-6.630063 -4.806705
1.178158 3.169668
-1.773689 -7.489345
-6.101392 4.555561
-0.019159 9.914052
-1.501854 -3.905825
-6.835758 8.884442
3.052341 3.266903
-7.915890 -5.601864
4.731430 3.430968
4.103096 8.377083
-6.684794 -8.073014
-8.027276 -9.299635
-4.933085 9.358913
2.958040 -2.771661
-0.066301 -0.143357
1.984555 -0.757662
4.474292 1.471006
-5.383202 7.466591
9.333227 9.078319
-5.735300 -2.429193
-0.739502 -2.193811
-2.360104 3.481677
-0.521038 4.496802
6.620794 1.683834
-2.730120 4.183730
-8.182073 -9.911554
-2.282015 1.434137
-8.785203 0.542821
9.219103 -5.254822
-8.721632 8.441988
-5.290465 -4.944666
-7.060783 5.148059
1.770841 -7.551499
-8.395339 -8.003333
1.272802 -1.192509
9.216926 9.412247
6.944643 2.388046
-5.079489 -9.830163
-7.341872 -7.275357
9.275790 1.512068
2.147547 -7.371875
8.167692 -1.003961
3.218533 -5.436042
4.663195 -6.152146
-1.343126 -5.869873
2.853235 3.909048
3.803486 -8.845316
-2.658171 -0.272387
9.536655 -0.298174
-8.626747 8.119205
-8.962325 1.723811
-1.137780 -8.439054
9.286923 9.474346
0.730377 -6.222152
2.500793 -0.872477
5.801104 -6.089592
-9.349988 -7.309073
-7.362371 -5.289240
3.871979 2.931939
7.963634 -1.854752
-5.836447 -8.080370
-8.308237 8.893656
0.340056 -8.939419
-5.207404 5.027967
4.962713 4.119084
-8.353999 -1.620080
0.170544 1.002967
-0.307722 2.963563
3.445846 6.801748
-5.011456 -3.338572
0.206866 -1.699846
-9.680529 -9.626582
5.024605 5.055174
-6.631436 -7.883986
0.483639 -4.423138
-2.224253 -0.754462
-6.141409 -7.503565
0.613517 5.765915
0.101902 7.490008
-4.727654 3.629346
0.712552 -1.858538
-6.476758 6.408154
-0.271294 -6.221839
-6.352260 -2.306644
-5.395237 -8.018340
4.660709 -4.486207
-8.415910 -0.826011
3.663611 -8.955478
-9.250696 -7.375354
-4.913374 4.010523
-2.005140 -3.384901
-2.152209 7.940233
6.600346 1.792257
3.562826 -5.317064
-8.705279 -1.923051
-4.631033 3.479527
6.860900 9.164013
0.287765 -4.687748
9.437354 -0.978468
2.111831 6.203664
-9.421661 7.303338
-5.794400 -2.052416
2.543516 -8.333439
2.457096 2.226858
-7.567184 -3.978929
-4.907759 -0.156695
-7.004638 7.034689
-2.819865 -4.746777
2.359058 -7.404521
9.391195 3.159199
6.102958 -0.548328
4.986978 3.590597
-8.110596 -3.731938
-2.953055 -8.236938
-4.610554 -2.265144
2.356115 -7.975002
-6.485878 4.402930
9.384019 2.716645
-2.181095 5.798684
8.099542 4.186439
5.731795 0.178919
3.090068 -6.200270
4.722465 1.808469
9.046475 0.615003
-7.808245 1.490627
-6.933175 2.013447
-2.788230 1.103541
-4.350568 4.647286
-2.456679 3.082635
-5.915859 -1.400129
-9.917666 0.983228
4.613569 -6.916632
-7.982671 -6.902922
-8.767870 -7.300228
4.612052 6.434039
-6.142005 8.872351
-5.759394 8.454691
-9.433212 -4.573257
0.595665 5.751557
-5.040478 -0.557638
-7.953242 -4.527342
7.685184 -6.101037
4.200042 -6.978716
3.852253 -2.910080
-9.995337 5.919094
-9.715007 2.630513
-9.285122 -2.897076
-0.573434 -7.345180
-5.698415 9.446926
-3.032351 -4.074936
-5.302547 -9.655890
-7.937511 9.997866
2.447308 2.673713
3.047329 -7.094840
9.606276 0.760609
-3.344826 9.334093
-2.257724 9.153633
-0.391534 -7.673936
-7.051770 6.712517
5.827065 -0.520405
-1.083237 9.523766
0.740995 4.698650
-8.304380 -9.234489
8.294544 7.635566
7.432155 -3.481043
3.709221 -2.657373
7.077717 2.601743
-9.612571 -2.253065
-7.606843 -7.523071
1.598426 1.450650
1.286784 -4.601272
9.058543 -8.611855
2.288200 -2.267973
-0.821256 -0.064230
8.725467 -8.498279
-9.817735 -1.475362
-2.004961 -1.508662
-8.063716 -4.284883
5.668859 -3.815063
-0.904827 -5.847164
-5.403988 -4.642660
7.831929 -3.136665
-7.709352 -3.901694
-0.202300 -7.220457
-1.571867 0.849306
8.791570 -7.519070
5.939197 5.858266
3.707796 -2.898391
-4.190716 -3.016803
8.313582 1.594181
-2.534983 9.687949
4.494765 -7.775718
7.980556 8.431621
-9.853768 -0.100638
-9.956156 -2.820385
3.036074 -8.817573
-5.751171 2.646536
-7.043031 6.458637
0.978434 -5.711562
-8.970797 -8.208166
7.102118 -2.273560
0.766830 -3.777184
-4.780103 -1.501098
1.818985 5.758257
-4.787678 0.837465
1.172514 -6.061104
-8.296280 0.978447
-9.865445 -9.484340
-5.487599 -6.266992
2.680781 8.513295
0.679306 7.804054
-1.950587 -6.295752
-3.536409 -5.127952
7.698274 5.218069
1.680045 9.780033
8.450034 -7.959589
-8.180904 -0.183136
7.433249 -8.041494
4.075016 2.883096
-8.593644 -1.074651
6.636837 2.810219
8.856832 4.361712
2.876368 -1.501554
8.802700 3.576634
9.327136 1.649056
-3.878097 -4.076334
-3.990710 5.067150
-2.640180 -1.156825
-0.989269 9.202347
-4.448150 -2.448386
2.229206 2.816891
-9.440517 2.624067
2.600999 7.675091
-6.922504 8.854602
1.956749 -4.031096
5.629692 -1.346319
-9.517780 4.698451
-7.100211 5.922049
8.500557 5.109451
-4.469894 2.629281
-1.982590 6.737530
5.445730 0.899832
0.855609 -4.212769
8.321150 -9.415589
7.951367 5.281971
-9.885932 -3.814206
8.937056 4.851111
-4.350931 -4.757980
8.024923 3.634695
7.725172 7.968570
6.380669 -7.962709
2.138027 7.217614
-2.803977 -8.989659
-2.767990 -5.207416
-7.083130 -2.921281
7.648156 -0.368256
-3.884339 4.564706
-9.678258 3.771188
-2.689803 5.373514
-6.100001 -6.151808
2.098254 2.579718
5.240576 -6.596151
6.338947 8.380006
-3.660257 9.505016
-0.702070 -2.267851
0.459341 1.716084
3.017016 5.551240
4.768832 7.582623
9.136040 7.312021
3.620089 4.884912
-0.901985 -3.646802
4.488743 9.322798
-0.531187 -5.490628
-3.158610 7.690401
3.588649 -8.347312
-4.694359 -7.276950
-7.265177 -4.760257
0.676489 -5.650334
8.082626 8.711487
9.441638 -7.928638
-1.462260 -5.149344
-0.765532 3.780778
-8.306401 1.891561
2.472916 6.326909
-0.278959 6.902130
-5.279686 -2.864004
-5.770749 -5.899115
-7.595465 9.067750
1.257428 -3.496595
6.792073 2.548259
0.878908 5.058664
-0.960134 3.362853
8.504740 -8.884222
4.436820 6.962994
-7.953304 3.517917
9.091920 -6.853644
5.406896 -6.753279
-1.447750 9.357968
-1.507617 -9.218693
-1.066771 -6.750116
5.107725 7.025291
-8.669589 7.592350
-0.257178 -8.698383
2.360944 -3.378218
-2.869494 5.499268
2.176597 3.208661
-7.802507 0.507883
5.287290 -8.558645
-2.912044 -3.977650
-6.787895 1.637750
-4.567429 -8.394008
8.061350 -2.519313
-8.422466 -1.860340
8.885933 -6.358602
-2.374567 -7.880077
-6.830772 -3.761243
-0.270923 6.210954
3.703482 8.310301
4.808457 -5.928200
-4.699293 2.534588
2.196131 -2.146918
6.416727 -0.972932
5.665815 -7.120115
-5.644072 -8.628142
-6.029136 8.794105
6.308246 0.463829
-9.650987 -0.373931
-2.919806 -9.372751
-0.348424 -0.147880
-7.902094 -3.362711
-7.457849 4.105598
9.846891 4.650232
-8.225709 -3.056151
1.160291 4.910571
-6.299775 6.365894
2.190207 0.310279
-6.810232 3.512502
0.184508 9.042861
2.714204 5.043127
-6.237782 -1.270295
-6.428545 1.820652
-2.379463 -8.472208
7.333860 1.262185
9.967364 8.634451
8.161465 8.404610
-0.428366 -5.091707
-7.353429 -8.865091
0.673546 5.164351
-7.150297 1.535293
7.209437 -3.555406
-3.947676 -3.716693
-1.356850 9.934538
-7.800371 -3.361769
8.292520 9.658160
-8.129912 -0.383016
-0.876756 6.078435
-2.473081 -1.328343
-1.592362 -6.805000
9.845285 -5.351496
-2.862991 4.021257
-7.318702 5.775946
-3.946887 -1.636515
-7.191343 8.402403
4.129964 4.028693
3.156303 9.625513
-4.056532 9.428302
-8.010486 -7.817043
-9.257001 -7.907072
1.917668 -1.221017
4.083082 2.429737
-5.344062 6.272935
-1.755364 -8.852836
1.179805 -6.940475
6.086906 9.488473
-9.556725 -2.186453
-2.439242 0.629296
-1.894456 3.347254
-2.272826 -3.286729
9.506216 7.693563
-7.332486 -4.015322
-5.012739 -1.544063
7.900448 -2.575388
4.564939 6.689754
-9.816528 2.431865
5.746886 -9.795816
-1.423357 -3.648957
3.930345 -3.589660
-2.964277 -1.141414
-4.880364 6.138130
-0.026777 -7.727930
8.637123 -9.876780
-4.650023 1.492406
3.200581 8.944835
-8.866512 9.192306
6.764914 -4.830104
8.588068 6.865180
6.283407 3.452398
5.773521 -2.149719
-6.491991 -2.639402
-3.532242 4.918297
-5.013044 -5.951460
0.827201 3.117035
3.213112 -9.666745
-8.258680 5.908835
1.778053 0.081366
-3.051207 5.227505
4.743855 -3.915968
5.275331 -9.819887
-1.700515 -5.244863
6.824971 -2.241931
-9.870936 4.210639
3.841902 -4.614713
-1.345437 -9.228972
-1.897927 -4.244944
9.902514 4.095772
1.160719 -8.739505
-5.993780 -6.417550
2.986629 2.891481
-2.216117 -4.429229
-3.211226 -8.539065
-4.965441 -1.708900
-9.868971 -8.783308
9.691837 3.275549
1.387764 -4.232053
9.036769 -2.891001
7.070788 7.612457
-4.436579 3.227240
9.724491 -1.485365
-3.229091 7.870393
-3.135293 8.408041
4.983995 -5.875299
-0.242353 -3.932553
-5.704207 -4.848894
1.721860 -0.910789
-1.108455 3.518397
-6.703605 5.056257
-1.656177 -6.558497
-7.836391 4.718549
-2.819984 -2.363297
6.483125 -7.982021
-8.614058 5.234498
-7.542940 -1.947053
-5.362928 -1.298489
2.620401 -6.989734
3.281654 4.619765
-1.217964 -6.237767
6.908104 9.942312
-7.259693 -4.504821
1.032197 5.871220
1.708513 1.177499
-4.248420 8.169556
-4.329169 -3.666010
-8.427408 -3.033256
3.808320 -6.695447
2.386818 -0.222723
8.760428 8.987380
4.605286 4.770857
7.631049 6.526271
-6.892561 5.760503
-9.590077 -0.368327
-6.958624 1.458946
-7.573493 5.130824
1.779600 -3.487902
0.924106 5.898260
2.081238 8.327762
7.641255 -1.742372
-5.840031 3.125187
1.027278 -1.609866
-7.632180 6.816163
-2.207753 -1.054306
-4.053146 1.319590
-4.852123 -7.294175
-2.971373 -8.143594
-3.336934 -3.567178
-8.111220 9.591842
8.599930 -1.461525
-0.427975 9.104728
8.725173 3.785869
-4.592647 -2.679702
1.061777 -2.450239
-0.652736 -8.852970
3.625400 -8.732503
0.920479 5.678080
-7.457722 -7.620096
7.935543 -2.530616
-9.490529 -3.138985
-6.399447 -9.457716
3.194930 -2.228304
-1.708376 5.566428
9.826602 -2.619391
-2.232864 4.406287
6.163784 -2.873730
-0.455537 -1.314912
-2.639709 9.764739
-8.241565 -4.146924
0.558320 -4.150925
-1.922658 5.663088
9.992154 -0.475711
-4.650548 -1.228247
1.062351 -0.383244
0.061394 -6.680046
-5.383397 4.970687
6.493740 4.999365
-9.843230 -4.190694
-7.095116 -2.455672
3.748032 -4.558951
-5.978614 0.413171
3.097815 7.408975
3.807333 -2.833837
9.965028 -8.261607
3.989276 9.886091
-1.334450 -0.544954
1.434936 -2.300825
-7.302913 -4.890068
0.620014 7.018135
3.899176 -0.534312
4.714720 1.446635
-0.787034 -5.839808
-5.962617 3.171420
-3.916575 8.065540
-8.031021 -3.656918
-6.337467 7.697390
9.394936 4.460695
-1.233633 5.857390
-5.134075 0.173194
-6.779727 1.054890
-7.131313 0.109996
6.481965 -7.565761
5.349555 -9.183242
-7.611356 5.175242
-0.677033 9.435381
-8.506514 9.919500
5.959661 6.577845
2.882176 4.193143
-9.096153 7.877994
2.956394 2.487381
6.195969 -5.560519
2.950741 9.074674
9.316845 6.193082
-5.966720 6.692966
6.981971 5.846166
-3.276122 -3.791271
8.572277 -6.597579
-1.450977 -5.993953
-8.045447 4.027836
6.254455 4.701053
1.279822 5.011425
0.682966 9.170803
9.403124 -2.509638
-6.183553 -6.459279
4.824531 -0.433911
3.725681 -0.010683
6.955993 -1.725930
-3.630933 -2.090966
4.402566 2.041709
1.587496 5.821201
3.282722 -5.984932
-0.557483 -7.980619
-0.547950 4.366980
7.550491 6.777785
2.351956 -7.688969
0.001142 -7.283346
-1.396245 -6.087756
2.504044 9.369967
3.405192 -3.088226
-6.557416 -9.121042
4.838610 5.616686
-0.492447 -1.588442
-5.817019 -0.876675
1.795371 -9.939070
-3.745363 1.056151
-3.549547 9.145354
1.462134 2.732036
3.841128 4.359527
-9.785180 -5.724595
-1.058486 -2.847504
-0.489674 -0.731973
-5.305073 -3.051301
-0.719276 5.714858
9.060378 3.172218
5.571629 7.864815
1.504231 7.241578
-2.416753 -9.684807
8.575531 9.030304
-0.278965 3.878803
-8.168093 -6.123454
7.323176 -7.737048
7.590827 -2.469741
-0.583547 -1.642140
-5.800410 3.462436
7.013470 6.390579
-4.827831 -8.290308
1.530363 5.814454
-4.759534 2.500916
6.164397 -0.968610
-2.142465 4.598015
7.343850 6.163648
-2.222158 -5.541680
9.651252 5.342283
2.331961 5.531427
6.509023 7.704670
-2.196725 -7.810542
8.076586 4.646431
7.641946 -9.882874
8.863545 -7.060333
9.930153 5.772722
3.501598 -6.135432
-0.879503 -9.638186
3.689501 -3.529078
2.072282 2.536626
5.092326 -3.115235
-9.998636 6.656600
-3.770658 -4.180072
-0.095743 -1.473130
8.069739 -1.555039
-8.144199 -5.378481
-4.908877 8.413789
-8.063988 -1.199933
5.542975 -7.794148
2.863948 9.513485
-1.622520 -2.074557
-2.163092 4.371122
-3.939239 -1.051692
-9.937463 -9.525530
2.617915 -7.095638
7.676223 -8.619535
-3.697788 -2.285851
-1.941852 -4.314019
-5.619233 7.554089
0.846286 -8.193962
9.148580 -2.028169
-7.061680 2.292735
8.843522 -5.217600
-9.744512 3.709560
6.699558 7.523238
-4.291495 4.654518
0.388987 -0.134582
-9.297426 8.924452
-0.246242 -0.777244
5.571660 8.416634
3.026265 -3.340092
-7.750747 8.553283
1.601473 -6.402048
0.925537 4.818697
6.155002 9.994564
-4.551872 -6.948535
6.598184 -6.859634
-0.440368 7.328668
0.836995 5.957452
2.294999 -6.949550
-3.160316 5.239764
5.802379 2.394498
-2.505521 -8.138304
-4.860240 0.731654
-0.238603 -5.885755
4.417543 3.950933
-2.842541 -5.284155
-9.972955 4.851942
4.950571 6.909589
8.681652 -8.731407
5.471881 5.866572
-3.417921 -1.080057
-9.892886 -6.110201
6.095378 -0.762785
3.078880 -1.675152
-8.164332 7.762380
-4.548388 -2.771170
7.802210 5.358292
8.277924 6.478792
1.586654 -9.829900
-5.200692 -1.031087
-6.256424 -3.195899
-2.274798 -8.465830
-6.215351 7.365492
0.581625 1.528615
7.779632 -5.661194
-7.333354 -3.398025
-0.259928 -8.384298
-0.218251 -7.855277
3.359995 -2.422567
-6.482513 2.749318
-7.556581 -4.003008
-9.792066 -0.501045
-2.252657 -6.960272
-3.210384 -3.128590
8.846060 -4.786823
-8.868060 -2.181110
9.949835 -8.376933
8.896640 9.462813
-3.115150 7.365178
3.526635 -2.615468
-4.731581 -0.019374
2.963543 5.380947
0.739478 -0.442211
-5.644255 -7.875230
5.020299 -8.242947
7.912284 -5.148616
7.594847 -3.277947
4.656023 9.766015
5.521758 -2.542909
-7.539474 -1.234854
-1.271143 6.210145
-6.806735 8.719078
-0.826244 -4.850776
-6.479568 -7.374834
-9.925361 3.033053
-0.744987 6.427940
1.651423 -4.068511
7.970073 9.363338
2.280039 0.127598
5.791780 -7.874966
7.692382 6.237837
3.025165 -2.708631
-1.775755 4.103360
-6.026832 -3.199017
4.312072 3.820046
-9.450009 -4.825076
1.560802 8.698312
-0.540239 1.721766
4.274915 0.094517
1.978512 7.071813
-6.578296 2.204504
-3.849899 -2.235314
-6.646486 -8.608201
0.371677 0.941282
4.836683 -8.546151
7.062551 -2.548722
5.989890 0.882291
-6.115187 -3.294845
0.838736 4.551838
-8.583712 9.944459
-7.057006 1.243494
-1.877468 0.157402
6.231075 -2.936611
-1.582238 1.681469
-9.042914 9.275735
6.938937 -8.492580
8.930167 -3.938513
5.911535 -1.679132
-8.467061 7.303098
6.158446 -1.722416
6.738493 7.789988
6.142148 -2.760996
5.405843 -8.181776
4.431894 0.998506
5.583189 4.309775
-7.170501 -7.917860
1.216547 -7.946042
-0.077048 2.489372
-2.285705 5.621768
1.848390 -5.158149
-6.393295 -6.200905
-2.304172 -2.324509
-5.445405 -7.202636
5.748070 5.324134
1.433322 -4.624621
-1.347799 7.956052
5.660831 1.454083
-3.829809 -8.040941
-6.179222 2.026109
-9.381281 7.688671
0.203940 -1.487604
0.384365 -6.520393
8.357956 -7.934015
7.817400 8.681162
-6.546885 -1.134423
3.898258 7.367053
-2.472341 1.812788
4.591105 6.525925
-4.207215 -8.451883
-0.323206 -1.757394
1.066004 -8.595647
6.889932 2.866449
-1.165761 -9.112862
-8.849637 -1.090123
8.152278 -9.701071
7.326412 6.150422
-6.681843 3.227011
-0.177937 0.525112
5.414801 -0.946362
-0.918517 -6.338727
0.325644 -3.761430
-4.745912 -5.728769
-5.988255 1.442613
6.642968 2.583076
-2.508857 7.242535
1.831183 -5.868057
-6.198065 -9.403445
2.489156 5.894994
-8.382459 4.150960
-1.701635 -3.951626
-5.195235 5.555713
9.546390 -1.938615
-9.896705 7.230671
-5.494492 4.957524
1.934053 -9.482939
4.549941 9.053502
8.752351 -3.992091
-9.031344 -2.495665
-6.525002 -3.536682
5.261568 1.492443
-6.280106 -1.718069
-2.084352 7.452915
8.835412 -3.010504
8.504868 -5.718227
-6.989434 4.189513
5.042819 -6.732553
7.890792 0.445003
-7.638456 9.991244
-8.308856 -4.357750
1.153453 -5.772127
5.348262 3.998598
-8.740223 2.051560
-9.443885 5.701961
-2.775315 -1.869491
-2.272900 5.754667
5.645201 -9.398666
6.322724 8.502260
7.256597 5.148940
1.656740 7.998771
-3.436004 9.255426
9.389462 -6.285895
-4.144274 4.775376
8.603755 3.960721
9.292556 6.352407
1.312703 0.611475
-0.228539 5.962212
-3.603792 -2.531505
7.813589 -4.432161
-2.363989 -1.136004
-7.884701 -4.140227
8.053103 9.900119
-1.455840 4.956444
6.301504 -1.414229
0.493094 -6.990272
4.193386 1.333201
-2.912478 6.289433
5.260144 1.995239
-0.262210 7.355672
5.435844 -6.492042
-7.317178 -4.464797
-7.397338 -9.521392
-1.830966 2.333813
-9.381331 -3.919647
0.444822 4.573724
-0.721399 9.040444
0.656803 3.188877
6.277271 -9.946908
-5.967642 1.572691
-6.358984 3.254561
1.741025 -6.715657
-3.080769 -4.561176
-7.812432 -6.568808
7.715679 -8.953889
0.298164 8.758125
-9.555869 -0.608816
6.722378 -5.864234
-2.702964 8.463399
-4.804895 -8.944419
5.870349 -1.799852
2.978487 -4.032699
-3.329349 9.626126
5.989422 9.908159
7.688170 -2.668855
0.706298 -6.924367
-2.926534 -1.886466
1.221199 1.464675
-2.446639 -1.815101
0.676559 -7.765862
-2.040548 0.503296
-6.349829 -8.587951
5.506737 5.020340
-6.329695 9.802849
-0.520478 2.547816
-0.684084 -5.588030
-6.967134 -1.375340
4.912707 -1.202695
5.012729 4.908782
-2.824969 -7.201930
6.989029 -8.024874
-3.270961 0.624645
-1.983506 -1.462772
-3.753990 -6.295262
-3.250114 8.979198
3.540187 -0.022800
-4.440905 1.090953
-7.322053 -8.751017
-0.642428 -2.538060
-8.672574 -5.516281
2.822183 -0.226890
1.903583 7.270466
-3.288872 4.238834
-8.975433 7.599150
9.626262 -6.838144
7.440971 -0.337008
7.023011 0.171083
-1.578481 -7.011924
-3.305849 9.328036
-6.382980 0.020737
7.209015 1.269563
3.286023 0.726422
9.535164 -6.740683
1.043041 -4.935510
-7.466444 7.668542
-8.125764 8.806464
8.707644 7.086497
6.135839 5.721176
-1.110919 -9.165436
-2.590196 7.667339
6.866192 8.223926
0.139275 5.925722
-1.745553 -9.069547
-8.788059 4.639516
7.485175 -7.553503
-1.732545 -2.434674
-0.513288 2.450270
3.238079 0.815799
-0.956141 -6.963971
7.780572 3.547940
6.237267 -0.175168
3.344956 -4.618643
9.558936 -1.662705
8.613333 -5.865061
2.460528 2.897162
-6.717356 -0.738050
-0.454230 -4.166797
-1.466752 -9.767987
-9.372565 3.589592
-7.236989 -0.443162
-0.857287 -1.470318
7.405258 -5.814329
-2.316072 5.849058
3.147690 -4.074528
-4.963467 2.456786
-8.671824 1.822907
7.062195 -2.451240
7.227919 5.364796
-6.049607 -5.705669
3.224310 -4.913595
-5.243860 -0.194858
4.343639 7.742070
7.562471 -4.786625
-4.495258 9.647143
0.448238 7.239237
4.618471 9.305924
9.503160 9.746073
-4.856973 4.599150
-7.891044 0.042800
-3.198002 -3.772271
9.751447 -0.026119
3.712372 8.625316
1.064259 3.296189
8.253416 4.446155
-3.550596 -2.356825
-8.783972 9.256666
-9.443540 -3.140339
-5.203538 9.735481
9.727922 9.632628
-0.767190 -4.445631
-7.295252 6.493327
-4.279644 4.689809
-5.678684 -7.210101
-8.985395 2.970063
4.718859 2.726089
-1.414049 3.316421
-6.646974 -8.899006
7.322807 4.896753
5.644087 -5.327214
0.693062 -8.859802
6.992528 -3.363003
-7.672698 2.758489
6.040718 -3.874487
-3.845745 -3.122547
-0.638800 7.414650
-4.432995 4.472064
-9.166817 5.818034
-1.532560 5.741897
7.965305 -3.401650
8.901697 6.586747
2.335901 -9.311410
-5.554450 -2.468795
9.789801 4.792527
-8.500264 8.401443
9.954929 9.639106
-2.483137 0.334571
1.319046 -8.221848
6.999219 5.723269
0.322722 7.758415
-3.823195 6.302156
-2.654167 5.737475
-7.394644 1.946868
-2.782278 2.909351
-5.287164 4.667895
-2.732409 -0.060443
4.781600 -1.468460
-6.190803 -2.079934
-3.844623 -0.976792
9.774465 -0.374729
1.974973 -4.371514
-4.194281 -9.953628
6.697752 -8.552552
-6.806166 -5.023898
1.471872 -4.671587
-6.376738 8.422175
0.301394 4.190493
-2.538054 -3.564552
3.492109 -6.869659
3.066595 5.211331
-3.456656 -3.097216
9.245440 -0.451125
-5.500551 -4.706622
6.903488 -2.367031
5.665163 -4.628497
5.431218 -5.266650
-7.659125 3.426434
1.209409 4.806671
-1.102797 -9.075975
-2.880703 6.207176
-6.392002 0.479555
-3.929222 -8.231624
0.625009 0.092260
8.441411 -2.610757
-8.161046 0.843110
-6.107606 -0.327949
6.544112 8.908012
3.871682 -3.060363
8.235122 2.503991
3.360653 -6.093059
-9.012364 7.093410
-6.095257 -5.018671
-2.649934 5.840864
-0.542568 -4.457076
-5.116212 -9.727425
-9.454052 9.732035
6.688181 0.712909
-0.817545 6.707309
2.253097 -6.473089
-5.115917 9.476346
-2.716646 -0.136418
-4.165300 4.255562
9.934675 3.014302
6.878437 7.110617
7.297745 3.786196
3.195049 -2.047921
-3.931582 -8.234535
-5.256390 0.462298
5.422552 -9.524398
5.240208 8.238183
-0.772066 5.981578
2.484781 4.306601
-4.149222 -6.056707
-2.743983 -0.585732
-1.634133 2.268214
4.062607 -0.801484
3.496267 1.496825
1.831094 -7.449658
4.132655 3.964671
7.992653 -6.443219
-7.395206 -5.465774
8.641949 -1.641762
3.163585 -8.500749
-5.558604 3.855702
-5.754575 9.564379
3.728078 6.839226
-7.202588 1.775290
0.007314 -3.923751
-2.461520 -7.291094
1.192872 -1.162919
4.764901 -8.015379
1.709799 2.681164
7.048380 1.537936
-0.223060 5.510864
-3.651879 5.635855
2.079805 8.591560
-7.079536 7.698022
-6.619455 -6.184621
-6.384773 1.360048
-8.373302 0.829972
6.378167 9.268265
9.751849 7.554555
-6.480756 -7.068394
-4.467182 0.386848
-1.606545 8.616673
1.362324 9.621658
-7.753884 -4.903084
4.817993 -2.505142
6.293656 -5.520612
-2.858166 3.928787
8.780408 5.829817
9.691962 0.538735
-6.713383 0.666796
-1.762135 -9.751319
-1.308437 3.486566
-6.972508 -3.025955
1.269488 9.732314
-0.168605 3.510076
1.293745 2.790515
2.967507 4.804816
-5.114961 -0.133713
3.020899 -8.276863
-0.543108 7.283835
-9.972897 -0.950418
-9.459971 -7.592127
-8.019785 7.157404
-1.272685 1.645720
4.953177 -8.234515
8.536222 7.685219
6.320506 3.459018
-3.256062 9.408850
4.356126 -2.451634
-9.823242 7.614783
8.808798 -2.847694
-9.894445 -6.905065
8.829661 6.397056
9.479290 0.887548
-7.341772 -6.523790
-9.556791 1.409992
-4.692919 -2.642086
2.455908 -7.417553
-2.111395 6.218394
0.233132 2.627996
-8.714760 7.146586
-1.098119 6.415773
7.396352 -3.955901
7.467983 4.220372
-5.932313 -4.689703
-1.424863 -7.604696
0.609814 -2.478832
1.218919 -6.791758
5.459206 6.210367
-2.331602 -3.102730
-3.478220 3.865929
1.489548 6.590507
3.022686 -7.878435
0.863784 -3.475080
-1.334221 -3.203498
7.171416 -0.447300
-1.871835 -8.734633
-6.440022 -2.136608
3.222585 1.062671
3.505319 -4.074420
-5.125760 9.079567
-8.013283 -6.818983
8.000342 0.360695
1.062554 -9.856673
7.438303 -0.773893
-8.345283 -6.585437
-0.956509 -5.083392
-5.645765 6.371229
9.208281 -5.328999
-3.843627 2.839064
7.343649 9.353678
8.744651 2.205758
9.052729 6.474749
-0.743943 -3.276246
7.605230 3.894460
0.001148 5.884510
9.323991 -9.467027
0.039637 0.587972
9.212914 -5.084401
2.743631 3.327756
-0.330977 4.474496
1.976669 -6.038914
6.335493 3.588451
-4.979341 -1.536580
2.759928 7.290157
3.987149 -6.200353
1.730654 -3.245835
9.029621 -1.637365
4.924974 0.121367
-8.734161 -6.459415
1.750694 -7.608788
-6.096060 -6.425914
-5.628742 3.493420
6.562908 -3.682056
0.009500 3.379221
7.388035 -0.180340
4.456210 -4.703377
7.353772 7.755300
-2.542746 -6.373775
-3.581657 8.473433
-7.868998 4.521947
0.743110 -9.027612
8.742923 -6.314877
1.992719 -5.886303
-2.062094 0.439266
-2.953431 -2.270453
0.074560 -0.822387
-1.608636 6.860354
-6.515210 -1.244833
2.025111 6.356987
-1.611914 2.639261
-7.589504 -8.882218
-5.966457 -8.064975
-9.973483 1.833047
3.067765 -4.882159
0.550864 3.911994
-5.357334 5.934739
4.515950 3.417041
0.657613 -3.746398
-4.863949 8.060609
1.947596 -5.586026
8.689608 -2.655719
1.038129 6.264550
-2.088019 -3.072019
-9.903174 4.865806
-8.290085 -7.401520
-1.382774 -8.658521
-1.812775 7.978885
8.660745 -1.656286
8.826755 2.159525
-6.313919 -8.727529
0.300270 8.403052
3.186283 6.255113
-5.709226 -7.658781
0.895561 8.413813
6.523043 -9.541516
2.174301 -6.498702
7.642807 -2.459610
-6.345507 -5.561731
-3.260008 8.347794
8.752246 3.120544
2.770076 -9.545661
4.159286 9.813955
8.070876 -9.713819
-2.169918 -1.397319
3.387843 6.966567
-5.895791 -6.879054
-7.560452 -8.146810
4.670680 3.399633
-4.334530 2.630172
-7.627657 7.448100
-7.970636 0.491234
5.172119 -1.664805
-1.786777 1.571188
5.613995 -8.920284
7.533277 1.910008
0.760568 8.863213
-3.946842 8.646230
7.106978 9.518516
0.127323 -6.956561
-6.442299 1.730913
5.263244 -5.794025
2.610148 -3.383627
1.442871 4.551713
0.802214 5.746073
-4.312147 -8.740915
-5.671507 9.903091
9.260838 8.736727
3.424184 3.242072
1.967209 -5.818486
2.824241 9.746295
-6.936929 2.740232
0.579447 -6.506905
-4.789793 -6.639094
-4.052006 8.356630
-1.471656 6.126987
-6.867779 -1.701647
-1.557566 4.665143
0.008151 -2.883125
9.459202 7.424444
-6.062939 0.527394
-1.383478 -5.329652
-2.486313 2.637623
0.469851 6.053746
-3.573661 -1.336465
6.737017 6.803968
-2.118686 -0.245743
-7.854637 -5.029459
3.356555 0.113525
-8.612796 0.081862
7.121450 -1.180536
5.536071 7.675775
1.235490 1.512738
7.739696 -7.845686
8.149467 -1.012766
-2.030059 -0.894828
1.015738 -1.738288
-9.796419 -1.443278
7.878126 -7.979391
5.643548 3.986230
9.846930 -5.562374
0.550850 6.907866
4.123138 8.932277
-8.018173 2.848526
1.180790 3.933786
4.215898 5.416427
9.684240 2.700816
-3.983858 -5.108424
6.243474 -6.185783
-8.975447 -4.710466
8.319586 -9.423248
7.103141 -9.806920
0.790130 7.088503
-3.372271 -0.029585
6.961473 3.949898
8.406718 -1.173334
-6.973464 -0.201774
-5.935435 2.518552
-5.070372 3.810590
-6.057713 9.701283
4.021112 4.946594
6.977020 -9.763574
-9.784950 6.177867
-9.181574 7.992929
0.214515 -0.909196
1.131080 -0.772577
1.506843 9.071559
-1.120615 6.137498
4.770156 3.996733
5.135063 0.717537
-8.888865 -3.951817
1.042651 -0.708128
5.724368 -1.598648
7.457368 -6.407113
6.156670 0.826256
-4.644503 -8.626677
7.378569 -1.529905
-2.836849 -8.995618
-2.612771 9.546112
6.514593 -3.599566
9.466428 6.271174
0.699370 -4.764875
-5.798625 6.528439
5.891051 5.494961
-7.525110 -0.380349
-3.821542 9.225845
9.470075 7.179169
0.522217 -6.690815
3.208419 -6.468466
5.329278 -6.979072
-2.447592 7.074412
-1.302328 -4.536377
0.005692 -2.686408
4.282135 -2.519445
4.005491 7.753551
-9.793102 7.300496
0.894204 -3.139071
9.374144 -2.709852
8.165584 -7.193318
9.315947 -2.791628
-7.872007 -9.439206
3.759042 -0.874240
0.544952 8.700299
-9.801277 -1.858735
1.994817 1.527035
-4.191636 -3.118541
7.933449 7.829009
-4.202299 -9.411668
3.934295 7.241906
6.625989 5.975087
-6.547047 6.267821
6.293555 -2.349761
4.703925 -6.004101
-2.401579 1.485444
-5.425268 -1.983253
1.404268 2.788951
-6.382923 8.874924
2.926434 -5.064665
-2.362165 -8.454931
-3.814676 -4.310831
3.463594 -6.052708
7.258472 5.517721
-8.564492 0.770404
4.852000 0.327890
6.071275 9.859247
-4.495411 -4.781304
2.749605 -3.397151
8.515206 1.279769
-6.097181 -4.300487
8.384404 -0.686539
4.407163 -7.671207
-6.807655 -1.418330
-3.983055 -4.837686
0.532006 -4.975081
6.929188 9.309925
-5.523748 2.679756
-3.118763 -8.932274
-7.182480 9.230976
7.618259 -0.906487
4.188217 -1.778253
-3.205319 -0.137888
-5.797786 -7.228414
-8.027249 -5.178917
-3.260305 8.845293
2.289132 -5.532198
-2.504129 0.764389
-2.089281 -5.209092
-8.936645 -6.810679
6.748599 1.488774
-4.826337 -3.628757
5.656704 3.850202
2.755823 -7.452064
0.255277 1.904967
9.214735 1.645735
-5.877229 2.450890
-1.010521 7.416495
-7.344148 -9.685479
6.506689 -1.210678
-8.491997 -0.829189
5.136517 -5.676921
-9.060696 2.667611
5.710445 -1.351436
-4.571662 6.174799
2.419433 9.378903
-7.629460 -5.201770
-9.810614 3.575710
0.019200 0.356854
0.696420 5.446209
0.625156 -1.577448
8.946202 -8.642454
4.923913 -8.529204
-2.898448 5.246886
7.615248 -8.147973
-1.115631 1.947954
9.451882 -8.658426
-7.579022 -6.374273
5.101456 8.438609
-7.527392 -0.523199
-6.447116 -1.855832
-5.062301 -4.454221
-5.140147 -2.068817
1.367730 -2.637842
5.167574 4.856929
-4.219738 8.565307
2.926396 4.877841
0.228694 -9.685839
1.284051 0.014302
6.439395 -9.434787
-6.920467 1.109969
-9.908266 1.676431
-7.739554 8.956492
-9.894142 -6.452980
-5.935447 6.715298
-6.138491 -0.094857
2.069532 8.599384
-9.342206 1.821936
-5.493865 8.366723
-9.476120 3.808165
-0.248438 4.608744
6.378493 9.222030
6.240370 -2.789187
-3.378384 5.362918
4.060189 6.317251
-8.020303 -2.413611
-7.587366 6.721846
-4.655911 6.025209
-1.585360 -9.635160
2.698417 0.035161
8.157045 -1.792079
3.451825 8.216189
7.526206 -5.020592
9.540259 -8.890715
-6.667540 -6.538983
-3.031655 4.012079
-2.696721 -4.265776
-7.765212 9.245012
-8.033212 -1.880142
-9.455047 -2.627162
-6.166202 -4.324421
-2.883559 9.963059
-8.232186 -0.441929
-7.878036 0.563840
3.755212 -0.219195
3.689959 -5.232315
0.201632 3.419018
1.368173 0.487212
-4.795354 7.656430
-4.741308 1.553952
-7.308621 -3.731000
5.716242 -6.339868
0.854730 6.273301
9.170598 4.448096
7.563492 2.926391
0.389951 -8.619236
-3.136955 -1.314233
-4.902678 -6.196314
-6.642449 -3.634125
-7.533046 -8.172251
0.589613 -8.407905
8.974547 2.512632
6.120874 6.536956
6.571568 -3.056446
-4.085915 -4.385611
-7.767582 8.719289
2.381617 -4.366628
-4.084521 -7.847815
-1.054203 -8.170652
-2.430895 8.684184
3.141061 -3.586984
-1.992638 9.103926
4.123463 -5.397551
8.450289 -3.840707
3.758566 7.111884
9.203098 -3.550677
-1.288943 5.936901
-8.709454 5.788688
0.757612 9.500376
4.918981 2.092010
7.673870 2.742911
-9.426867 2.506198
-3.276219 1.321715
1.171681 5.813001
3.035320 -4.570780
-3.716000 -5.642835
0.778467 1.883528
6.335538 -4.778181
-5.271197 5.703602
3.600021 -0.407502
8.746642 -0.363452
9.477672 -5.507321
6.682318 -4.722746
-5.445544 1.884457
4.817338 -5.267113
1.917808 0.742688
3.270359 7.218809
0.033071 -7.887940
8.820268 2.417724
8.037173 -6.776770
-4.276586 -0.775182
3.657892 -9.489926
9.053847 3.860140
-8.224238 -7.983080
9.225026 -9.384333
-5.078065 -9.714307
8.120440 3.926543
3.182609 -5.085238
-8.407754 4.971579
1.382318 -5.003379
-2.132248 -7.576920
0.712187 4.709740
-9.936948 2.041136
7.079973 3.652640
7.692457 -0.077605
-6.796565 2.014673
-5.193049 3.023949
-1.159850 1.097382
4.401989 -0.358397
-5.302208 -7.263965
-6.455948 -2.427006
2.388524 3.235436
-1.450395 -1.438881
-3.706210 -6.778140
-6.176772 2.774544
7.304914 0.594396
4.433844 3.669455
4.592233 -6.301639
2.081431 3.617173
1.491367 -1.901833
-3.943577 0.407235
-5.333469 0.727316
8.224137 -9.661503
-6.362141 -0.144419
-9.401810 9.832382
8.954462 -8.751629
9.448240 -5.332563
3.924980 -7.422964
-3.584178 -8.661375
8.064609 -2.401580
-2.074964 5.523607
-2.423941 1.619686
2.535864 -8.949550
-8.041862 7.068042
7.823836 -9.330882
-3.925793 -2.994213
-3.528732 5.757747
-4.072148 -9.562499
-3.622555 -4.255103
7.249349 6.214412
3.250460 -4.475030
-1.661577 2.044939
-2.834376 5.767740
5.541525 -3.819204
-8.448595 -6.559444
3.583538 -3.883015
-0.094818 8.359701
6.431797 4.020514
-3.836664 2.401957
-5.950771 6.199111
-1.092328 -4.134175
-7.617411 -3.012391
-3.172231 4.761652
7.601597 -2.800470
-9.037270 -0.601290
-2.534897 -8.986897
-0.469653 0.753453
5.873803 -4.190761
-6.001412 -1.919449
-9.767754 8.920956
0.082640 -2.711277
-4.272742 -1.396457
-9.081505 -8.660473
-3.467049 -2.694880
-3.341462 1.297929
6.487811 -7.148912
0.526375 1.045418
8.669927 -4.597753
7.468889 -0.378177
-8.950098 -7.236972
-6.794223 5.332295
0.009950 5.119335
6.699144 -2.412041
-3.608378 0.981370
-4.244888 5.860532
-3.591111 0.995593
4.304361 -9.952325
-0.961667 0.929731
0.848585 -8.654839
6.716794 1.739813
-1.511437 2.346529
-3.825129 4.922422
-8.420786 4.019869
6.730071 -2.418492
2.382387 -4.208821
-8.653079 2.946697
2.045917 -5.235424
-5.915228 -1.580214
0.177449 -3.209922
-2.603295 9.008060
8.468892 0.829288
8.796834 4.391791
4.849493 3.385060
-4.984852 6.430231
-5.607247 -9.879006
-7.862278 0.127168
-9.838673 5.515262
-8.072481 -2.515096
-7.360712 -7.799679
4.362700 -0.672080
2.981692 -3.531354
-6.983480 -2.060181
3.421110 7.793468
-5.093448 3.930566
6.155168 -4.439190
8.957086 -5.134792
-2.224483 4.223798
-3.553556 6.416006
-1.746209 3.072042
1.212346 -2.806440
-0.904246 7.195978
4.281515 -3.564691
-9.044898 -1.937636
8.873191 0.741812
5.483434 -6.275965
3.654398 -9.672861
1.064905 -8.135316
4.799559 5.031126
-0.510005 2.869347
-6.499903 -2.189043
1.047001 -6.275052
4.148777 -6.936040
8.639714 9.250414
-1.465380 -1.912573
-5.072686 -8.457602
-2.756023 0.684073
-2.003219 0.001300
-8.950502 -9.160591
8.501351 -3.530081
-3.204023 0.590221
0.654308 -6.501994
7.495730 -3.377390
3.614740 5.320343
-0.954109 6.089525
-7.217081 -0.169927
9.477707 2.949742
-4.823531 -2.644592
-7.237557 2.614005
2.616635 -9.570717
8.382457 0.895965
3.235902 -7.407347
-2.912541 9.871903
0.650141 -8.304551
2.458036 6.271598
-9.024389 -2.172438
1.578189 -9.824796
4.271452 -0.145357
1.053410 5.561337
5.366372 4.064367
8.695846 -5.548176
-5.400509 -5.274185
-8.063225 0.986814
-0.474174 4.852726
2.668578 -0.822397
0.683660 7.426540
7.204209 4.281604
6.849773 1.329708
-9.528252 0.067255
7.479646 -1.815025
-5.041753 -6.172930
2.949199 5.579342
-1.239316 -9.860470
-8.174295 -9.859195
-1.145321 -7.881383
0.322201 -0.181380
-5.754004 1.517433
9.168811 -4.016366
5.342674 -1.962207
8.355289 8.362525
5.374418 5.637922
-0.327083 5.623587
-5.584768 -6.459126
-1.210708 1.484357
-6.737176 -5.414262
-0.401104 -0.600403
0.081226 6.853819
9.921533 -3.935992
-0.322258 -4.930293
-1.163748 3.458918
-2.934812 -0.246322
-4.159476 -5.451971
-9.974157 -9.346030
3.916098 -7.290649
-7.981565 0.774447
-7.945439 -2.832164
5.290191 0.684626
3.239734 0.233040
0.429745 2.220620
-5.225750 -3.746847
3.506689 1.897094
8.321005 0.620326
2.965429 6.073722
7.036815 -7.380258
-5.109495 3.463378
-3.784227 5.204228
9.775921 2.339581
-2.948276 1.164731
3.021981 -2.888760
8.585867 -7.860488
6.869299 9.872825
-6.640573 -2.420209
0.013713 4.494605
6.590951 -5.383549
-6.072264 -0.147823
-5.901882 5.298334
6.245198 9.297421
6.841577 -1.812205
-9.750956 3.094354
7.364103 -6.574707
-9.823451 -5.200330
-8.902744 4.789600
-1.842346 0.625413
9.417488 -0.006669
4.618638 8.358283
-7.052916 3.054742
-9.756828 7.332751
-5.412530 4.258398
-8.480725 -2.180660
7.896458 -5.411931
8.576645 -6.049504
-0.118194 -0.953444
0.469377 3.017769
3.348091 -1.019688
7.743532 -2.940847
-2.598352 -0.596266
0.667525 0.222101
-2.180603 -0.457299
-3.684388 -5.967177
-6.835590 5.066855
2.989536 -4.191323
7.614023 -4.043935
-2.601207 7.878559
-9.054247 -1.650578
-7.845421 -7.197107
9.548110 4.560409
5.655113 -4.079423
6.636908 -6.200376
7.847283 9.892042
-7.623739 -4.005991
9.911427 -2.558314
6.905852 3.686287
-5.180022 -6.059055
4.602735 7.856945
-0.390603 6.433707
0.642875 1.272204
8.247795 9.940657
-5.107752 -4.924373
6.879811 -0.804603
0.085312 0.014513
9.150918 2.487718
3.521398 5.793056
5.532431 6.293411
8.246706 -6.288627
9.985000 -8.653963
-8.760825 -8.635584
-2.375002 2.288482
8.612782 9.654935
0.884051 2.407977
-3.668092 0.920813
9.528899 6.531049
7.849730 -7.822392
-0.450890 -1.225315
7.998470 3.267128
-4.205399 9.753523
3.602413 -7.664260
-4.951976 -3.921619
-2.737732 -0.511986
9.791501 3.646972
-9.408197 -6.189029
-1.692270 -7.266986
2.478754 -9.331858
7.378452 0.872873
9.446250 -2.475550
5.510178 1.023794
0.005991 -0.966964
-6.616050 5.019561
-7.865936 8.964935
3.208919 5.907094
-4.679799 0.320760
-2.559545 9.534268
9.916601 -0.613679
-1.488295 2.119959
1.622356 -5.414474
9.260864 -7.697383
-2.820950 6.454591
-6.760788 1.844171
-2.967733 2.265689
4.217534 4.520492
-8.533561 0.689892
8.903620 7.090590
-3.152014 -0.082333
5.317827 8.600048
4.765224 -2.186895
-0.744814 -2.673567
3.231341 9.450412
5.727750 9.780228
-8.369305 9.318962
6.473085 6.380570
-7.351915 -8.510193
5.676131 -2.674313
-5.240412 9.874641
-6.408530 5.453696
-5.566055 1.884300
0.611255 -7.796846
8.446973 0.892710
7.649935 9.040768
-6.003620 -1.845650
-2.187208 4.628801
2.499075 8.511353
8.236594 -1.608851
9.792003 -1.033105
-7.871486 -8.938825
-7.915515 7.401263
-9.760657 -2.385155
7.145016 4.966758
-1.566714 6.053722
-6.356723 -2.616296
-8.329849 -9.233182
3.070498 7.987999
3.870212 8.413817
-3.642047 -3.887746
-4.201294 7.212806
0.707958 6.359560
-1.249246 -6.857683
6.585111 4.495522
-4.692769 0.137868
4.450444 7.797462
-6.545951 -7.863796
4.084425 4.172059
-3.715696 8.995541
4.827284 -3.663561
9.833697 4.649247
-7.310279 5.460331
-9.001567 5.386502
-8.346538 -2.120891
3.360136 7.699088
3.658517 5.364756
-8.955959 8.923787
5.764393 5.907061
8.049251 8.806195
4.465296 3.365108
9.279657 4.927950
-9.885993 9.165759
7.921645 -2.049486
-7.598627 6.625349
2.266805 8.399955
-5.244868 5.471363
5.631642 5.771398
-9.212405 9.399310
-3.081073 0.988357
4.367300 -5.543551
-5.322391 -2.823688
-2.835345 -4.418644
-9.117644 -7.711569
9.590860 -3.881526
6.669567 -1.315624
3.299457 7.446681
0.311952 7.149833
-7.938095 -6.447071
-6.489576 -7.349794
2.180192 7.666685
5.288392 -9.122517
9.075708 5.051545
-7.284451 -6.040408
8.773425 7.272966
-1.997740 2.515553
3.010772 6.982878
5.057280 -3.721692
6.571701 8.833841
6.337060 5.077711
-7.749035 -1.882195
-0.704116 -0.501159
6.405550 0.597930
-2.734966 -6.853039
4.258329 -1.643572
1.065691 1.197897
-2.747420 -2.397385
-1.105681 5.148244
-5.645169 3.375171
-0.194420 0.197733
7.575786 4.173612
-9.609091 -4.462041
9.452086 8.764526
2.615026 0.012392
4.911487 5.680756
6.266190 4.437933
2.338573 1.005461
-1.641323 -7.360774
7.383994 4.023314
8.432841 -6.438667
-4.191892 5.976029
-8.162192 -1.641618
5.584581 3.572440
6.152296 -8.767338
0.451948 -2.124563
4.851455 -0.430001
-0.180151 -2.726196
-8.265361 0.795262
-5.246528 -9.407035
1.811081 8.360423
-0.909810 0.181109
-5.175040 8.100723
0.470169 -1.371749
-2.793171 -1.277685
-1.854403 -9.067792
0.050360 9.407262
-2.650757 1.860552
-0.594885 -5.011529
6.427616 5.157915
5.321880 6.322487
-1.111751 -4.310042
-6.075787 -0.785482
7.731461 0.701193
1.179855 5.659264
-2.677344 6.462499
-5.674625 7.171025
8.728064 1.860279
-3.022966 1.362424
-2.167234 9.901180
7.811187 -3.914089
-0.247973 -5.170287
-3.909331 -2.464781
-7.855361 5.089497
-6.885736 3.501597
9.088493 9.671983
2.439358 3.554705
-0.114923 -1.465993
-7.762860 8.590797
4.831272 0.582001
2.822389 -2.620700
4.529820 -3.276011
-9.474919 -8.660463
-2.793695 3.911541
5.793873 -9.023357
-0.220607 -0.336924
-4.914649 5.355361
2.348940 9.598719
-5.098934 -1.231384
3.093078 -4.928482
9.201579 -8.676415
3.590660 -4.261654
-1.960606 8.367956
0.674449 9.619700
-0.568159 -5.816950
-7.463657 -0.862489
-2.366101 5.734877
-7.112850 -1.739039
-9.430390 1.605957
6.862229 -2.895220
-9.768491 -9.926512
2.330802 2.276549
-9.874129 -2.496284
-7.714608 -1.508662
-0.617566 -9.175396
-5.029961 8.067436
5.789436 0.752892
-6.730448 -0.100306
1.850516 4.582373
9.864745 -1.677692
0.007318 9.169947
0.048223 -0.706554
4.543622 -2.672217
-3.789623 4.150199
4.758551 6.343628
9.133614 -5.310428
1.028573 5.499288
6.224993 6.462258
-2.628458 -7.721365
5.711048 6.344444
-9.000734 -3.667977
8.960099 -8.628293
3.987499 9.442941
3.890558 7.776365
-7.803524 5.765845
-9.811010 -7.757592
-5.631996 -3.070421
2.915379 -2.393470
-0.039207 8.963883
4.300791 -1.901487
-4.664529 8.981418
6.357789 -8.558077
3.557714 8.828963
-7.229358 3.661409
9.938061 -5.777732
6.759715 -3.926181
7.870733 4.199677
-8.254153 2.550416
-9.496751 5.891523
-2.341492 3.057131
6.246351 2.211708
2.371551 -1.285343
-0.378784 -3.102270
-0.555795 -6.689138
-4.383194 3.706608
7.474368 -7.686709
6.139558 1.498215
9.872274 5.368435
-2.429305 -3.457068
8.570666 7.802287
-2.878754 4.170784
-4.318825 0.339939
-3.268517 -6.681242
-3.311538 4.284579
0.780553 -2.127724
-7.207145 2.908884
-8.645004 2.482906
0.778933 -9.455837
-0.834205 7.787915
-2.569322 -4.495979
-8.182471 7.779644
4.130947 4.876214
5.510174 -4.106757
1.189240 8.958050
-2.007157 7.908581
9.821762 -3.455234
-4.956753 -7.828479
-3.173174 -8.183415
-7.391452 2.112217
-7.796218 7.079724
8.317574 3.858182
-6.890203 -9.257726
-1.776552 -7.350092
-0.888688 5.690524
8.917017 9.750956
-3.408321 4.977227
7.304391 -9.449916
-5.773090 2.089007
8.163039 -0.399804
2.514241 -4.727358
-3.699343 1.539954
0.351257 -6.942083
6.081118 -5.367582
-9.038715 -3.003662
-0.148245 2.890345
-0.654909 -9.522179
9.643412 7.496276
-1.422454 4.485150
7.154835 5.375853
5.002992 0.809090
9.950687 0.189528
-2.340647 4.578356
6.249690 -6.172154
-8.653459 6.553465
-1.872033 -2.008151
6.416719 5.543100
-3.993431 -3.875868
0.579816 5.016014
7.308434 3.953350
1.118304 0.847310
-1.876728 -4.516674
4.784965 7.208795
-6.756472 6.718046
4.078880 3.788594
-8.650924 8.794711
-3.682369 8.121119
-9.537480 4.404803
7.710163 3.733431
2.216876 7.961434
-5.852772 7.248391
8.762446 -9.660746
-1.978946 3.506843
9.066703 -2.390921
8.530923 1.363382
-6.925874 6.616874
-5.219444 2.438250
-8.117042 3.311420
-0.345211 -0.065998
5.301751 6.559814
9.072210 1.691872
7.218489 -4.345944
8.678436 6.658590
3.742797 7.589841
1.142593 -7.570977
-2.519501 4.726515
8.887577 3.147658
6.197851 -6.275366
-2.704923 4.378536
4.444103 -1.810257
6.971247 6.988867
-1.957201 -5.429029
2.961728 -3.042477
0.021868 6.709559
2.237828 0.271200
8.317240 -4.772841
0.493593 -2.627369
-3.316981 -2.381414
-2.574551 -6.036972
2.393966 -7.460339
-7.318749 3.094286
0.071322 -1.924318
0.446300 0.160987
8.978495 -7.376470
-5.775852 1.265257
-6.074284 0.177892
4.320033 9.802296
1.932116 5.583473
-8.638053 -5.546147
-5.356065 6.260437
-1.140389 0.587877
3.498651 9.407180
1.920857 4.949105
1.571280 3.997431
-7.384062 7.960304
-2.479227 6.539815
-4.760941 -0.208957
-4.893421 7.040843
0.848141 2.738084
1.724381 -1.617312
-8.682712 -0.517995
-7.647548 4.194916
7.527131 -3.583367
-6.027494 -9.902992
9.511200 7.136811
-2.116898 -8.478836
-8.854740 7.333354
8.780291 7.339312
-7.615342 2.944910
3.696006 6.397179
-5.631565 -2.981521
8.939016 -7.597974
-9.339668 -4.193168
2.374155 6.934348
8.760913 -2.501201
7.168974 -9.726341
1.765738 -0.160903
-1.254057 -4.140955
-7.072129 -7.859347
-4.590066 -2.432011
-7.591854 8.858543
-9.691370 -1.213865
-1.463133 -0.429581
-9.706304 7.146859
0.499630 -3.116400
-1.556477 6.112364
3.448781 -5.541350
7.721455 -6.747526
-3.148507 -2.293817
5.997014 5.888427
7.180510 -0.076765
-1.692534 6.781153
-7.975542 4.170038
4.076918 -0.746902
-0.901270 -6.874642
-7.039089 2.943920
8.773452 -3.189291
-8.894410 0.620273
8.911130 7.673650
8.250004 5.140916
-4.166352 8.625272
9.561263 0.562660
9.294330 5.340347
-3.479711 -2.876250
-9.080893 8.960724
-5.563627 -0.022499
-4.864839 -8.006448
2.098459 -8.863527
8.790685 -0.776259
2.364477 -2.024223
-2.353986 2.792667
-2.024949 -3.523572
8.189195 -1.570574
7.573767 9.866277
8.419575 2.647416
-7.784947 1.121770
-6.646114 6.529780
-8.872326 9.550748
-1.009799 -7.999856
8.753040 -0.481885
3.732261 9.578838
0.505703 3.486527
-6.457873 -9.862194
-8.488321 8.439266
9.162775 9.918374
0.732534 5.761722
-1.480437 -8.797411
-2.887183 -3.567429
-3.429345 -7.038287
3.661989 -6.020043
-3.474164 1.131839
0.386547 -3.780124
5.268372 2.435991
-0.112788 -6.599271
0.688076 -4.939246
7.432540 -2.607578
2.326916 0.444788
3.925195 -6.488632
5.716434 3.064464
0.120419 4.742221
-7.758313 -2.354267
1.775952 5.294531
-2.243865 -7.913673
2.550048 -2.356869
-7.763557 3.025423
3.613854 6.646817
9.657819 5.437048
5.691776 5.316936
6.675123 -5.837530
4.302807 -9.776585
8.069431 -1.795485
-0.093676 -3.103307
7.378415 2.582069
-1.873675 1.844796
4.719034 -0.508315
0.786958 9.293859
0.880592 -2.381610
5.153033 -0.435320
-2.264368 2.650724
-2.636493 7.122678
2.971658 3.808956
7.210878 4.678107
-9.779303 -2.862379
-5.664944 -4.769878
3.153266 -3.290316
-0.050125 0.789692
-0.850139 -0.850853
-2.150056 -8.948526
-3.671111 4.860682
-4.941263 9.803805
-3.139734 -6.701715
-0.154256 -6.427809
-0.401655 3.148352
-8.252767 4.308934
0.749883 -7.557410
-9.618520 -4.267872
-8.344734 -8.655540
6.996026 -1.840499
9.859230 0.832562
-6.821655 -3.593659
-9.421713 -4.692766
9.356068 -0.432880
-6.053747 -9.066748
-3.955343 -6.425267
6.728072 -4.402143
-0.840241 5.678888
-5.907405 4.480095
-1.118541 2.414359
-9.062423 7.957478
-5.133236 -6.903298
-9.021743 3.436118
-1.026567 -8.444819
1.483466 7.439851
-6.127540 -5.804794
7.056867 -5.601383
-7.131914 8.148043
-0.541043 -1.272445
0.013517 -6.925026
-1.851934 -1.063902
4.576694 -3.914682
-9.955361 -6.186989
-6.430207 1.680099
3.858631 1.139723
6.455428 -8.986735
-4.228312 0.435954
-6.394933 -9.916384
-3.043542 2.482124
-9.154650 -2.835256
3.899970 -4.361587
9.472340 0.706691
-4.206021 0.880334
-5.192886 6.236720
-4.207661 8.414606
-3.687104 -9.944303
1.163072 -6.087147
-1.320021 -7.386420
-7.222156 -1.131368
2.140925 -3.287176
-7.233061 5.513394
2.706359 8.877020
-5.254065 -3.188657
8.031886 5.677467
-5.617547 9.965452
8.793153 -6.275035
-7.805983 5.729825
-2.590685 -6.170537
-2.163366 -0.256139
-1.221221 -1.476094
5.852736 -7.066496
5.449256 -6.571244
4.806184 -4.029858
-6.445322 5.435799
-6.447219 9.262368
8.443831 1.142449
-3.745457 -6.130390
6.073184 -5.331516
-7.393124 2.526172
6.174459 5.610056
-8.485558 3.649144
-9.765675 8.532950
-7.717674 -8.772603
-7.776397 -5.520700
3.111131 4.319707
7.629832 8.251923
3.871273 -3.260759
-6.411240 -1.259329
1.101497 -7.401767
-9.645567 3.964145
6.468523 4.221276
2.189150 6.531425
7.255156 4.574540
2.378429 -1.390261
3.280947 7.562820
-6.140933 0.072370
-3.493941 -7.280305
1.420677 -2.925603
-8.285560 2.990157
-9.025041 -4.484595
-9.951544 2.566375
2.432643 8.715725
-9.072064 -2.849478
-8.601276 -8.716207
-8.083346 2.249178
6.515664 -0.712099
-7.180974 -1.499658
-4.871311 8.368572
8.885596 1.337766
1.912300 -7.371961
-3.065042 -6.340308
6.743914 -1.558110
-6.612093 0.303316
2.144894 -4.624356
0.923631 -7.376370
0.307416 6.009697
8.104848 -5.191009
4.071382 2.665233
4.690477 9.380494
0.528275 8.139266
4.752979 -0.264894
-2.225964 4.108474
6.481148 8.337461
6.921242 7.719105
0.857114 -9.407607
1.561309 7.122432
-0.609724 -9.686455
4.808325 7.768655
0.948245 8.019929
0.242437 -2.618188
0.747482 4.153576
7.372438 -4.416425
-5.784283 -8.452593
1.203026 3.074671
1.597634 -7.484153
2.116468 5.570480
2.632525 5.825742
5.270329 -9.774653
-6.757918 2.641916
-7.019535 -1.252659
-7.020887 -7.853205
4.251550 2.672611
-3.845569 -6.543122
-3.615092 -1.394145
4.512101 -3.100145
-9.585254 0.670462
-5.918860 -6.521046
9.896373 -1.294486
-6.377616 -6.427081
-0.032216 7.648458
0.802126 -6.134876
-3.185709 9.103941
-2.478744 2.098402
-3.433671 -5.389174
-7.078216 7.916237
-4.660292 -2.417954
-3.590536 7.848692
6.665038 4.994992
-6.963856 4.801485
-4.641287 -2.493424
-3.996226 8.486956
-3.554514 8.472800
-0.758595 -6.110758
0.318913 6.550831
1.472610 0.302613
6.413434 5.508595
-0.049939 8.108506
-7.275429 5.809157
-4.299095 9.283366
6.638182 3.230012
0.047524 5.671211
-5.119300 9.117508
1.964005 4.934571
-5.137389 6.747559
2.675772 5.770425
-3.348892 -0.436184
0.560970 -3.557258
6.177660 5.680414
-4.454375 3.936833
-0.864706 0.628239
5.556635 2.280952
5.075971 -1.092703
3.113239 7.922583
6.085440 -0.357174
9.103513 -0.435372
4.812837 -0.176353
-8.795659 6.644025
-0.723253 1.437946
1.839753 -6.785591
0.858462 -7.755990
-1.111052 0.986077
-1.147827 5.409443
-7.038739 1.269324
3.126581 -0.655229
-2.997393 9.708256
-8.245347 -9.419874
-8.879283 -3.073123
2.485127 5.512068
-9.006333 3.874444
-5.994360 -3.105418
-9.276281 -4.457346
-1.135372 4.309238
-7.792771 2.209184
-4.324638 -5.601668
5.678721 -3.918119
7.641576 -4.210863
-0.557108 -3.780599
-7.830091 -4.379727
9.446753 -6.136704
-3.917695 -0.452786
7.120532 -9.585825
6.025961 2.484754
-4.659707 -5.807284
-1.643303 1.192391
-0.305711 8.905759
-6.369810 2.099443
0.095961 7.383008
-8.060049 -2.774523
1.046430 -3.159126
5.681948 5.624057
-8.233322 -1.381851
-5.521602 -2.181096
-1.817751 -1.638389
4.900508 5.461352
6.742745 1.642289
2.080600 -2.050532
2.439290 -6.455940
6.910411 -5.230537
-1.686169 -6.748283
-4.651100 3.064613
4.192457 2.970317
0.359370 -8.463608
1.881498 -9.741988
-3.415022 -9.309195
8.391772 -7.496516
-6.605752 3.437003
-5.278753 6.670387
-6.909489 -1.891576
-6.736691 0.156839
2.198304 -5.067614
0.410026 -7.729430
2.496479 6.558839
7.537155 2.102411
3.031395 -4.421930
4.505081 -6.234425
-1.985824 7.916290
9.003595 -9.703227
-3.462141 -2.766289
2.196998 9.623389
-8.616760 -8.738386
3.821729 6.186131
6.968446 -6.234948
0.751040 -1.640439
0.391697 -4.696708
0.536856 -6.415014
-9.404746 -3.397762
5.229067 1.965361
-1.134962 -8.225365
-6.667250 5.213850
5.563641 -7.948843
1.831861 -0.575631
4.165708 -3.234852
-0.801253 -8.559776
-6.628798 6.331834
-6.360727 6.962366
-4.694355 8.545494
8.633727 -6.878226
-0.983687 7.358132
-2.913174 6.510861
-3.602167 -9.688532
-1.027142 -5.089771
-5.315979 0.166447
-0.071678 8.593358
4.997043 -4.165940
7.048562 4.987090
3.198031 -7.703823
2.410664 9.700117
-2.668295 1.625394
-5.109253 -2.780476
-7.420273 0.566050
-2.842640 9.951691
4.034863 5.651290
-8.483432 -5.236232
-4.846927 -9.388277
-9.762056 8.728118
-0.794275 -9.594330
7.690813 2.536454
4.213495 -3.854231
8.560581 7.727772
-6.825278 -3.652227
-4.575118 9.051096
4.816839 7.443769
-0.514250 -2.079045
1.712373 4.765722
9.312095 5.572172
-1.859074 -6.910627
-4.628110 3.727689
-8.639144 6.722782
7.026387 5.376145
-7.757507 -2.715908
-4.180277 8.333833
-1.613297 -3.267619
2.011539 9.582753
-5.689657 -0.249441
-0.273398 0.259073
1.286290 0.462169
-6.798920 8.394142
6.784067 6.635225
-6.720890 6.276318
2.377346 -5.199286
6.014064 4.599622
7.928579 -9.088024
-9.400077 -9.064248
-4.466317 8.317792
-3.939475 -5.418582
-2.925124 -3.134799
-5.613906 -9.937782
-4.572758 -7.849798
-5.440868 2.003738
7.225289 6.288771
-2.208935 -1.401299
2.354026 8.223492
-1.903552 -7.304026
-9.379194 -5.045233
9.314017 -9.337303
-2.153486 -9.028262
3.742137 -6.506378
-1.197622 -2.660082
-7.818637 8.346956
-9.033810 -5.269886
-2.831671 4.320093
8.617198 -2.038906
-8.758097 1.550035
-7.926536 9.324750
-7.355494 8.847298
-4.326234 -4.276014
3.174268 -8.354634
8.400873 1.398553
0.208583 -6.615526
-6.291048 -3.313359
-8.389773 -7.285818
-4.373440 -1.619179
2.925344 4.143742
-7.961202 -8.151285
-1.734748 7.591264
4.430875 -7.116020
4.298238 -7.015076
-0.902446 -9.681649
5.410012 6.057642
-6.193899 1.456741
-2.035690 0.750733
-5.745943 -7.805455
1.066005 -1.809480
-6.746935 3.865312
-5.932189 -9.377805
-1.992584 6.602700
1.275789 7.591864
5.797894 -9.097293
0.862298 -1.476892
3.449062 -1.174040
1.728693 -5.934201
0.305342 8.731953
-8.243410 -1.601829
-9.607115 0.090065
-0.376066 9.058536
-0.496278 -7.540077
-9.382352 -5.119638
-7.165554 1.195064
1.702517 1.080721
4.798835 7.130740
5.570655 -3.931457
-9.049933 6.467524
2.928281 -4.646530
8.221379 -6.448640
1.258997 -9.753602
6.845560 5.507984
-2.535122 7.448172
-1.873966 -3.198734
3.287390 4.929204
9.645259 5.060646
2.842080 -5.890463
9.676361 8.221265
-1.526237 -3.358724
-1.060608 7.728351
-7.651089 -4.991313
4.790175 -7.461996
3.122672 0.873710
4.379448 8.909860
3.224675 3.778879
5.630046 9.630847
-0.205885 4.092676
-4.705665 -1.291371
-8.550795 2.165571
5.904583 -4.686250
-0.958889 -7.893209
-8.461400 3.721224
-4.758188 -4.878584
-1.380680 -6.115499
3.041252 7.419292
5.385642 -8.323783
-6.565128 8.579887
3.897617 -7.924592
-2.395646 -0.125989
-7.459192 1.374148
-0.189135 -1.581789
-3.531007 -3.278682
8.451122 3.418993
-1.076150 -2.462717
5.944695 9.536293
1.438749 -5.050234
-4.796213 -1.575959
-3.552965 -8.407357
-9.412780 -8.367694
2.140973 7.813208
-9.738291 5.098542
4.326828 9.347587
7.509319 0.375269
1.827829 -3.417006
-5.285723 2.182184
-5.260310 7.817660
1.556258 -1.936971
-6.047743 -7.193911
-2.392552 8.913293
-0.390483 1.727139
-9.456315 -5.269933
6.450830 9.657393
-8.872653 -2.218386
3.599418 7.557513
8.191327 3.532289
7.961886 -2.059741
-5.805580 1.870819
-5.615333 -6.549637
-6.710176 8.875925
3.640953 4.295263
0.574602 -0.536985
-5.571250 -6.722609
-8.800664 -5.222137
9.609714 6.341159
8.819466 -5.919945
-8.807171 2.633936
6.425005 -8.621247
-9.270919 7.877449
-9.253945 5.586903
-7.837449 -2.057456
9.450200 -0.456483
-5.734050 0.487139
-8.621321 -0.693715
5.783800 8.067988
2.161068 -5.186796
-9.766381 8.150658
4.521607 5.855848
9.728031 3.784211
-2.738319 2.138678
-4.762581 0.329512
-6.611621 -2.713061
-8.641913 0.108264
-6.761311 -7.020744
-9.056251 -4.358348
-4.944880 -3.175973
1.666043 -0.057467
6.594382 -7.999388
-2.029053 9.699112
-7.143614 5.182394
0.202123 1.486956
-6.093460 7.444369
-9.690178 2.659015
8.705263 8.083222
8.522641 -9.611342
1.361342 1.314673
-5.184102 -1.787180
-8.769299 -4.599392
-4.638508 -8.263858
-9.352792 -0.977512
-9.723879 -3.138374
8.960258 -3.482597
-9.371181 0.851824
6.280129 -3.802945
-5.954844 -8.649538
-2.541273 -0.829791
-6.339509 6.920466
-0.465462 7.580488
-2.793795 3.172513
6.427261 -5.324256
8.106919 -2.262746
-1.253049 5.897031
8.800076 -1.554734
-3.153946 3.345070
2.367894 8.578026
-8.089064 0.604380
-1.524429 9.292587
-2.868255 -1.515192
3.433960 -6.810275
-2.253429 -4.057223
6.315224 1.433770
9.530993 5.549882
4.119884 -4.157406
-2.926193 3.884385
-7.102069 -2.369863
5.045643 -3.245755
4.740001 9.255870
1.830768 3.686000
1.059968 6.485295
6.499242 -0.202690
-5.655640 0.026773
6.762206 1.125114
1.039952 1.319253
-4.882853 -8.770545
-3.200553 9.573903
-1.236209 6.384084
-0.134762 -9.892879
-7.626127 -4.599793
9.768690 -3.396329
-0.138328 1.146478
-4.839463 7.845497
-6.362170 0.478940
-6.307995 7.045446
9.643111 8.323638
7.280254 6.986942
-2.129385 1.378371
-8.849386 5.257029
1.247963 -4.424243
-2.873994 -3.583875
3.426391 -7.349576
-5.883955 -0.458368
-5.603693 9.156518
-7.600142 9.903418
-0.766092 7.391129
-2.658176 -9.994041
9.277524 8.212682
-9.164645 -9.375375
6.253122 4.337033
5.324320 7.833947
6.684416 4.674260
-4.833410 -3.164137
6.455315 7.115038
-3.748082 2.686404
-2.110609 8.194796
7.862279 -8.184960
7.581640 -4.709429
-4.877449 9.015666
-7.467545 2.932364
-6.400508 0.773592
-1.154273 -7.668041
-6.465325 -3.072398
8.275226 -4.636984
0.997618 -0.278529
-4.111448 5.474593
2.372277 5.679072
-0.359323 3.246118
-3.577912 -2.693893
-7.025486 8.063924
-6.088855 6.022738
0.253814 -1.145414
-0.899861 1.371185
-2.874550 -7.152676
-6.435039 3.337511
-6.895870 2.553245
6.735464 -1.443805
-2.516712 -9.594196
0.076695 -8.671672
-5.759764 6.386681
4.716773 -4.823448
6.684554 1.473151
-2.288542 -3.766091
6.296185 -1.776193
-6.914899 1.692035
-5.384005 -5.708597
-1.153704 6.979610
-0.321338 7.181062
-0.649877 8.176227
9.946660 0.722119
-0.011815 -9.777854
-6.239293 -1.310975
-9.785541 -3.429397
7.075549 -5.526098
1.716319 0.545617
-8.422213 5.494232
7.691886 7.240870
3.562911 -4.222706
-1.449621 -3.643609
2.443990 -8.089365
-7.682989 -8.205045
-0.315110 -5.739572
-0.051385 7.304294
-3.875014 4.196917
-6.984716 9.896724
8.691399 8.124894
7.120855 7.702559
2.622257 -6.917581
-8.441102 5.783369
-4.999542 6.296015
-1.238451 -0.946654
7.451215 -9.254385
-2.291559 -3.594020
-3.364206 1.692905
3.001011 1.488616
5.833210 3.974174
-9.712702 3.911485
9.274355 3.847548
7.261144 7.358046
3.409583 1.799069
-3.723211 -7.843985
2.095490 -5.239338
2.684807 9.879776
2.622883 -6.198880
-7.002401 -6.540874
-7.611789 0.937028
-8.621346 -4.016447
4.264285 -9.068995
5.506738 -4.883752
2.759612 -6.317699
-9.297083 -6.019982
-3.229668 0.576377
3.672517 -3.455605
-4.878821 0.132102
8.252603 2.855451
-8.885758 -6.347156
9.736849 -6.877800
2.765925 -4.740654
3.345465 -8.338872
-2.943748 -5.346158
-1.683722 -1.292315
1.281447 -9.526480
5.696850 -9.394648
-8.559285 -5.824553
7.094344 6.900037
3.050005 -7.529998
-2.205813 7.396188
-1.752320 2.207987
-0.678701 -0.578403
-0.298692 2.287298
-8.548841 -2.223327
-4.902692 -0.187328
-8.974475 6.441305
7.185226 -7.495135
-7.139370 -0.961766
4.400612 -2.052266
-6.163770 -3.481647
-8.190117 -2.555191
-6.453050 5.863250
-5.735657 -3.502276
6.283826 -3.493653
2.485224 -1.464327
9.221959 -6.563414
-0.610306 1.361672
-9.718280 2.817715
0.377257 8.144354
3.615717 2.655962
-1.486496 0.959095
-7.381485 7.325925
8.452445 8.826988
2.267852 -5.589934
3.445496 9.954374
8.253433 -9.485949
-9.109422 -0.196231
8.033695 -2.479136
-7.750375 7.454857
5.072837 -2.391066
-2.626268 7.699079
0.785213 6.515129
2.130995 9.584431
-2.931419 1.167794
-4.077419 -5.354733
1.801843 -6.894947
8.212701 6.682924
-4.913602 -8.735794
-6.727745 0.750444
-9.451961 -3.792174
5.313171 -2.432158
8.858692 7.246262
0.765778 -9.121603
8.099353 7.593127
1.329330 -0.251582
1.424688 -4.519563
-4.287328 -8.288766
-9.811603 0.438462
-1.691173 4.967560
-7.256646 1.134162
-6.044651 -0.371410
-8.503453 -6.566213
2.618022 -8.464901
5.633028 -6.521301
5.229998 -9.969811
8.073414 4.218662
-4.478589 5.417272
8.562630 9.468963
9.231203 4.059204
9.532556 6.073785
6.757552 -0.751289
5.745662 -4.402512
-0.653656 8.920262
-1.898660 -1.334001
-1.813166 -4.378750
2.244459 -5.962004
2.988568 -4.566547
6.829682 8.060585
3.699536 0.656958
-3.705754 -0.876833
4.575046 -3.472129
-2.559548 -4.555237
6.554953 -8.545045
-4.929869 6.641935
-3.181977 -1.835440
-3.544825 -7.660901
-2.493823 -1.810756
-6.526001 2.008084
8.496898 -3.059957
-4.173816 2.298389
-0.952824 -1.403748
-2.587826 -5.501140
-4.828383 8.729607
-6.363097 2.845066
-9.920615 1.976848
-4.932014 5.361403
1.362579 7.497582
9.209239 -7.219955
-0.747268 2.517924
3.810291 1.623714
-7.454053 -2.816718
-3.669890 7.892811
-7.304857 -1.120723
-5.552679 0.106143
-5.650471 3.981642
7.779538 -5.106857
1.655472 9.970174
-2.319434 -6.564128
1.978402 -8.191236
5.299701 -2.535965
0.290666 7.968495
9.764448 3.139788
-8.556952 -9.349408
3.413863 2.446832
0.089041 6.395575
-7.044794 -8.428219
-9.215350 -8.429992
2.883351 -9.702972
4.394934 1.191763
-2.796470 8.921162
1.797905 1.515431
0.015292 3.203607
-0.611102 2.585893
3.738068 8.618027
5.666724 7.050725
-5.860598 8.638558
2.373011 1.239299
3.166760 1.441899
-0.201421 -0.571140
-0.761677 -5.001133
-4.397521 6.799652
1.568969 -4.058773
-8.716725 -3.594222
-0.087213 -3.050806
-9.797035 -4.502885
5.256507 8.883054
3.949616 -2.127388
7.306296 5.750305
0.429864 5.321544
4.282135 5.324011
-2.043481 -3.506880
8.975994 -5.583572
-1.473789 -4.184735
7.388017 6.196190
4.385383 -1.648968
2.793536 6.828884
7.325157 4.022129
0.778038 9.264956
4.106480 -4.971119
-5.727277 -3.936535
1.964530 5.841837
-3.600328 3.363732
2.045505 -4.422590
6.308363 4.623887
3.861973 4.672893
6.357356 9.433179
-8.421012 1.606338
-1.319934 -3.355664
4.151847 -4.425676
-9.663414 0.056526
-7.917947 -6.053729
3.792821 8.675237
5.121119 -0.077309
-1.395901 9.627559
0.278494 1.534531
2.236611 3.102406
-9.067795 -4.589192
7.907163 -0.704534
9.071023 8.647109
-5.738569 -7.884317
-2.589038 0.862196
8.814261 -3.728274
5.564982 9.358813
-4.740697 -5.231994
-5.638879 5.492325
6.824814 -8.669752
9.466026 -1.873288
3.149647 8.106201
-5.758141 -7.359819
-6.271096 -7.861761
0.412699 -6.337928
-8.499117 9.920727
6.327735 8.366829
4.116271 7.297347
-7.268022 9.183014
9.522672 -7.444084
9.289396 4.670478
-6.193100 -1.760176
5.378380 9.463568
8.060019 4.092995
9.951521 -5.485802
5.525327 9.762122
-0.696629 -1.868158
3.400911 -2.082686
-9.080697 9.814036
-7.181501 1.092733
9.480831 9.770290
-7.046808 -7.952945
-1.221750 -8.670964
-4.627688 6.403720
-7.552270 -4.135415
1.587263 -4.762711
-9.821561 -1.235212
6.714205 4.832931
3.361000 4.665096
-4.732988 1.645444
7.156923 4.107908
7.907173 -1.049281
2.525904 1.171285
-7.333629 9.734886
-6.318039 -0.634660
0.840299 -0.698230
2.673197 -6.215856
-1.130687 8.342655
1.709272 0.531732
-4.626834 2.362796
-7.692721 -4.499677
-7.163325 6.215226
2.920080 -1.443358
5.381253 -7.476288
4.392963 -7.971020
1.760458 -0.998358
-2.958223 8.224338
0.183083 -7.535688
5.403536 -4.134704
7.671106 5.821519
2.753015 -4.468594
-7.738625 7.270716
-8.903033 2.023849
0.277399 -7.608770
-1.622042 -6.727294
-1.673896 -5.228266
-3.568002 -3.541493
-1.070927 9.465871
-7.228367 -9.211272
-2.256759 4.172062
2.297428 0.638470
9.691500 2.206925
-0.246713 -6.876281
-1.925681 3.316143
8.058747 -2.517185
-0.583886 1.722098
2.246927 -0.004708
-6.102404 0.778399
0.862876 -5.748059
9.777457 -7.660484
9.470138 -9.421195
-7.940658 -6.688482
6.199370 -5.532588
-5.837008 3.304728
5.999001 5.978365
9.127264 -2.242540
3.806647 8.248743
4.520748 7.419534
-7.820420 3.450614
8.604542 -1.776806
4.081897 -5.184307
7.192046 -6.532765
-7.310531 -2.309051
9.241379 1.291558
-6.238825 4.009564
-0.624323 -2.330726
-1.355432 -2.854758
6.501090 2.668160
8.954114 -8.468132
-9.078340 -9.102986
-8.093758 -3.597290
-5.298220 -9.083300
-3.538654 -3.954264
-8.677405 8.224012
0.885134 4.483982
8.552015 -6.425534
5.113681 5.331385
5.736322 0.497671
6.201068 9.433000
0.125562 9.342005
-4.202081 2.735972
7.214403 9.008961
-1.509426 -3.779444
5.374227 7.320077
6.937923 -5.805622
-0.632373 7.108396
-3.088471 1.533710
0.974271 -4.044058
-2.309135 4.695560
4.091749 4.759920
5.875894 1.340275
-3.664673 -4.738053
-0.023370 -0.644378
6.436808 -6.589302
-6.271468 9.429498
-8.281859 -5.919732
4.121037 5.249022
-7.399908 7.655156
7.437898 -4.798617
7.089569 -6.202573
8.742092 7.095222
0.508113 5.551132
-3.695994 9.053913
6.681792 5.877005
-1.688276 -3.023655
-3.622846 -2.826385
-2.113726 9.045201
9.773357 -5.719454
-9.044008 2.780815
-2.299482 -8.855186
-8.543319 1.596176
7.316727 -4.119626
-6.206674 3.171874
6.473174 8.621756
5.336066 -8.100696
-3.333456 -0.234984
-6.899919 -4.660743
-9.524193 -8.754316
6.804661 -2.480099
-7.492509 -9.687219
6.844979 -2.929092
-6.991704 -9.361873
7.684643 -9.890287
7.617675 -8.972494
3.399874 -2.143895
2.024599 -9.016752
-5.739011 4.944111
-7.915420 5.965240
3.907068 4.158596
9.794775 6.297121
-6.793839 1.563680
-3.438210 -7.352245
3.185683 2.483076
-5.203549 0.120373
0.298805 -1.728427
-6.048898 6.361842
-4.785165 -0.869336
8.086740 -0.446409
-6.051595 -7.030364
-1.578767 -9.945794
3.737529 8.181323
-1.652810 0.497780
7.542859 -7.229843
-0.188349 -6.823287
-8.895929 -7.788105
-8.656128 -9.261900
-2.277640 2.021911
7.147600 7.375527
6.663118 5.109800
-7.266104 -6.536922
1.685977 7.770951
-9.453585 -9.303415
2.024634 -5.681699
6.908668 -6.984867
-7.094092 1.491671
9.799661 1.840051
0.689758 8.112619
-1.981475 6.122853
-9.968372 6.393234
-1.699298 8.243164
1.904831 5.439480
-2.297451 -7.813708
9.722163 1.285193
-5.031119 1.464649
-5.681992 -8.946704
5.183373 4.742758
9.517509 -9.756832
3.714233 -6.906741
-7.052806 -4.556122
6.241721 5.685412
2.956580 -6.971215
-6.603242 2.711238
-6.559355 -3.091991
7.132592 -9.403919
-0.502323 7.097746
2.675434 7.626912
-1.160857 -6.622796
-9.562105 -7.425618
-1.098134 2.518626
-9.866772 -3.856738
-2.333316 9.938264
5.644951 -1.384262
-9.215189 -2.379270
-7.808017 -4.250194
6.941849 5.751419
-6.819770 4.941906
-5.815922 -0.401163
3.932296 1.657097
5.268473 -4.372940
5.246971 -3.523066
-4.405088 6.115850
5.876965 -2.221624
-4.450561 -2.995929
1.612502 -5.636680
8.679993 3.927394
-4.082556 2.504623
5.108747 -0.004553
-6.381438 1.066939
-9.982033 -0.839714
8.582320 7.795267
8.757818 6.623577
3.879282 -8.969454
1.698720 -0.777345
7.414579 7.967700
4.987110 -5.133810
1.275620 -6.783980
5.321472 9.636131
8.483046 -1.880586
-8.004702 -1.633034
-3.659249 0.436428
-3.080371 6.740924
-0.435634 -0.443622
4.415468 3.085752
8.928055 9.516846
-9.651922 5.005581
-7.457139 3.049528
4.438952 6.909439
0.612116 -7.600149
3.739099 5.124328
-1.177546 -9.685510
-3.863077 8.951415
3.711997 -0.539248
-5.983794 -6.742630
-5.560642 6.533687
1.721395 7.808364
1.286370 -8.188708
-9.923668 8.543255
-9.227450 6.514973
-7.170986 3.154138
7.468116 -7.136785
4.982688 3.793580
-6.408831 -9.701630
-6.640853 7.185585
-9.430715 -0.741499
-6.675449 -8.109378
-9.764896 2.191704
-7.156541 -5.049676
7.542398 3.563091
-9.198924 -8.583391
-7.674010 9.366815
-2.856869 3.475050
8.065338 3.648025
0.581460 7.652409
9.496622 -5.810287
-3.320478 -3.393651
8.614917 5.997505
8.734826 2.692300
-1.624679 -3.093035
-2.507440 2.950770
-5.549231 -6.482575
-0.222105 7.479633
4.547720 2.337667
-3.223037 5.676838
6.441446 0.420622
-7.066320 -0.164189
9.350883 4.726893
-0.919376 -1.145859
-1.673802 -1.377500
8.281646 5.921305
-0.984153 9.017411
-8.583095 -0.773223
4.668834 -9.754779
6.016686 -7.742240
6.872858 6.119726
-8.101566 -8.680023
2.700607 -1.802220
-6.913061 -8.776874
-6.770126 -1.907615
-7.101197 -4.671634
4.128143 3.061685
1.141195 7.125329
-9.244273 -2.205234
-0.212610 -6.165290
1.993983 0.973889
1.379763 -7.042913
-8.823132 3.345832
2.519852 -8.023265
-5.501211 -5.226817
-9.052486 6.012227
2.516094 2.989504
-6.935652 7.063206
0.001568 -0.174571
5.072646 -1.426718
-3.601912 -5.559538
-9.012432 4.097891
-1.925593 8.461206
3.569294 -6.856154
-1.122745 -7.807101
-2.693715 6.401956
8.251610 9.623032
6.671790 -9.720363
5.320426 -5.731518
3.130159 2.892001
6.779276 2.528451
-7.188547 6.080186
9.244022 2.996101
1.925924 3.778709
0.249952 -1.263094
-1.620304 9.214972
-4.603063 -2.181497
-4.341732 9.870043
-1.771585 9.953535
-9.892195 -0.968026
6.425690 -2.141097
0.810070 8.203647
-6.585589 5.224549
-5.740827 4.004323
0.605968 0.507202
-7.455602 -1.117608
5.155852 1.941558
-4.243879 -4.867889
-0.601384 4.152322
-6.965717 0.292467
0.400612 2.262784
-2.573041 -2.079033
-1.161625 -1.657148
2.793239 -9.361075
2.045127 -1.818604
9.180667 7.423376
3.384255 3.618310
-5.368526 -9.365234
-4.488039 -9.671149
-4.662719 -9.710149
5.239092 6.196186
-0.442338 5.039274
-4.700282 -7.202229
-0.689008 5.258148
-7.367124 -0.121771
-9.229884 0.725519
1.433993 -0.874306
-6.330754 -6.157039
6.807238 4.230599
-4.515828 2.190815
-3.878247 -5.606277
5.914834 -8.176323
-2.015886 -6.104129
-2.687958 3.749524
-4.418863 2.066878
-8.746496 5.007408
-3.668844 9.364345
1.981527 1.615648
-8.670194 -8.720147
-5.776867 3.189632
3.857562 4.456403
-7.222800 -3.989107
3.539260 -6.909058
-3.989480 6.462975
3.332203 1.725792
9.821168 -2.120894
3.131934 -6.132994
-6.789531 -2.692698
-7.841194 -4.204649
6.436325 -7.330539
4.539650 -7.854933
-3.767210 3.001548
2.994420 -9.558168
4.737429 -8.317536
-5.273678 2.338246
-3.637441 -3.609220
4.375270 -8.666632
-5.078593 5.725113
-7.987904 9.419585
8.432732 8.523849
-7.773753 8.686015
-0.850030 -4.447842
6.554082 -1.502008
-9.156160 2.439063
0.252285 -7.976233
-9.842150 -6.031802
2.641768 2.711121
-1.681113 -5.505871
7.643121 -0.529175
-9.548845 0.294083
7.006694 -4.314004
-5.691841 -4.005437
7.254621 -1.788885
-9.453031 -6.838438
2.162976 -3.707065
7.368878 1.224739
0.293431 0.939057
-0.321634 -2.933274
7.493901 6.055656
-1.295490 -8.240095
-0.437051 4.037725
3.425517 1.414353
-5.406522 -1.973407
-2.911604 -2.167430
-8.675416 -9.329776
6.392229 5.540320
-5.717984 -0.226941
1.808547 -2.446988
-5.298233 1.057979
6.223162 0.774051
-4.611956 -6.302432
-0.465403 -0.868882
-1.162806 -8.189779
5.753712 -5.957339
1.722671 4.011843
3.408903 6.955367
4.614232 1.931261
0.562581 -6.609784
0.697588 -6.655983
2.946343 -2.834942
5.229820 5.112873
6.938654 -0.899953
-1.124510 5.103940
7.338400 -1.158937
3.560248 -5.226619
-1.437818 -1.053291
2.135786 6.046142
-0.734625 -8.585693
1.137446 -1.362294
6.166216 -0.561725
1.097325 1.597167
7.305544 5.472122
-6.976405 2.423343
8.994079 1.628218
3.617124 -3.262206
-7.553628 -0.292181
-3.784120 -3.750660
0.004896 -0.733474
3.617116 -6.569403
4.446868 8.682456
-9.161058 -1.739848
-9.997100 -2.866984
-9.542966 -9.457802
8.094481 2.628022
-2.451759 6.499717
0.500835 8.134196
-3.363671 7.854469
-9.780963 5.293609
1.711818 -0.945603
-8.043829 3.312293
1.130066 6.177996
-8.521321 6.212551
9.453663 6.109143
-2.666723 -8.049233
0.999164 8.894189
0.048154 1.735550
-5.186280 7.841513
7.577243 -1.970946
-4.556539 -4.799522
8.177985 -7.111145
2.132929 -7.473340
4.078525 3.292204
9.518207 0.055369
-4.271102 8.953816
2.371731 7.690311
4.399615 4.192236
-4.614443 -9.176463
-2.445548 9.656311
-3.180089 6.665670
0.749963 -2.743476
-5.543840 -8.054161
2.363425 2.595634
9.228046 -7.349648
2.755651 8.462232
8.213909 -8.714689
-3.710101 6.007362
-4.023016 -2.210700
3.194902 -4.752394
2.476577 3.648371
-3.829665 -6.388592
-2.220212 -4.174243
-5.855094 7.605904
3.339155 5.339065
-4.731770 9.168666
-1.051948 0.485601
2.180318 -4.075882
-3.050500 3.291363
1.584145 4.234439
2.716743 6.697847
3.502798 -7.724772
-4.237248 6.018816
-8.003187 9.547904
-3.039865 6.244201
8.770954 5.992093
2.884328 -4.269112
-9.923955 7.567681
-0.277311 8.638194
8.996212 -8.703480
-0.674038 5.850398
-9.748759 7.668476
-0.325332 -8.914073
-9.946047 -1.782497
4.606223 -4.138290
-7.592556 7.980644
0.498377 -3.005696
-4.195416 2.138063
0.903084 -8.370239
6.286685 3.022691
8.717906 -3.301561
-2.697791 7.787966
8.706215 -6.133069
7.484052 2.684598
-0.648358 3.979745
-1.219161 -6.072710
5.842324 -3.312290
-6.921624 4.596940
-2.197522 -3.781514
2.313187 8.964782
-0.090557 -7.296385
-0.787126 2.245041
-2.577055 0.944043
-7.589546 -1.885725
-9.027079 -9.921795
2.363122 -4.306023
-2.062010 -2.366123
7.837903 -5.886315
-0.984673 0.892177
-2.542228 -3.206291
8.212266 5.228937
-6.162875 -9.084429
-9.803445 -5.464159
-5.411178 0.515770
-9.182169 5.702502
-9.255367 -4.042933
-7.651067 -5.414693
6.238505 -9.297281
1.818818 2.507911
-3.479061 -2.378586
-7.940542 1.128218
1.701891 -4.226502
-7.009553 8.349457
3.495714 -5.569193
3.234123 9.126593
-1.415145 4.655990
4.260933 6.602982
8.238042 8.834601
-8.467528 4.151861
6.201659 -0.226545
5.515281 4.887766
-7.952503 7.597217
2.004718 0.615479
-6.920786 4.998995
-9.253905 4.903435
1.428358 -9.183926
-0.816938 2.894113
8.200754 -9.721494
4.106456 8.611885
0.005378 7.681133
-1.023362 -8.300976
-3.843261 1.053889
6.138421 -7.384213
-0.189025 1.253152
-6.471408 5.876070
8.624797 5.111611
-2.108957 -2.759611
2.904073 -5.265345
6.356987 -9.499552
3.057252 1.707821
-3.425504 -1.279209
-2.145711 8.400299
-0.032616 0.911945
-7.218913 7.257610
9.577166 -1.222782
-1.806616 8.887386
1.049662 5.421540
5.805867 -4.573475
0.625557 -2.321849
-6.949951 -9.643080
-9.166847 8.102013
-2.902930 3.873194
-9.235880 4.204218
-3.523384 7.949544
-9.189012 -3.615245
6.467272 3.338972
-2.705475 -3.444594
8.407552 6.980405
4.750319 3.617601
-8.590971 -7.998155
-6.042643 -6.349472
5.781074 4.676325
7.354179 -0.893355
8.947970 -6.768681
5.856756 8.811863
-9.879137 -2.865352
-8.458845 8.815458
3.243074 7.092143
-2.368240 7.415759
-5.626246 -9.602384
2.242003 6.254955
-8.098333 0.956317
1.246738 6.946328
3.968767 2.561504
-9.415669 6.732320
-4.159457 0.272849
1.980539 -0.866175
-0.759227 -1.066792
-4.500056 3.179280
-4.725819 -7.444976
-2.587743 -0.470219
3.823394 7.370886
3.093450 7.243379
0.167304 -9.061034
6.857579 -9.991958
0.337113 -4.885126
-4.519974 -0.097901
4.860778 7.092612
9.945447 -1.206392
-5.413527 -7.463600
-3.937530 6.076441
-7.511757 2.672671
6.030874 9.528911
0.923044 -5.903417
7.469587 -9.138629
4.300989 2.897704
-8.416490 9.708425
-4.094354 8.379764
3.374496 0.697103
-0.591954 -4.266978
-6.801092 -6.012511
-0.068144 8.339577
9.109024 4.791519
-1.655266 -0.995798
7.431185 -3.551651
-6.037793 -6.760244
6.021892 4.246413
3.957492 -8.198323
3.162294 7.529184
1.751331 -5.445145
-4.335348 -6.727163
-5.805804 -0.318987
-6.458400 -8.768292
3.103764 5.478693
6.449457 -5.151561
-3.016975 1.927798
6.564362 9.992294
0.124274 0.757277
4.494436 -1.850556
5.240794 -8.352399
-9.758539 -5.386155
7.147665 2.418068
7.936195 0.487586
1.582414 1.119007
7.949312 2.760388
2.506438 2.611991
8.607471 -8.980638
0.509895 0.770510
-5.186216 2.287301
-7.559878 9.004914
-5.928995 -4.954650
-1.488976 -1.946653
4.274362 -0.135080
6.189844 -2.534357
1.113551 1.949361
-6.324363 6.760346
-9.808694 1.999298
4.225149 -4.652016
5.504745 7.486696
3.404283 0.548478
5.076191 8.793766
4.407876 -2.926217
-5.955604 5.450471
5.383355 -8.081821
5.708116 -4.647828
1.987456 2.014812
-2.999074 0.450406
-3.880672 5.207646
0.326140 -9.419231
0.056125 9.077766
-2.330061 3.073582
-6.810238 4.485667
6.122868 0.481687
-3.437246 5.155900
4.965393 -2.446438
-4.948831 9.425482
-8.813531 0.010468
6.343270 9.492395
9.692067 -1.725946
-4.154661 -0.002586
-0.185627 7.859097
8.656928 -0.419472
-3.062048 -1.685142
-6.300208 -2.861106
-9.468076 -1.444443
-8.644372 -0.095566
0.186229 -9.990156
0.287097 1.587118
2.887342 -9.519320
-5.425981 -3.035785
-2.515509 -6.841230
1.116026 -5.935966
-3.237878 8.958414
6.122178 -3.417358
2.185780 -1.156467
4.380293 -3.002948
-0.033876 2.786927
-7.025415 2.961982
5.430614 -6.003864
-9.597288 -8.614680
9.836653 -7.541027
4.953489 8.773883
-3.274756 -0.362294
1.792888 -7.295876
2.922063 -1.736569
2.601174 -1.852622
-0.777445 6.098645
4.185251 7.061546
-2.214264 0.940606
-1.578334 -2.385292
-9.395302 2.853639
3.237569 -8.608372
-3.965518 -6.140394
5.794950 2.180472
-5.377199 -4.277823
4.097317 -6.079476
7.495719 9.888399
-0.995277 8.592850
-1.002563 -7.382095
-9.408731 -7.216858
7.638022 0.719706
-7.639485 7.092519
2.081508 -2.356925
6.806017 -2.951794
3.091564 0.825710
-6.140911 5.495192
-7.216396 -5.779320
9.504882 5.667804
8.916765 9.059474
-0.730006 -5.810326
-9.255348 -6.242468
-9.610988 8.318036
6.171196 5.191094
7.497130 -8.396212
-6.672201 8.007574
-6.672585 -0.079150
4.114509 8.925715
-7.261749 7.954218
-6.840082 -2.576429
-9.323004 6.397969
-3.999741 7.290996
-1.812103 -6.333579
3.867836 6.590204
-8.871919 -5.684998
-9.618351 6.044337
9.204215 8.476065
-4.208535 -6.417472
6.362741 4.630312
8.788513 -2.471719
-7.048358 7.863384
4.252580 -3.805797
5.550049 -9.642664
5.465913 -2.868493
0.312514 -2.646484
9.019045 8.909887
4.381650 1.477790
8.872491 -4.135260
-3.297286 -5.414445
-2.539895 -4.747542
-8.238442 -0.110408
4.037810 7.946730
8.498134 3.276640
4.227278 -4.107977
4.483044 -5.038140
-4.802295 -1.231749
-2.929984 -1.904056
2.131847 0.789541
-2.795008 -3.243116
-6.626320 -9.281399
-9.974371 -0.724406
-2.941967 -0.650297
7.363225 5.475982
5.063145 9.025468
-2.047753 -1.962128
9.082772 -9.719844
9.023894 9.235997
7.484579 0.083085
3.849748 -9.313660
3.590088 -7.281279
0.976644 6.809625
1.822310 5.327830
1.780449 -3.109054
3.882759 5.534239
-3.899669 0.007953
1.343664 2.799182
-0.199107 -3.360396
-9.538714 1.040506
8.152136 -3.210144
6.662290 4.673007
-1.241297 5.948246
-7.518402 -1.522020
-7.263628 -6.238755
-7.535400 -2.471712
-7.959744 2.079882
-3.324784 -7.740503
-7.431010 -8.902069
9.710070 -9.601412
-4.727607 -4.992035
9.512214 0.005340
0.498979 6.328101
-2.179493 -8.263243
7.653317 -4.104055
7.134485 6.231239
9.008250 7.803540
9.010097 -5.253714
-9.662895 -4.838520
6.378271 4.979113
7.665495 -2.677852
-4.052703 1.577083
-3.569197 -9.686236
2.449392 4.915826
-5.331548 9.513673
-8.047834 -6.051027
5.855020 0.021761
3.478374 -2.357074
-1.107626 -4.576081
6.765012 -1.486433
6.187393 8.887179
-9.796581 -9.081812
-2.273711 -8.883456
7.243396 5.190683
-3.456168 -6.591403
8.968502 5.450156
7.567953 -5.143624
2.144394 -5.462178
0.972000 2.551790
-2.814292 6.841027
-8.724484 5.995274
0.762903 -4.150645
-2.230409 1.887887
-6.360968 -5.551186
6.506188 9.672201
-5.679295 -6.958423
-3.477906 3.027532
7.248944 3.225707
-8.147604 -5.535813
-3.983013 2.762220
-6.771153 -2.414655
-7.485271 1.690404
2.888597 -3.812569
-8.420959 9.575017
-1.024237 -1.419059
1.784431 -3.906459
-4.706260 -4.677424
-3.552231 1.467436
4.932071 9.208189
-2.678065 -4.515654
-1.501329 0.727129
9.808071 -9.235898
7.635376 -4.998708
5.589717 -2.680323
9.451545 0.392493
6.829896 3.175392
-8.333487 9.818751
-2.225731 4.383938
-5.576910 4.063499
3.936972 7.085809
7.491637 -9.495968
1.589530 4.977419
-9.957411 5.966735
5.105389 -9.020620
-8.170375 8.598965
1.192046 2.562668
-6.283088 -5.010095
2.521231 3.461171
-0.212570 1.148907
7.081260 2.935779
6.795455 8.984930
0.963507 -6.268858
8.064753 -5.714575
5.287355 1.689161
-1.507799 9.053412
-8.502713 -6.233552
2.491619 2.954659
-6.528781 0.423504
7.309814 -5.003353
0.014047 4.017051
-4.793237 -6.061956
-0.675882 -9.547509
-3.495411 -4.515488
-2.896746 -9.041941
-5.396648 -7.585831
-2.509197 8.588158
-6.091575 -5.770421
4.326153 7.619764
-3.097523 -2.512873
4.597781 -7.341657
-5.950561 7.202556
-4.523652 -5.648280
-6.116361 -1.012840
-5.567436 1.621570
-0.474461 -3.438089
8.836238 2.956576
3.548897 -4.454118
-4.682727 -6.481564
8.951842 -4.729852
-9.667957 -6.352441
0.743712 8.054262
4.880556 -6.676124
-3.964204 -2.604835
-7.891375 -7.063546
-6.348291 -5.061144
-0.138856 -2.555007
5.026108 -7.996703
0.370314 -6.877071
0.485927 5.901514
1.406103 4.510801
4.614354 6.738218
-9.389858 6.743993
-6.329760 -8.496232
7.359806 8.275665
4.490806 8.195597
7.705229 -8.480937
-6.577322 -4.311355
1.020395 2.111271
8.610720 -2.822701
3.855161 6.553913
-5.865772 2.692304
0.000036 2.080029
-7.905453 1.895628
0.928159 1.941652
7.534796 -9.893134
-3.375720 -5.853682
7.392935 3.228791
0.029436 -4.120739
-6.817022 -0.586166
5.634578 -8.292372
3.459193 9.272796
6.273122 5.612723
3.155537 4.202929
3.956516 -8.568213
1.253118 -5.779549
6.273147 -8.595755
-6.331587 2.139878
8.541240 7.817899
-4.986452 -6.179286
-6.605341 -6.436582
-9.762399 -0.130598
-5.942186 0.221227
8.754594 -2.132798
-0.021309 5.338920
-9.316034 -2.395800
4.126764 1.858514
9.959422 -8.704486
4.201330 -9.081027
6.955475 -7.669791
1.549091 -2.790485
6.218218 -0.085531
-7.572050 -1.058304
-6.734858 -7.439987
5.335601 -5.731198
-2.780450 3.294668
-9.255975 -6.489284
9.004895 -7.689439
-3.742937 8.099199
2.167154 -4.773623
-6.344663 4.267493
-0.908768 -7.199261
1.025141 -6.718397
-3.043771 3.137304
-3.176037 5.998738
0.722023 -2.116383
1.027405 -5.128593
4.235704 -6.511224
1.064966 5.607192
-7.223232 -0.796460
-2.042060 -7.439314
3.663430 -7.016887
2.892407 -0.458161
0.430776 7.459818
-2.155319 -3.162622
9.058907 -6.489850
-4.474657 7.162971
1.817500 -4.419837
-6.143037 6.439895
6.022143 -9.902443
6.948290 -6.321634
8.153384 -2.755276
-1.258387 5.717378
6.960804 9.990896
1.163163 -7.055114
-9.894293 -2.091703
-9.169965 4.269358
9.967647 -2.046830
3.197810 1.347943
8.495596 -7.975698
2.512712 3.479916
-3.261146 4.406275
-4.092482 8.495087
-7.548709 3.713730
-7.093149 -5.354198
5.636512 -1.720204
3.408560 6.889583
2.998289 1.274669
-2.382395 7.253161
2.278965 4.931715
3.250535 -9.026440
8.225017 1.414607
-4.084282 1.962313
-2.687939 -2.626057
-3.640566 -4.358628
2.874621 -6.577686
7.813704 -7.365315
-3.595461 8.737643
2.907550 -3.233315
2.179030 -9.165656
9.096452 -7.300656
-0.181337 -1.757411
7.813875 0.443236
2.087222 -0.314231
5.573439 -9.522715
-3.756474 9.111313
3.805200 9.743600
6.912023 9.017382
-7.675913 1.082517
0.977981 -8.702505
3.750230 0.383127
1.249934 -9.520305
3.145399 2.439078
-2.955051 0.237200
-8.956720 0.063817
6.178557 3.329144
4.122392 4.504533
3.125958 -3.659404
-3.415435 2.892236
3.705035 1.386038
5.172046 -8.774262
-1.755546 -2.454166
3.029983 -4.030662
-3.094927 -2.447256
-3.914876 4.589592
0.965127 -7.002262
5.810404 3.646436
-6.105558 3.882000
5.922503 6.552698
-3.604699 8.235250
0.357575 8.462806
3.521179 9.516496
-0.711305 -5.103427
1.771850 9.116943
0.179787 3.209821
1.436298 -9.014852
-6.566434 0.584240
6.124445 -5.767305
6.411686 -3.710043
0.013193 8.429987
2.173794 7.684564
6.003729 -1.019872
1.884498 -4.570522
2.043402 2.414763
-3.581395 8.250640
-7.050412 7.179991
2.240724 6.266642
-7.204365 4.711466
-5.180705 1.668808
-1.340655 -1.065264
-0.598186 7.900101
-3.632749 1.979207
-9.151040 -0.044988
6.492586 -9.210391
2.157283 6.066880
0.431720 -4.652149
9.314124 4.542793
-7.124238 0.640363
-7.133796 4.176165
4.275278 1.023590
-2.458403 -9.208765
9.151705 -1.249936
-0.577882 2.107865
-3.429263 0.910010
1.196122 6.937061
9.508092 -2.229132
-0.779943 -6.613218
-2.252494 6.425888
-4.912263 -1.203359
2.898854 0.486524
-4.098596 -8.166693
-3.928937 -3.470391
9.793134 -8.482298
3.239033 -1.083697
-1.253993 4.472708
0.833354 8.318403
-0.965747 -5.933603
-0.712342 2.647771
-2.054483 9.258506
1.557529 -1.013049
1.956814 -2.643760
3.197107 -7.801606
-2.754205 0.260203
-8.974528 6.714728
6.577914 -9.144218
-0.905781 -4.692221
7.482959 -3.306252
8.775315 -4.084213
2.917121 -5.513280
4.011868 -8.668464
1.103690 -2.426018
1.516915 -0.488278
-9.859267 -7.334732
4.257765 -7.212227
-9.665025 3.742207
-8.197393 -5.966572
-0.677114 5.669442
7.066522 1.185154
1.873418 -0.194408
7.940855 1.452708
9.581902 0.251243
8.813837 -4.446030
5.887436 -4.407309
-3.845111 -6.656711
-0.314292 -4.541999
5.869700 -6.117923
9.026598 5.252534
-8.766157 6.130260
1.654332 6.056461
-0.549238 -0.899928
-5.876409 -1.946845
-5.617942 1.305431
-1.370479 9.930867
5.715578 -1.868148
-5.749273 -6.669687
4.467601 4.430265
2.547905 6.853356
-4.228269 0.044626
-4.726075 -5.949425
-0.833108 -7.418755
0.733056 1.035210
1.020806 -1.673055
-4.631789 -7.102825
2.715587 -2.729474
7.056825 0.429526
-8.916870 6.057520
-0.255016 -6.276220
9.759318 -4.873613
-2.622551 -0.408941
2.169157 -2.882512
7.737361 -8.684152
4.109757 7.184501
-7.530875 9.708128
7.596925 -7.711327
-9.657521 -6.227205
-4.187959 9.611952
-5.875481 9.010588
-2.025399 1.309294
7.083213 2.621909
-7.469751 -4.967758
3.987914 9.766780
-1.239324 6.473858
-7.175442 -7.389962
1.264336 8.511027
-4.062949 1.914575
6.607541 3.781451
-4.696948 6.569624
5.972648 -2.803092
4.142529 6.602962
3.202770 5.937344
-8.555824 8.550134
8.138823 9.324840
-6.282068 3.646604
-4.098541 -3.438044
7.661278 -0.504284
-7.130730 -8.534927
0.646658 -4.732047
-0.299978 -3.620855
-3.428538 -1.320407
-7.196925 -4.095625
4.928290 -0.601392
-2.983108 -2.804367
-0.485193 -9.358873
-2.977864 1.523460
6.923695 8.338611
5.255682 0.179034
-4.604093 -8.607764
3.723869 -1.515398
-0.004636 1.746635
-9.380824 2.138187
-9.066537 -9.963285
5.185915 6.672578
-3.335823 8.206242
-9.708542 8.801335
-6.092235 4.244516
-0.832703 8.182968
9.191594 -8.271425
4.131521 -2.424226
-5.630714 2.040003
9.565612 6.306808
5.805685 -5.786215
0.908305 8.777086
6.139824 9.533094
-7.676842 8.247382
9.964359 -1.158393
6.735525 0.994367
8.405545 5.192455
8.670337 -8.096508
-8.831564 5.508922
-8.073252 7.070693
-1.776196 -0.432253
9.393636 -6.157578
-9.867979 -0.881699
-1.128571 -2.452772
8.079977 -4.813608
-3.977305 8.786886
3.857214 7.500454
-0.996208 -1.883357
-4.178863 -1.375312
-4.334881 -8.457731
-6.235256 -6.273097
-4.135580 6.510348
4.783594 -7.259359
-2.847090 3.193046
-3.946989 -8.039090
-4.485828 -8.868540
6.024855 2.649061
6.269144 -8.461354
-0.928216 -3.607428
-5.896837 0.941945
-8.944841 -6.322022
-3.242738 7.325882
-6.339920 -6.841441
-1.897072 7.051668
-7.354176 -8.531520
7.528828 -4.607252
5.499854 -7.569249
4.382532 -5.636784
-3.235871 7.300349
6.619137 -0.365420
7.112291 9.423016
-3.997508 -4.351991
2.761910 3.055767
-8.193201 4.190020
3.002933 -3.977384
-8.963348 1.998674
3.276519 1.004294
2.570763 2.001332
-8.385884 3.567193
-2.461179 0.704925
-1.364291 9.389653
7.660514 -2.914876
3.633801 5.653991
-5.379193 2.603190
6.442450 0.862643
6.335305 -5.030781
6.294775 -5.332471
8.166004 -1.940229
0.409154 -4.294564
-2.694611 -1.258276
7.497259 -0.564449
3.009944 -5.236782
-2.541171 -4.633064
1.008206 5.331166
-7.092995 3.096121
3.643318 -4.525129
-3.518751 -9.613731
7.059688 -1.054900
7.836354 4.183992
-3.539241 1.824098
8.992047 -5.239483
4.957652 4.835536
8.563748 -5.229345
0.416015 2.138035
6.142436 -5.434647
-6.729332 -3.800138
-1.840893 2.970870
-2.704122 4.232310
-5.700078 5.586096
2.738896 7.797540
-7.562443 -6.303322
-9.548892 -0.612895
2.228451 9.041230
3.323350 -5.535093
8.724829 -9.985224
-7.543313 4.346302
-9.766785 1.412498
2.844110 -4.417434
-6.858628 -5.599625
-1.871805 -4.227679
-3.946392 9.520592
6.570897 5.721769
-7.035175 -9.215357
5.675314 -4.245518
3.710640 0.420279
0.769590 -5.699967
7.953665 -8.760167
-2.461950 -6.486593
5.689342 4.557032
7.601009 -3.580144
-0.850651 -8.527781
0.041516 8.610589
8.336497 -3.168363
9.045731 5.357602
8.815956 6.148435
9.955872 -6.427172
-8.377784 6.697379
-4.718935 -2.284455
-8.337488 1.188888
0.329687 -6.135845
8.802237 -3.954376
6.346634 5.723828
3.704989 -3.857933
-4.531146 -2.786774
-9.873858 2.473562
4.337094 -0.331018
9.839421 -3.260662
-4.572679 0.550887
8.001315 8.736600
8.404675 8.015626
-0.377098 7.039587
6.203209 -4.933175
-8.011223 -5.692329
3.075331 0.657124
0.933378 7.311277
0.617779 -1.394980
-4.041021 -3.447332
-3.629504 5.240938
-5.036513 -3.877814
9.516661 5.953843
9.335977 -0.625254
-3.573491 2.312715
2.010914 2.145824
-3.406462 8.803498
0.421416 -2.609612
7.814801 1.099056
-9.434457 9.671697
-0.646929 -6.333637
-8.694158 -3.604473
8.266261 -0.150333
0.372005 -8.093951
-3.274466 0.011353
3.885355 6.858807
6.995214 5.521475
-5.462803 2.936384
-8.265506 -7.807087
3.876200 -6.657243
-2.399538 8.365692
1.405724 -9.290360
8.718453 -0.986071
-8.448382 -9.963312
2.014447 3.225159
-4.958209 -8.375798
1.695909 0.315922
0.807677 -1.399429
-5.343516 -3.795351
-3.059060 9.272324
8.226518 5.465051
5.144270 -4.296980
-3.399403 -4.091981
0.605607 6.488298
6.276691 5.333934
2.718764 -6.720084
7.767288 -5.904102
2.751262 -4.732514
-4.629636 9.128770
-7.422663 -0.132777
-7.966594 8.476515
-5.037959 -6.453973
2.811482 -9.779515
6.100025 7.208508
0.269662 5.891566
-5.721615 -6.287676
-6.092031 -4.392255
-1.045693 2.570220
3.927718 -7.106543
8.872057 -1.151934
-8.953932 9.555067
-0.383136 3.346331
5.101203 -4.733386
2.023189 -7.270154
9.421353 -3.353972
-8.866691 -5.350250
-4.050140 -2.662531
-2.825736 -9.319612
6.154336 -2.863953
7.203748 -9.922275
7.368582 5.136487
-7.601465 -3.834658
-0.365071 -1.367740
7.485103 -9.319001
-2.542312 4.640897
-2.990545 -9.817508
7.182588 7.250676
7.793701 -6.700792
-2.198529 -4.194549
-4.464887 0.024227
-8.231764 4.440175
4.736010 8.123153
-5.033628 -7.527246
8.069229 4.740958
-4.650663 7.520507
0.462041 9.648817
1.727554 -8.559215
-0.835908 2.764951
-4.531613 -4.298547
6.566678 2.170476
-9.940804 0.602445
-7.731433 -5.571811
6.802643 -8.074937
-0.485113 -1.936029
-1.384280 6.238740
-9.745790 -1.626477
-4.801881 -0.279149
4.786294 -3.959384
-4.431865 -6.939513
-9.533264 0.087627
-6.896956 3.217042
3.657278 7.469263
4.359638 3.961096
-1.177568 7.429738
-9.977327 7.448411
8.187934 -3.035959
-7.320071 8.799052
6.827491 -4.628311
-2.029621 -7.090904
-8.224682 -4.261429
3.662196 -9.044712
3.065936 -9.849670
7.899482 0.618420
4.087208 -1.002869
-5.463378 -0.656826
-5.020542 -6.078553
8.606498 8.391502
6.866631 0.648095
0.286057 -7.792932
-9.036223 -2.691887
-3.029926 2.585717
0.344691 -0.372956
-1.723671 7.837715
-6.413207 9.314009
9.773509 1.313005
-1.908100 0.282032
-2.290184 1.841260
-2.115964 -6.583007
-9.720233 -2.326699
-3.126532 -9.304200
3.854008 4.360511
8.069497 -1.015011
9.122279 6.727265
-4.164442 4.093417
-8.132580 -2.604326
5.349415 -3.242513
-8.864642 2.165027
-6.641714 -6.830787
3.708776 4.029376
6.428206 4.013495
-9.211733 -4.031325
8.230718 9.497584
-1.459233 2.509498
-5.659491 1.710569
-8.560887 0.443494
1.072269 8.450275
1.446204 -8.382589
-5.701053 2.060015
7.256854 9.819813
-7.416135 0.242424
8.373944 -2.703719
0.715281 -9.806496
-1.915753 -2.273148
7.297141 -4.223085
2.876538 0.589922
-7.646252 -0.671259
-2.512127 -8.083455
9.487069 -2.285696
-9.118434 9.782455
-4.066512 -8.405900
-0.563596 3.722706
7.271044 -1.802953
-2.317614 4.008569
5.426370 -4.715457
4.383125 3.616637
7.440948 -9.617960
-5.229162 -0.233584
3.926260 7.789631
-6.815245 -4.484204
9.026133 7.680821
0.315014 -8.441438
2.832599 9.768236
3.916439 -6.054126
3.519327 -1.592617
4.916642 6.434920
0.124770 2.173659
-2.135451 8.170505
-9.886322 -7.697107
2.425088 -2.454826
-8.415103 6.106202
9.031198 1.693076
-8.956627 -8.770982
7.654358 0.212111
-0.899205 1.653054
8.623555 -8.657340
8.536594 2.456851
6.332078 -7.515998
1.510392 3.918978
-7.660536 -2.743091
4.998874 -9.518934
0.884679 9.914150
9.339183 -3.945921
-2.320014 6.238057
-3.423790 -4.254808
-7.836458 -2.274896
-4.596794 0.884221
4.223168 6.051845
-2.669353 -6.056662
-9.789486 -4.266516
7.570460 -4.049187
8.867114 -3.623065
3.395571 -6.430543
3.534909 -1.661559
-2.926032 9.151820
-5.211873 5.151196
-6.719457 0.502390
6.227117 1.975147
2.727673 -8.579858
-7.906323 -3.646635
-9.555435 1.612327
-5.225383 -7.804151
2.808337 4.622936
-1.617219 -3.836632
0.818070 -5.742488
-3.883794 -4.535716
9.574230 7.302096
-2.257147 9.668584
-4.247933 7.273187
-1.127021 -2.032883
9.992677 -4.626773
9.575513 1.527408
3.962504 3.889421
-6.735185 4.449674
-5.180472 3.378559
-7.950017 -7.546406
-6.277730 5.301092
2.590994 -2.816671
-9.360973 9.701926
3.193425 9.972731
1.411676 -3.728828
9.010920 -4.793396
1.840863 7.159858
2.027409 3.367493
-1.743602 -6.515988
-5.157578 -9.192515
0.272552 3.605227
0.792999 -4.804546
-8.191823 7.816222
-7.005172 -8.387491
-4.594362 -9.481601
8.935293 -4.021550
4.929444 2.891966
0.882810 -5.737254
-9.988367 0.333862
-8.093255 4.334607
4.081406 2.538107
5.585718 -0.507539
6.801513 3.566924
-7.677625 6.047765
8.053951 4.543459
-1.425556 -2.441399
8.092847 4.924893
-1.525726 -0.607072
3.845305 -4.517302
-4.034026 6.118893
-5.601933 2.682173
4.015830 -1.119464
0.558675 9.628520
-2.591688 6.675783
4.909366 -7.299498
-3.128622 5.255984
-4.677246 3.834082
4.564313 -4.941317
3.086729 -2.575228
9.717118 0.527509
-8.750050 -7.607662
6.126225 -7.225781
6.754422 -2.119841
3.929801 2.876765
5.615204 7.857881
2.714675 -5.640795
-0.865089 -2.645222
9.660334 -6.699171
-1.151694 6.758029
-2.095375 -3.297230
3.051749 4.652565
-4.457550 -2.652734
1.704505 -7.507598
7.519856 8.558587
-3.501268 -7.530795
-2.569915 -6.445931
5.605014 2.496112
-5.998229 -9.175154
5.512114 -9.541909
-3.952031 0.381182
-9.969796 5.509267
5.324076 4.980151
2.056318 -5.155082
-9.600655 9.772356
0.453471 -1.987948
-4.253349 4.150578
7.319983 0.198434
-1.770725 -9.183406
0.767783 -2.056438
-7.114475 -0.735540
6.118263 6.240845
-4.861627 2.668858
-1.230334 -6.710033
1.141932 -8.241268
-6.157920 0.979889
-0.296219 7.848199
9.772365 0.618040
4.412009 8.752715
7.529845 -2.360898
7.872746 0.309518
6.768858 5.653163
-0.668984 -4.894688
-4.874935 1.660542
-3.041741 8.669849
4.655370 -5.533689
-4.613779 -0.181844
4.603270 -2.691014
8.460641 -7.929400
2.499749 -3.417212
-7.953555 3.441633
-6.468434 -7.498739
-2.104714 -4.247783
-5.154788 5.197298
1.517408 -5.541692
8.947168 -4.412573
3.750098 6.508366
3.259084 -3.499156
3.652693 7.291283
5.777824 2.061332
6.138552 -2.302115
-1.742690 -6.795145
-1.845623 1.662190
4.097333 7.632935
7.738492 -5.611389
-0.362456 -0.029410
8.788714 -3.755781
8.604530 -9.084335
-0.404779 -8.480891
-8.277736 1.000739
9.701180 6.621072
3.355923 -1.676742
-9.898452 6.685148
-6.378834 -2.523475
-9.629898 4.477939
-4.918885 6.890112
-8.554094 3.678643
-9.212006 -8.938887
6.537873 8.128158
2.717292 5.459556
5.087362 6.886596
-6.864538 -5.391942
-6.363845 4.100654
-8.434382 7.765295
-5.326920 2.624954
-5.982231 -7.991836
8.583681 7.851833
9.010114 -3.415582
0.905557 -5.037978
5.030511 3.645404
-8.124391 -5.607398
7.321397 -6.005896
9.951661 4.639972
-0.733486 -2.379617
-2.362259 -1.594466
2.435613 -7.974756
-0.353248 -0.830503
-5.138139 7.177506
5.180252 8.564325
6.711804 -7.578703
7.487240 -5.262088
-5.726570 1.198428
1.623311 -7.884532
7.957378 -8.095568
8.365615 6.377831
4.999611 -4.031477
8.390205 -9.022840
-1.202439 3.249391
7.963553 2.624806
9.803842 -1.201844
-3.018253 1.350193
7.921997 -8.107265
-5.433456 6.576133
-9.419035 1.396074
-1.829934 -6.467821
7.029752 0.278626
-1.857424 -1.432002
9.117098 -2.960957
9.570570 0.638278
7.168353 -0.235404
-2.161048 -4.663998
5.378740 -7.831484
4.251724 0.868734
8.658392 3.660540
-9.347098 -0.194525
1.582545 8.641996
-8.875567 5.706495
9.513243 -1.517722
-7.881775 0.376012
-4.701007 5.273346
-3.259791 8.359020
4.058417 6.887535
5.442348 -9.201669
-1.220397 3.157405
3.080548 2.880084
5.386685 -8.277226
-8.926343 -7.552112
-7.817670 4.797062
-0.560399 -2.707855
-6.898664 -9.633309
4.908151 0.408358
8.284056 1.314843
7.923485 1.652525
-2.887286 4.004492
-9.928586 7.880781
-1.832092 -5.500383
-6.132931 5.701695
4.309690 0.667232
1.431812 3.989961
8.420463 -8.083884
-9.840853 1.365288
7.734784 -7.350106
9.419962 -6.193329
3.414775 -2.375283
4.722141 -6.719099
-8.860064 -1.037886
-1.168834 -2.691326
8.280575 -3.974303
-5.934079 6.156970
-3.292759 -4.026314
-8.391734 -1.980303
0.915911 -5.158843
9.833368 6.745252
-9.795371 -5.182297
6.869747 3.117667
-9.469439 4.842592
-5.424872 1.521681
-2.431115 4.154215
-8.824153 -4.586674
8.467858 5.379318
0.378027 -4.350695
2.107572 3.096349
6.719678 5.425710
-4.184663 3.912572
4.528607 -8.950707
2.233339 4.535830
5.182131 -0.292896
2.159999 8.866920
3.190081 -9.886472
0.014818 -1.341443
5.077517 -4.649556
-3.673344 4.695876
-1.886265 4.852094
3.461763 2.927177
7.634397 -6.454764
-5.790752 -8.506629
4.281521 -5.924159
5.064468 -7.663734
5.846900 0.288968
6.257671 -6.489727
4.788099 3.311786
-6.280415 -9.056206
6.435202 4.598908
4.612545 -3.778122
-3.291717 -3.268996
-0.420076 1.686585
-9.065765 9.399082
3.754074 8.931268
3.608372 -0.916564
3.698331 8.506191
9.553797 8.467346
1.197776 1.316209
-3.925757 -7.559741
8.493682 2.749271
-2.715699 9.513889
2.173107 6.953964
6.631264 -7.306552
4.280543 -8.587698
-4.825084 6.404035
8.881297 -4.377875
6.073826 9.683115
-6.341588 8.102722
-1.522803 -7.813631
5.218918 -3.703043
-0.001750 -9.891863
1.037152 -9.215530
1.102010 -0.741437
1.672576 -6.643412
-7.680433 -2.636218
-9.951145 2.814723
5.060177 4.665891
-9.048697 -0.454900
-5.185483 4.966762
-6.558461 7.131658
3.111151 -7.874809
8.531494 7.069361
-9.370717 -8.067353
-5.957515 0.930437
6.073831 -8.041039
5.397350 -6.430992
6.155468 5.943662
-2.164784 -2.589261
-1.269142 -1.495412
7.677534 1.933741
-3.738807 0.240513
-7.126631 -7.763732
8.387647 7.576253
-5.197405 3.700906
-5.844969 2.993645
-9.978333 -6.416556
-8.105128 2.886000
0.946243 1.602301
3.948209 -1.734406
4.690296 4.785446
-5.519474 8.756822
-9.654824 3.667242
7.688700 -9.583385
-7.800466 -0.046288
-6.851356 -0.719220
7.325986 3.886265
-1.411530 -8.528527
-8.417716 4.398418
6.396576 -8.231342
2.471437 9.183221
1.841008 -6.371822
6.581901 3.131965
9.307345 -8.305569
-5.731712 3.245991
8.274129 -8.652252
-4.767354 -1.779645
1.660633 3.349385
6.498470 0.814879
7.335315 0.904315
-7.423780 -2.480903
7.558826 -0.598029
2.503795 4.955567
7.894866 2.016469
6.609692 5.879628
7.612144 -6.510895
2.630934 -6.552537
-1.122013 -7.721676
-8.958380 9.392506
-1.172793 -3.515518
5.459543 -8.540075
6.217356 1.564704
-3.852735 9.425329
0.062408 -5.743105
0.685148 -6.058485
8.811998 9.702444
9.261296 -4.936515
-2.785893 -4.572492
-6.038377 2.215149
-6.816522 -9.397787
5.149625 -3.449841
-2.847988 6.289606
-0.859940 1.393925
8.597297 -4.729092
7.790097 9.051315
-2.324639 2.080998
4.336186 -2.811334
9.355572 -7.636606
0.941935 9.635104
-1.053623 0.693260
1.166864 -7.376498
8.602096 -6.347312
-2.545357 -2.188815
-1.933082 8.749708
9.403485 -0.965974
6.150265 -5.658607
-8.260645 -8.123870
-6.521958 -3.143358
-7.353736 -5.208549
-4.352788 -2.824815
-8.746839 5.827476
4.086366 -6.199525
-8.481381 -7.535607
0.590038 2.225091
5.730126 4.622965
-9.960860 -5.326970
2.225464 -4.178366
-4.740870 -2.062453
-3.399329 5.491306
-5.721676 -9.850549
-5.329597 -7.701550
3.108426 -7.275060
-4.267839 2.785762
9.436849 0.293722
-6.533726 -2.305097
-8.385253 8.026161
7.443287 -6.845081
-3.602705 -1.630753
5.571395 2.657741
-1.717172 6.606628
2.502628 8.887876
5.530434 6.051033
4.984367 -3.120103
7.441809 1.930700
-1.259155 -4.219011
-3.742846 8.672713
3.093918 -2.751342
0.710524 0.779722
-6.782073 -9.731752
9.263038 -3.749346
4.588315 -9.842491
0.961874 -2.603767
-5.157845 9.120321
8.557742 -7.926614
-8.018538 -6.258082
0.360963 5.606444
9.154857 -8.985860
8.150156 8.816437
0.509219 1.705674
-0.347851 -1.795843
5.464188 -2.595635
8.506364 9.798290
-6.027869 8.742385
-6.118742 -7.276876
6.994647 8.944048
0.825466 -8.852544
-0.993874 4.294724
-0.865908 1.057335
0.879140 2.974484
9.139177 -0.400563
-2.590036 -3.374360
6.049655 -7.049207
9.771710 -9.318486
2.243451 -7.942902
-9.784449 5.531796
-3.569825 -2.033784
0.080218 -8.274149
-2.091063 5.086217
5.386023 -8.363030
3.627799 -7.932240
-5.149691 8.049109
-0.921771 0.697961
-7.778738 3.464535
1.296266 -1.081451
2.115169 4.859794
0.558342 -5.972299
1.477582 -8.126407
1.451772 8.800377
6.804205 2.830513
-8.914777 4.113388
-5.409533 3.757507
9.919946 -7.742654
-1.672995 -6.329910
9.255122 2.097680
6.070650 6.812198
-9.067083 -1.872928
-9.573592 8.768572
2.432782 -5.074323
5.732452 9.447805
6.766751 -1.776848
-5.974246 -2.134223
9.660734 5.182387
-8.716920 -0.592619
3.046692 -4.479345
-5.002024 -7.047725
2.710718 8.158333
5.563329 7.245320
2.478594 9.189911
0.221867 -2.323724
-3.079490 -5.044217
9.452210 9.353861
8.417711 0.667076
-2.809464 8.757664
9.301580 6.885708
4.619363 4.606201
3.013446 -7.501835
4.166258 -6.491547
-0.030110 -5.298351
-8.019903 2.721182
-7.833546 5.322491
0.597264 -5.125045
-3.632711 -0.361545
9.225559 -8.884227
-9.545256 5.909224
-7.288361 -3.767335
1.410514 -7.998862
6.994418 -8.010526
5.573321 4.432182
-4.696231 -2.971572
-1.751716 -5.546228
0.958745 7.296188
-9.510064 8.599879
1.631165 8.108186
7.241563 -9.207631
4.365271 8.428553
-3.296712 9.930556
8.218708 -0.564894
-5.359220 -3.519801
-7.392247 -8.367258
0.825720 -7.494747
-0.447152 -8.540380
5.834076 -5.191501
4.142103 -4.090004
-3.731773 0.242468
-4.408102 1.464316
-8.742024 4.513162
-5.478985 -9.211285
8.573796 1.400286
4.319137 -7.484888
-5.466862 7.142928
8.082440 7.179580
5.366219 -0.986226
-8.635969 7.612950
5.770693 -2.214247
2.730180 -8.929502
-6.072400 5.072379
0.871233 9.030153
6.251924 2.094118
5.451405 -8.042780
-2.371766 2.410139
4.690966 0.469098
1.884238 -2.256164
-4.096765 -9.422840
-4.504180 3.424985
-2.284344 5.034595
4.561642 -2.530558
5.641553 5.689922
-4.205711 -8.940632
6.353946 -3.700361
6.041869 -0.409211
4.346238 -1.792543
3.292929 0.092230
4.764566 -9.729016
-3.707425 0.180405
1.951580 -8.937859
8.814097 9.367826
-3.794870 5.857476
-2.175461 3.514253
-9.787974 -7.804770
-8.372872 1.860548
9.557926 -0.870489
-9.271566 4.567304
0.266795 -7.146954
5.781620 -5.266441
-5.824833 8.456091
8.384588 3.705460
-0.080130 2.577768
7.155924 2.184205
-3.171747 -3.396425
-1.148132 3.919021
9.094783 5.769760
6.601242 -3.045049
4.348561 -7.527589
-1.394099 -8.100202
-8.744127 -3.790231
2.812456 -5.187070
1.936401 -0.704994
-6.347802 -8.121704
-2.007795 -4.919275
-3.881296 -3.554580
8.316508 -4.642477
5.070792 9.032499
-9.950679 0.809173
-4.487482 -9.581656
-1.218970 9.064725
-1.113280 2.136370
-2.594223 2.551399
1.635274 6.082583
8.678647 -9.841009
-8.197089 1.244025
-9.252115 1.829666
6.534217 -8.482629
2.786528 1.690235
-1.341165 -4.963251
3.021588 -7.008406
8.277307 0.586777
1.766735 7.515622
1.150211 -7.943566
-4.828532 4.034207
7.627713 -9.968872
-7.514289 -7.677383
-6.975625 8.296087
6.239875 5.224748
2.329091 0.861295
-7.306693 6.311928
-4.327898 -0.952851
3.945739 -5.055114
-2.137143 9.586208
-9.658815 1.290376
1.059415 7.812427
-8.725107 1.837534
-6.678972 -0.685274
-8.729527 7.949505
6.125478 -5.166366
-0.647967 3.822304
-7.180257 7.695929
4.551972 -5.605300
-5.948857 -3.717137
-1.853454 -6.506966
-3.776413 3.916850
-9.189289 7.657384
-2.274571 2.438840
4.528540 1.733558
-8.594937 -7.490451
4.050634 8.403785
-6.166701 1.701552
4.351919 5.894432
-8.076089 -3.097622
-9.861751 1.989592
-5.418237 -0.059998
4.509140 -5.039700
5.904657 6.905797
-9.633875 -4.700791
6.029857 -7.561972
-1.342075 2.178681
-1.925622 9.475805
7.365134 4.660851
5.405844 8.934450
-2.895021 6.171903
-1.205043 -1.520769
3.651877 9.039410
-0.055330 -5.055340
-6.984927 -7.662621
2.162289 3.000751
4.012220 -9.898057
8.285556 -1.846263
-3.143191 8.034508
-6.926438 -8.085854
9.323485 4.910590
3.825311 -1.433614
8.431347 5.839941
-5.313085 0.200696
-8.620280 8.215905
9.341621 -0.419730
-7.257332 -8.786101
-2.366169 3.431956
9.591070 9.939518
-7.964135 -1.780446
4.646506 1.517863
-0.855184 -2.866142
-3.537169 3.246710
6.212630 -0.193967
5.515043 -9.199257
-1.723099 6.865434
0.537483 -7.754447
-5.130838 -5.154525
-0.225221 -5.282469
2.361512 7.291908
0.685212 3.014114
8.145359 -5.805534
-8.916653 -0.050212
5.471514 5.101428
6.193802 3.228091
8.727260 -4.404434
-1.890761 -7.081288
7.026546 -9.421786
9.752957 1.702240
0.478444 6.913614
4.552324 -0.677033
-3.195920 -0.332872
9.027890 1.734682
5.128705 -6.514472
7.235340 -0.324231
-5.858932 9.958144
-0.096099 6.992565
2.398289 6.312498
-9.995120 -6.836917
5.514931 2.468802
4.114862 -3.498397
-9.800826 -1.128540
4.399246 -1.195560
4.738158 -2.668909
3.651765 6.151506
-6.910637 -9.454829
6.964341 -4.786861
1.404344 -4.818116
6.224253 -8.121332
0.573622 0.771617
2.320840 -3.574868
-1.811211 6.646327
-4.032876 -0.154341
-7.523973 7.253351
-4.486139 7.601534
1.811267 3.462255
4.980506 -5.155101
-7.238505 -4.766763
7.461743 -1.128216
5.050582 7.028209
-3.483156 -2.603592
-2.699256 8.445035
-5.460975 6.044311
9.271186 6.018753
-6.377565 -3.776666
-7.384632 -1.971921
4.637755 5.398602
-5.538563 -3.978208
6.795377 -2.944840
-0.779779 -6.490496
4.666869 7.398282
-8.902790 -2.411707
-9.032658 -9.662907
6.011851 8.802017
1.121275 7.204833
-0.508367 -7.014050
6.976003 -6.280914
-9.631842 -5.841495
6.286353 -6.059103
-8.983211 7.461506
3.635306 5.475662
-2.869580 -4.218351
-5.663172 -1.991416
-8.881053 3.781997
2.711700 -1.918667
-3.484545 -6.160969
-0.807110 -7.106707
-0.050574 -4.408114
-3.886111 1.571718
2.904700 -7.304097
-8.098635 -2.334612
-2.086353 -0.069332
5.741565 4.536818
-7.617371 2.289753
1.331764 -8.774601
0.798317 4.207381
1.982977 -2.752368
-1.205881 6.623513
-5.227636 -6.984898
6.546181 -8.477268
-6.532382 2.066096
0.730557 2.925939
-2.800278 -2.620327
4.841519 1.158654
6.383802 9.628016
-3.986152 1.552433
5.720081 -0.720073
-2.369560 -6.503105
-0.521866 -6.995318
-4.997785 8.366135
-9.495090 -8.957126
-4.251532 9.616969
1.882282 -5.411026
-6.858113 -3.332314
6.400364 4.766355
-2.649531 5.112220
9.176868 -6.604598
-2.013941 -4.075891
-5.506288 -7.335905
-7.353329 -6.296061
6.213764 -5.619035
-0.860188 -2.433148
-1.371878 -9.076803
-6.837407 4.264055
-9.197913 3.685211
2.185298 -6.844001
-8.561166 -7.121854
-7.196810 -7.594089
-1.974621 1.379385
-7.925811 -8.521382
-5.874053 9.317822
0.391033 5.459302
6.929948 9.490406
2.181936 -6.417032
-3.514032 -9.565906
9.396711 4.776651
7.060945 0.262784
3.396207 3.184446
-7.360312 -9.653723
8.348042 5.740626
-0.186019 8.890665
7.915435 -4.289984
1.000707 -4.496159
-9.436394 9.367028
-7.107812 0.324756
8.591232 -6.358066
1.593300 3.421696
-2.738448 1.373631
-0.200926 5.745101
-6.316538 1.745300
-4.446530 1.495679
-7.014677 -1.998465
-4.169036 -0.526917
9.661816 0.889439
-7.521345 -3.469488
8.773825 3.102594
-7.107638 -4.123379
-4.469967 8.795681
8.520110 8.805344
-2.377748 9.909026
-0.297506 9.997184
3.678776 7.296878
0.023600 8.382994
-6.550707 1.032224
9.566851 9.595184
-8.549876 9.316855
5.341491 -2.679245
-5.392089 -6.768098
-4.938401 7.348661
0.168628 3.970430
-6.223425 0.831382
-2.026499 2.219918
-7.351015 6.194471
-7.995929 -7.611297
9.234911 -3.611746
3.016433 2.450414
0.863370 0.730215
-4.321647 8.964701
-9.518843 6.872086
-2.442107 0.153105
-2.521517 -9.110315
9.549278 7.719351
6.405531 7.350116
-3.297663 3.815779
1.040511 8.352491
2.406373 -7.027222
-9.807999 8.995139
-4.509146 2.068488
1.448934 2.447595
9.083581 3.967282
8.087041 -0.499392
4.932229 8.822931
2.822982 9.667556
-2.869232 -6.613184
-9.553115 -7.473556
1.680341 6.318855
-0.370703 -0.501922
-2.654039 6.378688
1.755829 9.600679
-7.952499 -4.479691
-8.251955 -1.299938
7.179908 5.762585
2.286601 8.923359
2.512344 -1.010444
5.163731 6.250231
2.937134 2.459807
9.742870 1.475797
-1.524807 -7.808647
-1.137162 8.390374
-0.262225 7.005724
9.532485 -7.752403
9.928487 -5.642322
1.806025 -6.902290
-6.331433 -8.346370
7.888101 -6.956930
-9.975201 -6.378121
6.041618 -6.518428
4.498501 -7.518467
6.858863 9.418441
1.439765 -5.699451
-6.673625 -7.481643
6.524008 -7.165191
-2.364904 -5.539632
-9.153774 -6.388280
7.705015 -4.802861
5.922303 -4.957136
1.924722 -2.359904
-2.010777 -2.850763
-0.570610 9.020115
-9.040042 -6.572754
5.152916 7.405994
-2.865030 9.302887
-9.818385 6.412969
-1.732280 -9.162274
8.163141 -4.738950
-9.562460 -6.086520
-6.903426 6.452627
-2.975444 -0.017515
9.137392 2.819130
4.566951 7.932481
1.622851 1.105946
-7.564148 -0.480437
-9.675163 -8.124293
-5.488534 1.393118
6.740754 -1.742442
2.305501 -7.648146
5.430804 3.768270
-8.008494 -3.990168
4.594448 1.239453
-3.207168 -1.185848
1.464949 -7.543388
-0.220747 -3.224963
2.851935 -3.651701
-1.458800 8.153152
-4.220868 -5.628227
5.048956 2.310612
-6.232524 9.390009
7.764043 -9.524915
-3.083972 -8.935303
-8.560239 -8.534992
4.888046 -0.403013
-2.674381 3.634118
-2.144122 -5.758070
-7.045370 -8.487700
5.511693 8.291008
-5.621910 -9.727920
8.826093 -9.698386
6.665973 -1.766803
-9.542130 9.014530
1.713027 0.664237
7.809264 -3.215779
-3.947966 -1.665053
-7.528776 2.700851
5.706049 -7.932855
8.708505 -4.454148
-6.093355 -8.957089
-3.871794 4.069333
0.474050 -5.562310
4.058951 -7.721650
9.562139 3.582564
1.548525 -7.051308
-5.589145 -7.326287
-4.029769 -3.228469
-0.434463 2.946860
-9.420892 -9.157897
7.547923 -0.842236
-0.122191 -2.384800
1.646545 -3.747158
4.387245 -0.599299
9.346279 3.563995
-8.781411 6.401581
2.094486 -8.107322
-4.029220 1.866514
-0.393824 0.153491
-8.287819 2.225813
7.834458 4.767238
-3.783589 7.016982
-0.232587 1.747462
-5.067591 0.325145
0.665772 6.753491
6.870718 -0.275344
-9.787531 -6.112134
4.957591 -2.093987
6.174581 -4.729543
-8.663402 -2.638565
9.375113 -7.434960
0.992888 6.104959
3.804899 -1.160185
4.129975 3.704141
4.227210 8.371321
-2.593510 9.220691
2.447039 -5.238699
9.191243 -2.180401
-7.393806 -5.130659
-4.489715 1.868529
0.456363 2.519124
-9.083164 3.261886
-6.072146 -8.482235
-8.899764 1.634370
-0.327653 -7.839276
-3.065905 -4.970594
-6.013625 -2.726271
-5.242442 -7.235092
8.713391 -5.989556
8.650121 -5.082557
-0.054507 4.604070
2.962198 5.184550
-7.601711 1.581462
9.767072 -1.518381
-4.629279 -7.742319
4.590699 7.659960
8.157141 3.832555
1.149747 -1.344297
1.037107 3.737114
-5.519948 7.529469
7.241945 5.505568
2.111711 8.184983
-8.403386 5.985574
-0.115697 -8.711199
6.002923 9.751328
-9.432841 6.547496
8.883377 4.266438
4.220505 -0.802233
-0.302214 5.451851
3.500886 -9.604751
4.053490 -1.154649
7.952545 6.861217
5.347455 2.386291
8.476948 -5.832194
5.358322 9.073799
-5.256197 0.696002
-6.528632 8.949697
-0.310484 2.989747
-1.763227 7.557945
8.669400 9.154206
2.875440 5.407734
3.784481 -5.018712
8.487150 -8.289550
-5.489850 2.217108
-9.316509 1.514743
-7.984123 6.188824
-0.556013 -5.367779
8.697984 -6.504654
-6.825702 0.512099
-5.725142 -8.353524
-4.681438 -1.525434
-2.636578 5.492233
9.621624 -4.000827
1.645104 -7.338058
0.935022 -7.219269
6.589203 0.838189
-0.035683 -4.672029
-3.225131 -4.760787
5.279930 -5.319031
7.370806 9.459037
-1.223087 3.940778
8.551369 -7.934505
-3.018158 3.214062
-5.878055 -1.197051
4.020437 9.236407
7.201820 4.421358
-3.475273 -2.173986
-5.995020 -9.499189
8.171721 0.545887
-5.513928 7.155867
-0.654027 -2.507817
4.293098 5.809954
-1.087486 -8.437410
-3.327175 -3.985043
-4.731255 0.519357
8.277319 -7.112931
-0.526021 1.545868
4.436239 -0.425192
-4.267965 4.200156
3.887491 -0.673028
-0.069798 7.874022
-0.477978 8.601712
-7.708352 -6.255188
8.106586 3.610233
-9.325798 -8.882013
-4.982150 2.270708
2.968014 1.337078
-6.985289 3.321354
7.509584 -5.052130
7.290246 -8.604171
-7.981820 4.408755
4.328985 6.567316
4.704993 3.968189
-3.660370 7.721501
2.375255 -0.524231
-3.084057 5.017733
9.621186 1.340898
-4.233239 -3.584354
8.967799 8.685911
7.552583 -6.040781
0.936995 -3.898712
0.305426 7.700350
0.515076 5.775302
8.685157 -0.090353
-1.261234 -2.092393
-5.394368 2.664023
2.034146 6.715254
-1.754351 1.888055
-9.820115 8.745047
-0.194433 -5.862571
3.019571 3.182432
-7.834607 -8.506547
0.323794 -0.494106
7.162657 -1.132459
0.977900 1.224137
-1.515926 -0.726931
-2.314636 4.646221
-3.125803 5.836920
-1.429362 0.946775
1.418433 6.588336
6.462671 -1.066042
8.816488 8.111010
5.157814 -1.624530
1.878536 4.821096
-1.425241 7.820740
-2.346515 9.329748
-8.983660 -7.293858
5.951010 -8.586549
-1.852063 -7.759734
9.493225 0.850432
-8.695596 -7.514017
1.934955 -6.439430
-4.682391 5.971859
1.043940 6.678878
-8.552250 -4.054669
-2.110435 2.197898
-5.393902 7.500554
-7.174067 8.885115
5.264061 -3.621912
6.820412 -1.656105
-2.408421 4.492744
4.335102 8.910820
6.775382 3.934345
-0.882125 5.827876
-3.226418 2.760639
0.398231 8.067673
-9.048438 -1.412795
6.347087 -4.937028
-5.398741 4.319070
-7.582003 -2.910197
1.682040 -9.503764
2.640458 2.881890
-7.134830 -1.677264
-3.180130 -4.862911
9.996868 -3.780021
-6.342348 4.018512
-7.178823 -8.625558
-1.380605 9.396634
1.556552 7.722259
4.887025 6.857928
-1.104563 8.013968
3.845713 7.836937
-3.085487 6.966195
3.412897 2.485555
-6.528715 6.708052
4.567794 -8.921698
6.710176 2.045492
-9.630834 -3.795269
0.035804 4.733098
-2.478673 -4.129268
-9.515945 1.762144
6.122356 7.225576
-5.209990 -5.137843
6.582477 2.111731
7.291973 4.723011
0.510206 -8.104033
-9.973661 5.345895
-5.798860 -3.541303
2.758319 -4.079905
-2.182634 -2.186450
-3.146219 2.312407
-6.953552 0.642332
-9.852532 8.091451
9.009186 8.579879
-8.815033 9.883246
-3.297379 -8.454869
-3.942505 -9.011310
4.551932 8.898344
-7.518913 -6.986878
6.722049 8.974285
0.775359 -0.331711
-2.479449 -5.642104
-3.591812 -6.510477
-1.708804 -2.362710
0.315245 -4.243900
7.101251 0.757356
1.277422 6.859147
-3.148902 3.234124
1.298348 -1.454919
-1.754050 -9.540128
-3.221096 -1.317689
-1.057544 0.537557
-8.978598 7.189095
3.496969 -9.521712
5.093272 9.658462
-7.841470 6.078236
-4.402458 6.966869
6.223121 -6.290374
4.821487 5.504832
4.869982 5.324172
-5.374603 1.678473
3.198268 -1.836929
2.905021 9.644043
5.339044 4.600742
5.080059 7.359570
-4.392809 2.866569
7.570276 -6.082576
-4.739231 -7.619460
-5.867171 7.113799
-0.157494 5.126913
1.622582 -8.376623
-2.334263 2.370940
7.353844 -7.227669
6.931989 8.242266
8.965536 -9.176682
-7.144659 -0.450741
5.452763 -5.321916
-4.233293 8.549588
3.346451 6.760469
8.598024 -9.086280
-4.249926 0.218003
-3.790634 0.874205
-8.313375 -9.477167
-1.393073 4.353313
-9.615033 -2.832189
-1.633872 -4.434443
-5.533532 -8.033268
-5.404882 0.474793
-3.880868 -2.445932
-4.477967 6.566748
-8.131779 3.243131
7.668815 -6.048167
1.156834 6.174012
6.408643 -8.536615
8.929638 -3.706859
7.105020 -6.405083
-9.447807 1.339742
-2.454528 -8.943463
7.058209 7.077935
-3.496947 -8.805881
-4.246225 9.742715
1.050863 1.867376
9.281083 -2.314815
8.908916 5.950620
3.733260 -7.749802
1.052795 -0.970207
4.428524 4.076645
-4.456122 0.582712
3.762762 -6.713757
-1.887443 -1.932225
-0.715511 4.194747
-0.553438 -4.228748
8.870097 3.471418
-1.566369 -7.697431
2.533194 5.442078
-1.165949 -7.803644
3.999707 4.255410
-0.672800 1.524634
-9.069054 -5.590344
2.091679 6.231431
-4.334431 -2.548653
-0.610664 7.691209
-8.547544 -4.262844
1.461899 -6.134318
-3.968397 4.968995
-2.278560 -4.646327
-8.602324 6.772515
4.158298 8.022022
4.881180 -0.208888
7.906791 -3.232850
-0.326427 -5.626429
-4.641589 -6.961910
-3.382242 8.874715
-5.294216 9.254919
8.019557 -8.062481
5.242576 -5.633357
-4.748339 5.304303
8.711798 -0.699268
7.026516 -0.491352
7.451961 -2.203170
5.767008 7.446404
-6.683898 -0.495865
-4.422413 7.754967
1.251400 1.160856
7.380542 -9.910303
-1.060285 -1.912280
9.844554 -6.244097
-8.844805 1.708086
2.843478 -2.612310
3.594641 -0.775568
-4.417726 -6.142783
-2.816891 8.522915
2.930330 3.505183
-7.376897 -5.168113
5.302944 4.906367
1.648480 -2.171190
1.299751 -9.129492
0.753019 5.157992
-8.300642 -5.255444
-6.000187 -2.924550
-1.775892 4.252947
3.575569 8.401682
5.973315 3.964689
-4.808642 7.616223
4.236941 4.907076
4.083515 8.912968
-4.524967 8.558031
-8.866795 0.894554
-8.227228 -5.981921
-3.237349 5.685244
-1.436033 7.931846
7.830365 3.549729
-3.879783 4.323203
7.398684 5.856953
-4.837664 7.674680
-8.371965 -2.950296
2.085250 -4.281102
1.112212 6.578301
2.278360 1.504446
7.550570 -1.857007
1.153807 -7.359881
4.847134 0.561295
9.534263 2.854448
-6.250589 -3.629719
5.452923 0.693304
0.205997 -6.376655
4.034623 -7.716576
-7.915564 -5.843997
-0.295528 -2.148874
1.501842 -0.019347
4.334986 0.057404
-1.491781 4.010981
-0.832866 -3.958182
1.468356 -5.042983
-4.152245 -9.493680
0.716948 1.905767
2.310063 4.380965
6.376215 -7.269788
-2.925605 3.007631
-9.309597 3.315974
9.627016 4.225320
-6.740459 1.571062
-9.404304 9.377396
9.570641 3.576288
8.491198 -6.016717
-5.006990 -6.472812
-2.122254 2.007282
1.716578 -4.758753
0.309456 -1.898811
-4.832549 8.329155
2.939545 2.504514
-7.877013 4.576544
-8.291131 1.016847
-1.552545 8.134337
-5.720715 4.804034
-5.987993 8.396594
7.718666 7.608694
0.104680 -6.536629
-1.372597 0.170722
9.924349 6.056878
8.807519 4.620342
8.337533 -8.734085
8.003579 -5.488390
-8.237620 -4.584303
-2.991922 1.349244
3.636310 9.333135
-4.890535 -0.492559
1.470575 -9.794251
-4.011242 4.556872
7.620917 7.408357
6.677887 -7.070640
1.543551 8.424792
2.913781 0.511321
-9.652151 7.274315
4.983104 -0.753078
-3.227210 -6.852307
-3.993303 -8.515040
-5.029416 -1.222285
-7.496262 -3.219226
-2.275910 8.996041
9.038069 5.984277
3.757616 3.401172
7.190964 -7.844189
-7.983144 6.989263
7.261564 7.591169
2.526106 -7.348540
2.416814 -0.995976
9.038924 -1.984742
1.038411 8.002547
2.218242 -5.776861
-3.915597 -6.203131
-9.804193 -7.173678
-5.765443 -2.421747
-8.173258 2.739572
-9.042687 5.267863
0.915644 3.212696
7.123083 8.383871
3.239714 -7.226710
0.187526 5.670909
1.217068 -8.599564
-1.933229 4.643933
9.250383 -1.216372
9.545175 -0.783549
-5.439854 -6.116558
-8.818217 2.288209
-5.637008 -6.986621
6.184996 8.481518
-7.034712 0.551727
-0.713123 -1.948839
0.507711 -9.706675
9.183542 2.687696
-7.109923 4.515132
4.107298 3.400366
-1.574363 9.720370
-8.613052 -0.666292
-1.218486 3.426220
6.096553 8.098301
-3.086762 -0.944904
-6.712108 8.638462
1.562060 5.501903
-8.045498 3.834766
4.470814 8.379900
-8.584790 -5.386908
-4.667634 -8.413189
5.527158 3.254767
-4.497207 -4.671766
-1.109841 7.615715
0.900998 -2.052549
9.887743 -7.267545
-2.104698 -5.151593
6.377944 -1.914181
3.768977 0.387873
8.629188 5.587372
6.518943 0.194231
3.621409 -0.998040
7.570805 0.397999
-2.679370 -2.811990
3.012099 4.372474
5.940288 5.654408
2.882455 6.220518
8.385873 7.857204
4.966525 2.763519
-2.147756 -7.066171
-1.177903 -5.282075
9.597338 0.934326
-1.146874 6.422152
-9.854578 -6.703706
8.915504 5.147347
-4.212042 5.990381
9.138718 2.051198
-3.672535 2.741113
0.161974 7.149244
9.845729 3.635538
2.733005 8.616092
1.779138 -9.510172
2.759052 -0.490167
9.204917 5.325568
9.213310 -9.862516
-2.597252 -0.148758
-1.836002 0.625238
5.961123 -7.669545
9.924973 -5.355493
3.142957 -5.317962
7.279327 -7.726225
-5.364133 1.909698
-1.952592 5.092338
-0.253113 -2.039344
-8.717832 -8.000803
-8.396648 -1.182040
9.223415 6.456760
2.129425 -1.768991
2.447578 -7.597389
-7.358987 6.135317
6.581219 -6.238634
9.911862 -7.215482
-3.302575 -6.785927
-7.444258 4.250252
-9.590119 4.852716
-2.502279 -2.124985
5.951198 -7.024179
-7.479826 -0.953193
0.272457 -9.187120
-5.568542 5.279558
0.537950 -5.269720
-4.693864 -9.609887
-6.244024 -8.790760
-9.331652 7.414847
-4.154715 -9.660840
9.434547 -9.469845
-6.408435 8.768930
8.576141 1.543973
1.506004 -6.387987
5.793327 -3.090026
5.736580 -8.219496
-8.101051 9.403239
-4.210390 -5.536474
2.466885 -0.548077
-0.799564 -6.101920
4.537259 0.458060
-3.256913 -1.669596
-9.482788 -5.273585
-2.643266 8.292204
7.442913 -3.858519
-8.690057 3.568811
6.166204 -1.230881
-3.618533 -6.834659
9.396328 4.251905
-5.566330 -1.598162
9.667483 8.131350
-7.712701 6.514886
1.584274 -6.384231
7.557567 -4.243473
-9.392905 8.383333
5.823056 4.427357
-5.782123 9.665177
-2.367242 9.175545
-1.541118 -6.556308
-1.031548 -3.851813
7.331978 8.352010
-1.728515 -8.295945
-9.656114 9.957165
-1.338974 -8.114823
-5.159505 -1.651297
-7.350575 3.299255
-3.854702 -3.399636
8.542300 0.807447
6.284704 0.648974
-5.531844 -3.790002
5.187026 -7.029772
8.138845 4.131202
-1.669969 -3.120712
-1.867847 5.787071
-6.900418 -2.190442
-3.106951 4.561317
-0.132095 0.563639
1.448863 -4.428459
6.345552 2.472524
9.140955 1.361778
-6.755846 6.764261
7.218481 -1.445831
1.428603 1.489978
3.274739 -2.571491
5.462676 -4.110708
0.749656 -6.280137
0.106644 -6.745164
-3.146969 -2.055639
1.390648 0.890867
8.906269 4.500118
-2.800724 -8.006529
3.506381 0.234612
4.011819 5.215099
1.783683 -4.264615
-8.424828 2.855584
-6.399902 -5.742298
3.116918 0.996537
6.640339 6.454724
-4.459204 -0.818066
-7.627467 6.204004
-8.266226 2.276791
-7.673803 -8.240385
5.182110 0.661020
8.236498 9.284324
0.228688 3.486208
-5.221584 2.902381
3.620683 -8.345117
8.745023 9.995580
-5.656286 6.544052
6.057482 -6.822343
9.324336 5.502031
-2.580826 3.139053
9.032348 -7.531501
-7.009183 8.354431
-4.693547 -9.533875
-3.169138 -9.923156
9.431760 4.417241
-6.805459 -4.423167
-3.377603 -6.338157
7.192605 -0.805835
3.907315 -9.453732
7.986520 5.551024
-4.286179 2.416907
2.560329 6.717223
0.838244 -8.495412
8.235033 -3.225226
8.197646 8.788013
9.258353 -4.175324
6.298301 -2.316511
-0.221079 -4.423375
0.136936 6.310675
0.651475 1.424738
9.245784 -3.607889
-6.225393 0.218634
5.342530 -2.458611
-8.945478 -7.439664
6.123102 8.509647
-0.625739 -0.363718
2.277660 -8.332712
8.485081 -8.341431
8.554355 2.326049
-8.560734 3.936539
6.541087 7.230304
-2.836405 3.768608
0.425038 -3.641001
-6.235778 -3.831638
4.385812 -1.266873
7.809362 9.395586
5.124484 -0.321865
7.337698 -1.705178
-5.042346 5.557898
6.019306 4.458664
-2.538693 2.268739
0.206434 -5.318544
8.149460 7.974878
-9.241356 -5.467602
7.208067 -4.553966
2.894010 7.989226
1.153930 -9.767602
5.826820 -9.524480
-5.673361 -3.881446
-2.396736 2.936394
-3.656220 4.824588
-4.981572 4.397860
5.781483 -2.842794
4.828493 -9.443326
-2.411127 0.601925
0.705724 3.009132
3.068028 6.917368
4.652793 3.711592
4.703660 0.947620
-7.802659 4.779604
-9.843303 -2.534445
-3.506357 0.000932
7.530443 6.544335
4.028089 4.031399
9.622324 -9.620626
-8.390323 5.501523
9.989631 -3.598949
2.024021 9.566849
-8.970327 3.553693
3.458261 4.812931
-1.998733 -4.230100
8.507121 4.836488
-0.946804 7.187418
-8.164391 -6.557776
-5.252000 -3.670028
-4.767998 4.289071
3.574884 4.775095
-6.363897 9.019378
9.467789 -9.608406
2.607925 5.085315
-8.394614 -3.150027
-3.440319 -0.747437
-3.562244 -7.590774
-6.467790 -9.300035
5.229004 8.552701
8.023373 2.761671
3.792091 -4.805815
2.013306 3.010129
6.365997 6.482706
-6.569707 -4.461633
-3.622592 7.021253
3.410344 -2.177092
-5.985629 -6.074918
-8.103363 -7.720343
-6.014872 -7.920980
7.588030 0.791361
-9.376015 9.990862
2.980869 4.964653
6.624420 -4.834855
5.975940 1.394480
-0.070848 6.088549
3.993398 -3.770158
-7.611049 -7.582511
1.388630 -0.020826
-8.244516 -8.460057
-7.236661 -9.891611
-2.495893 -6.949498
-1.275007 5.178131
5.802041 3.982337
0.917371 -6.296592
9.874471 2.559939
7.161058 -2.564672
4.434187 2.561386
-6.662177 7.399466
6.893059 -9.497483
-3.672563 -3.103157
0.894486 -3.162526
2.206090 7.894017
-7.461710 8.041924
1.454508 -2.868493
-1.100558 -3.312575
-5.613183 9.776101
-1.967128 6.742272
-0.415470 -1.718667
-5.979582 7.299918
-5.116543 -2.488604
-7.661348 8.709611
-2.631204 -4.428648
9.500676 -8.992660
-4.969612 2.113854
8.163325 -5.408888
4.110516 -0.923971
1.444397 3.149698
9.528974 9.046756
-3.599482 8.285664
-3.005880 -6.890825
-4.977516 3.570876
-2.374073 -1.718171
0.362077 -8.631232
2.536006 7.584962
6.805779 -0.945649
1.627982 -7.103716
6.760938 -4.895755
8.914141 -5.040325
2.943442 2.170165
0.117781 -8.036138
-2.748350 -4.836284
3.833253 -8.379371
9.801946 3.582461
8.173909 6.445842
3.821846 3.775186
6.864327 -0.523342
-2.336278 3.650855
-7.965521 8.424510
-8.602107 0.621487
3.631891 9.595145
2.558952 0.514239
0.490386 3.102109
-8.878106 -1.228734
-6.677749 -0.510881
8.531071 9.491328
-0.014710 -5.720854
-0.408204 5.857596
6.342458 7.023141
-0.092222 -2.299500
-3.914796 6.298689
7.820840 -5.281974
7.699215 2.346212
7.646636 1.658287
3.266375 5.898693
5.218549 -4.083584
-1.951654 6.495940
-8.553252 -9.998258
-7.170005 -0.971561
9.205291 -6.125838
1.702895 8.154902
0.083101 -3.768139
-9.483283 1.036053
0.909020 -6.014066
-1.489660 -7.716098
-3.220922 -8.679446
8.374843 -6.910881
5.765830 8.327257
3.655187 9.730746
-6.030080 2.028033
-1.436347 -1.896301
-3.315921 -6.313454
8.883000 7.033843
0.988218 -4.735426
-7.488511 6.630033
1.293508 -2.156860
4.361935 2.783255
4.406970 -3.719353
0.320116 -8.654982
2.491124 3.810057
-9.355217 8.920182
-8.985564 -7.471341
-3.742799 -2.935425
-5.332595 9.006621
1.669638 -5.728523
0.324504 6.931406
-2.441093 6.812377
6.191821 -5.141091
-6.617810 -7.673090
-5.126769 4.454336
3.521352 -2.296308
7.328182 6.960954
-3.705032 5.126705
5.601625 0.140065
6.045717 0.224193
-8.047984 -1.824926
-1.156083 3.278143
-4.595600 6.003162
4.620534 9.101308
7.964909 -3.093821
7.308977 -5.174224
-2.583885 3.521347
4.437140 9.869007
-4.357442 7.131537
-7.365213 -5.295862
6.006467 6.278940
6.412870 2.543166
8.143906 4.999296
-8.774872 -7.705347
0.848910 9.971448
-2.311089 4.882948
-0.489414 -2.926379
-6.171683 7.303810
1.479231 -7.045659
4.377949 -7.731360
-5.777811 5.191428
2.752993 0.100116
-5.119502 7.917651
7.601024 -3.764097
-2.217140 -1.172765
6.743274 -3.373919
-7.534932 0.746910
8.170358 8.844199
4.868104 -1.506302
9.397018 -1.486994
-8.842499 -2.842140
7.009222 4.076306
-1.419380 1.651559
-1.312196 5.264407
-2.473865 -6.606936
-2.975606 6.861092
-0.426278 -8.130250
-2.848432 -1.916413
-6.962083 -3.515212
-4.235018 -8.135106
4.323572 6.376801
8.875427 -3.909683
-9.766269 -5.101884
-0.094259 1.518986
4.295079 7.613357
9.092292 0.764811
8.880847 9.057325
-6.795703 9.136745
7.503483 6.298090
6.639281 3.781283
5.022802 -5.664003
-9.884929 3.008559
-4.964945 4.997865
2.698434 0.038668
9.869803 -7.321918
3.828357 -8.795761
-5.632871 1.847680
-9.062668 0.013605
-9.195638 5.841734
6.070824 -4.260416
3.456418 2.198938
5.974119 -6.531129
-6.228812 9.278162
6.253141 -2.432688
-1.193605 -4.387256
-1.577345 -6.263529
-2.591807 9.518440
-6.443273 2.379122
0.694251 1.484694
1.708527 -1.902171
5.754827 3.426480
3.668311 -3.290913
-7.890250 -6.299253
9.551067 -4.635467
-3.060701 5.286929
2.974603 5.452756
-7.888737 -0.784436
7.021201 -5.555375
7.210526 -2.606052
5.731007 3.266119
-0.263121 8.918374
-6.204001 -8.948673
-1.932698 -2.753814
-3.553969 -6.583536
2.423437 -7.471732
2.025733 0.864731
0.108356 3.400294
-6.708764 1.943368
-0.133275 -4.367527
-7.740736 5.365788
-4.270281 -5.862060
9.711689 9.454499
-5.700263 1.335639
-5.858145 8.375252
-1.356804 7.050409
2.454010 6.468301
-9.105729 -6.972383
-0.336846 0.312704
6.517852 0.135539
0.034897 1.716692
2.247872 6.757701
8.286852 6.658592
-7.874169 7.598886
-0.106664 3.859888
-1.742576 -4.300303
1.415778 -6.291710
4.952262 5.454042
4.100710 -8.983280
8.365525 7.758097
-0.767012 3.250490
1.313163 -1.741788
-4.466344 1.324594
-8.917469 5.786644
-7.909050 -5.906843
4.041895 5.722552
1.670059 2.808704
-2.888190 -6.157804
-9.312183 -4.581431
7.930028 7.862387
1.596969 1.499686
6.001093 -3.478677
-1.208700 -3.885735
9.126017 9.183465
-8.019633 9.032578
-1.682950 -0.165010
-3.075825 -3.619890
-4.081404 -2.291467
3.529787 7.498672
-0.775975 -3.866889
-1.716776 8.062837
-8.646943 -1.604321
-9.110257 -4.179946
-5.057125 -0.782180
-8.169528 0.364545
1.851814 9.656192
1.921561 -4.039155
5.788783 9.983119
-5.869492 -0.843721
-2.204429 4.600536
-6.484751 2.039257
-8.174560 6.289568
0.599634 9.464889
-9.999639 -1.976514
8.788173 -2.605763
1.304885 -3.710532
-5.638212 7.724866
-5.040659 -7.260231
-3.005971 4.417303
-7.227922 -5.220326
2.993373 8.299838
-9.548620 -6.543397
0.050050 -8.658785
4.314016 5.085099
0.322701 -5.947289
1.386150 -6.238459
-6.523630 0.597090
-8.462464 3.157622
0.498782 8.819968
-9.788608 2.544285
7.894808 2.159493
0.828251 4.760647
7.571452 -9.616225
9.602519 1.906602
0.759969 6.268030
5.643401 -3.842153
9.408999 2.911374
4.055135 -5.440228
-4.427789 -5.346917
5.738104 5.975733
-5.296877 7.485385
6.843735 -3.275714
-2.112736 4.969304
7.081073 -2.422837
1.127549 -7.189274
9.166947 -2.284110
6.445452 -7.685166
7.381329 -1.911794
7.302225 -0.933270
2.923556 -8.037198
-0.153109 -1.133991
-5.452057 5.556834
7.943300 8.275083
2.194939 -6.009640
-4.580195 4.079938
8.900147 3.940691
1.408189 9.642284
-6.844903 -1.279697
7.509673 4.689705
0.810012 -4.324472
-6.414614 6.156502
7.887059 -8.743679
4.438254 -7.879393
9.156297 -4.935566
-1.001802 6.942346
0.852010 -3.051886
-9.976019 0.006798
3.372809 -7.662405
1.261976 -5.949773
-0.985908 0.393994
2.849006 -7.619085
-3.253344 7.811322
6.716634 -1.160975
9.300532 -6.949677
1.014001 -8.686774
-5.968001 -8.758191
-2.488316 -4.271332
8.864240 -7.241064
-1.013198 -4.804670
-7.653171 0.314741
2.658969 -6.103188
5.310150 3.346334
-7.328081 9.905482
4.830320 7.093458
1.166924 4.694100
-1.129219 -3.223506
-9.385437 -2.669165
2.689498 0.999436
-0.926187 2.284655
4.383771 4.961043
-4.352007 -2.369238
4.758593 -1.116855
6.795586 -9.136985
0.576982 6.945866
-2.480753 4.012729
8.209746 3.671002
-2.776606 3.759385
-3.900742 -1.108781
1.589383 7.565962
-7.043240 4.182427
8.536176 1.161412
-4.154763 -8.713712
2.733546 2.015354
4.828536 -1.543392
-6.808770 -7.301112
3.038975 5.318236
8.621098 -9.905978
-3.712057 -1.206787
-8.573074 1.848102
8.709459 -2.591832
-4.482967 -9.834127
-8.748758 0.108438
1.629450 -4.237870
5.296801 -3.408937
7.262386 -6.862441
6.339103 9.497412
-8.535424 -9.242243
-5.555128 -8.677621
-8.297899 -5.115920
4.035852 -7.024837
-3.694103 -8.766535
4.927654 7.339308
6.831384 9.981291
-2.300413 9.171117
9.522855 4.595792
2.365609 -6.486981
-7.696265 6.899794
8.794148 -6.631162
0.276493 -7.077494
3.799113 -2.236382
-0.664813 -9.770854
6.427763 -3.838880
-7.243255 -9.111571
-6.950981 8.534785
1.561611 -4.590044
-4.213167 -7.223798
2.747277 -9.949037
4.096050 2.427608
6.233280 -5.469022
3.389717 2.827608
6.819646 4.688423
3.207722 -8.806726
-3.090483 -4.444077
-1.853616 -3.884771
-6.965265 7.757471
-5.853456 -8.741417
4.965713 4.948696
-0.761028 2.764144
-6.148353 8.296462
3.327513 -3.731043
-8.151864 5.769491
-4.425145 -9.919210
-5.593007 4.657815
3.049946 5.645266
0.727007 -8.895598
3.481741 -1.949727
6.518590 -9.190052
-2.102413 9.928821
-7.826466 -0.301057
-7.692373 2.509332
3.168287 -4.238402
-4.152186 -5.832549
-1.988338 6.138861
-3.703422 -8.659106
-2.252900 -8.204775
0.644065 -4.104883
4.453235 -0.719239
-0.936238 9.087231
0.169224 -6.710362
-9.357581 -5.297143
5.300937 3.132837
5.941736 -1.898385
-5.078997 -5.158431
-5.951619 2.037655
1.203887 -4.661497
6.651601 2.736878
-5.252167 5.423047
-9.500241 5.046780
9.175239 9.245909
-0.077982 5.304162
0.261008 -8.981357
0.475484 2.212070
-4.389198 4.189467
0.272689 2.523721
0.416831 -5.563611
-4.107880 -2.716206
5.648977 -4.453641
6.407383 -2.408126
9.531566 9.602705
6.941590 3.390681
-0.299377 -3.594359
-8.735238 6.415325
-0.448646 -9.274329
1.226034 -7.794496
-0.629347 9.901412
-4.385803 5.813823
7.258923 -0.768131
2.630465 -5.720313
-2.763641 5.136155
-4.749274 -0.868858
-1.197213 5.518630
8.996435 -8.603977
3.550024 2.432302
-5.912889 1.703841
1.684510 1.455584
-6.351727 0.897912
3.314728 -3.390828
-1.249605 -7.897160
2.665083 5.040234
2.438039 -8.393418
-2.972326 -7.674568
-6.850997 -9.979867
4.491632 3.147189
-1.426331 4.982136
8.114224 7.433461
9.107579 -1.884485
8.194344 3.009891
4.496761 5.718256
2.660780 2.955031
9.275786 -0.528881
-0.914371 9.171846
-7.361521 1.311657
1.859564 2.527370
4.988431 -0.070459
-1.628876 9.382515
7.334617 -5.966301
-9.169511 -2.306444
4.366275 9.425613
1.473476 5.987581
0.425506 -8.086801
-8.797345 -4.199857
0.659769 9.055904
5.915043 1.712279
-7.124476 6.763168
8.935767 -5.845443
-5.171658 5.169849
-1.194700 -4.946129
-8.272203 -3.473622
2.621808 -5.188203
-9.667373 4.715603
7.039803 7.643613
-4.488282 8.069589
9.568271 -5.427494
0.270142 7.753103
-2.444630 5.850364
-8.035661 2.893190
-8.480346 -9.981344
-9.850668 -9.327045
5.702930 7.450248
2.573756 -9.098421
-3.996576 -0.226136
-9.368009 3.121350
-6.774328 9.896841
-7.989493 -0.400103
7.334613 -6.568489
-4.330521 -5.939197
-8.044734 -0.735117
-1.067296 4.249510
-2.856004 8.594517
-7.338879 8.894789
1.154312 -9.576322
8.630399 -2.410778
5.891742 6.955168
9.223207 -1.783510
-8.909315 -2.656904
6.131934 -8.626997
-6.762986 8.859579
1.479201 7.583816
4.640116 -8.347768
4.865967 -6.801666
2.637072 -2.379125
3.680284 3.773200
-8.441082 9.373172
-6.043203 -5.131083
6.688728 -3.178251
-0.861255 4.454343
6.812519 3.650057
7.387789 3.068571
4.245909 9.986570
5.505178 -6.508585
-6.938519 2.252618
-6.295550 9.281861
7.670699 -5.619838
-6.710690 0.185650
3.899876 -6.393749
6.141959 -1.773852
8.035791 2.640971
6.605862 -0.016467
-1.069830 1.815504
-9.239072 2.609261
-4.066171 5.164388
9.694412 7.883409
6.904191 4.551594
-0.536747 -6.531267
5.688113 -7.722954
-6.880076 7.596321
-3.583992 7.551504
5.327078 4.137049
-5.855163 -4.361519
-8.139253 6.212204
-6.824284 -3.207239
-0.377638 5.852173
-8.663626 -7.922972
-9.477482 4.450953
-0.243897 -9.901950
-0.346650 -5.745503
-4.724245 7.789680
5.745719 -7.605637
4.723252 1.086480
3.840608 -7.410373
1.494590 3.686474
-2.291317 -5.809082
5.413729 -5.899658
-2.002908 -2.797051
-9.890746 7.287288
-8.552771 -3.484931
8.775433 -0.243634
7.396533 -6.680039
-9.047061 8.476548
-3.767619 -5.410867
-0.856936 -2.101532
-0.864987 -4.937156
-7.447605 6.890565
-7.119797 3.822281
-6.759771 2.162656
3.682283 1.098303
6.956141 -5.539983
6.879330 4.317862
9.948459 -0.728173
9.385069 7.899995
-5.940990 -2.952195
-9.731248 -5.582101
4.249559 -3.923613
-7.227922 0.709351
6.769383 2.529269
-4.356830 -1.545082
-3.278899 -9.713834
1.480952 -1.011592
-9.410239 6.028216
8.391064 0.861954
-4.598343 0.255926
6.517341 5.021801
-1.395049 9.874818
-4.477308 8.612517
1.111670 7.412671
-6.883267 7.551945
-1.612552 9.287256
-5.615160 -6.854901
-3.932468 -1.827410
-6.607226 9.408452
-9.420927 4.975432
2.963808 1.423862
-3.726804 5.039209
-6.328616 0.241695
-5.078234 -8.514383
9.542567 -4.174102
7.245644 -6.858178
0.382411 9.815173
-9.070717 9.332217
-2.879548 -8.421180
-4.432967 -8.951830
-8.977188 3.095344
-3.893961 9.471765
-0.378742 9.332903
0.171632 4.152401
7.235474 -0.841975
-9.643899 5.532505
-9.164471 -3.043623
-0.441484 -3.370494
5.973646 -7.128257
-9.063601 6.975496
-7.591536 9.324477
-1.374656 -2.337902
5.234158 6.761002
-2.438304 2.915885
4.627227 2.225981
1.997001 -1.090306
-2.090306 -5.578605
7.058632 -9.526154
2.595244 3.694351
-1.806011 -7.250322
-5.762465 -9.034430
5.856047 9.352059
-4.668955 9.258782
-9.215560 3.102794
7.759720 4.225627
1.549093 -2.870428
8.424690 -3.820379
-9.120639 5.955943
3.106688 -8.772032
-5.955057 -0.972388
-6.684445 -6.624923
-6.985228 0.879246
-3.597588 -9.818787
5.843024 2.786840
0.547685 5.598418
-3.294960 2.366089
6.860284 3.910894
-6.953811 -4.896932
-3.817196 -8.406339
-8.502176 -1.669453
-3.850756 -3.308139
1.951151 -3.507287
3.380604 -4.897609
9.873757 5.384162
7.202484 3.585881
5.644187 -6.170807
-2.320090 6.704917
-4.714353 -6.702651
7.930624 -7.604234
-0.637973 9.021195
4.174168 -2.335707
5.666871 0.027637
-0.516386 -6.719246
-8.438824 -6.061988
-9.715665 -5.490399
-0.496634 -4.595985
-1.217611 6.798862
1.740325 3.582149
-0.719810 -5.051518
-4.629398 9.889162
-9.253520 -8.485911
9.600611 -3.947367
1.816812 0.663966
4.293544 6.525363
-8.840265 -6.583313
-6.438706 -3.953351
-7.802115 2.301002
6.058883 -0.025428
6.387160 -5.564304
-8.602232 -7.589831
4.397552 -2.618383
7.717093 -3.997458
4.793713 -2.417407
-3.966812 6.076868
3.695286 5.474044
-7.624454 1.363554
3.507844 1.206916
8.409291 3.290607
0.722626 -0.822571
-1.136622 -2.690054
0.978006 -7.612660
-4.402290 -0.656661
-0.027716 -3.639281
-3.109085 8.269829
-5.050007 0.393885
3.498000 -0.290188
3.392910 -4.514675
1.824137 0.706052
1.359585 -9.259371
-6.530402 -2.979917
0.018427 -3.849974
-1.847481 -6.968496
-3.835200 -0.678973
-0.248623 -4.768165
-2.621744 -4.949740
-1.849794 -3.208217
6.171413 7.286853
-5.557619 7.149767
-0.046101 7.819537
0.055260 8.881649
3.991467 -9.523870
-7.952972 9.952208
0.794185 -0.958969
-2.882420 -1.211495
-1.434441 3.754786
-7.963191 1.345883
4.460348 -6.901505
8.346774 9.696878
-2.949088 -9.053500
8.982520 -8.821327
7.552793 9.742369
-9.207208 -7.472533
9.607615 4.931891
0.192617 2.559440
7.788829 5.521190
-6.494424 3.775256
8.418134 -1.456801
-4.331090 9.512306
-6.004298 -7.834121
-5.490230 -6.370153
-7.875603 -0.855319
3.359074 -3.288289
2.188274 -7.269521
2.116621 3.970728
-2.729726 4.168808
7.945282 -7.217099
-5.892256 7.317552
-1.588063 5.440314
0.228302 6.900729
0.006826 7.076359
7.255583 -5.913386
-3.115196 -8.391737
8.855924 -2.798594
-6.721228 9.376850
1.415077 0.825769
-4.017125 9.284591
-6.791018 -0.201563
7.878716 9.169584
4.242494 -3.985853
-8.021125 2.428466
-2.101788 -4.565456
-8.180153 8.181193
-9.280409 1.276613
-9.851826 -2.401311
-0.522443 1.273678
6.281955 6.665489
-7.064776 3.924081
2.877357 -8.419906
4.658442 -2.858486
-6.183007 7.677275
-7.453317 6.147466
2.296408 -9.411255
2.069895 -9.264221
2.810503 -7.003887
-4.556840 8.010614
-1.479516 9.531091
-8.830308 9.726320
6.406376 0.601442
1.221241 -7.277198
-4.918244 -8.473912
-6.816371 7.008740
-1.829160 5.212233
8.824303 5.640751
-3.310413 -5.612837
5.413663 -9.171484
1.364420 -2.706284
4.737970 8.247404
0.756008 1.076244
0.866126 1.380611
-0.075915 0.523054
-5.024917 -0.203723
-0.674562 0.057240
2.166697 8.596217
5.231530 -1.739239
9.651942 4.203417
0.485556 8.543017
8.758723 9.854133
-5.667054 1.626970
9.433702 6.663691
-1.355530 -5.603786
-2.533308 -6.064541
0.405922 2.553367
-7.203144 -9.794339
-2.114688 3.162796
6.921264 5.575396
-6.308480 7.268368
-8.800777 1.463826
7.364986 5.844510
-6.843641 0.100178
2.649162 5.533582
9.894209 2.314775
8.450940 -9.908160
0.414251 -1.987431
-6.045091 8.969919
-6.731992 -3.873669
5.554795 -7.356168
2.024669 -6.396908
4.308572 6.300587
3.579851 -1.503194
-0.611509 4.784354
6.376946 4.417131
-5.777640 -2.175956
-6.984865 7.322383
-2.405317 -7.045876
4.611719 -5.179249
9.769160 -1.608608
9.238143 -1.890704
9.488706 -0.610974
-8.054164 -4.764016
3.321934 -7.216832
-0.498314 -1.819222
6.144044 -9.726142
8.736510 -7.289452
-3.737443 9.181684
-5.790618 -3.857622
2.722351 -0.241696
4.845459 4.463916
-1.371398 1.965228
4.778706 -1.686750
9.010846 -2.612396
2.722718 2.857726
-4.717454 -0.187835
8.332704 4.166317
0.572734 2.821844
0.171009 -6.186315
-9.061288 -3.613364
-4.762926 -2.724580
-3.714132 -3.915923
4.749856 -2.257710
2.067860 -3.178052
9.843781 8.968257
-7.231106 -0.526617
7.564441 -5.114343
2.555323 -6.440543
-0.530305 -3.051913
5.774681 -9.780021
-4.498535 -3.979895
4.393808 -5.668213
-2.714948 -9.986224
5.084126 -4.253990
-6.050413 2.860179
4.548859 2.041592
-2.325383 0.107386
-0.320177 -7.673211
-7.702397 -9.165901
-0.563618 7.549553
8.247544 3.560400
-6.050856 -8.635945
-1.393941 7.269406
-8.361882 -4.853297
-2.268593 9.150688
0.338528 -0.594479
3.638540 -2.221910
-1.835964 -9.148462
2.526086 -8.725219
-2.969554 -4.818676
9.870145 -8.001416
-1.375204 8.308336
2.884869 6.204374
5.811460 -3.179084
5.596167 -0.513461
9.950251 -0.662365
9.526786 -5.543520
-8.043138 -3.453963
-2.992076 -4.580868
-7.438572 -4.559459
-3.925372 4.102451
3.404754 -9.045474
-1.726241 -9.375350
-1.579062 5.208789
1.976738 -8.613760
0.148846 4.391215
-9.837651 9.019369
-3.677706 6.582185
-4.415841 -8.333026
4.708362 -8.130859
3.153296 9.348970
7.765891 0.748742
-5.947925 5.257869
-4.913037 -7.871557
-6.193449 -4.743237
-8.535814 7.388435
-5.949950 6.496625
5.802679 7.717137
-6.202955 -8.072594
-0.353083 -9.508955
-7.871883 0.162686
0.510747 2.317619
1.392826 -5.832050
0.895119 4.308926
7.509107 -8.468488
4.826887 5.898691
8.583930 0.304316
2.428301 4.365771
4.606512 -2.367739
-1.109764 1.571394
-6.879127 4.407990
9.767462 1.842505
-3.143634 -6.364809
-1.168226 8.722906
-1.772415 -9.828871
2.619968 -4.713691
-9.510796 -0.225167
0.882697 -4.547689
2.790735 -2.027105
-6.494782 1.964774
-3.562595 -6.993455
-2.765012 8.649190
-6.450163 -9.817103
-8.144230 2.820016
2.523950 1.120079
6.752531 -4.468269
1.273226 -9.884278
2.416022 1.079106
4.339783 -7.136305
-2.509614 3.743901
6.327044 7.632156
7.181426 0.715057
2.379960 5.372641
-3.960949 -4.118602
-3.647429 -6.791081
-2.356143 -7.375621
-6.030035 6.942357
9.036969 -9.988423
-9.366820 6.380703
1.918027 2.653381
-9.619756 5.661296
-0.745647 -0.445625
6.876729 -5.123362
-3.941814 9.199377
0.983420 0.989560
-4.230239 9.941080
-5.940957 9.531697
9.585865 4.404905
4.666669 -8.696114
-7.347939 5.452203
-0.324343 4.010822
9.887397 9.258680
-9.845735 2.868195
-9.728709 -3.419214
-1.450961 -0.962427
3.996453 -9.940952
2.521084 6.078657
6.963508 -9.436200
-0.433755 5.280837
-1.119907 -2.287399
0.175641 -3.429425
-9.087850 1.260551
4.967136 -0.403092
1.107892 5.771150
8.285618 1.200380
8.397820 6.849419
3.008193 -8.352758
-8.934990 -5.668649
-3.186585 -7.415898
-5.694073 2.053176
4.290898 8.806993
-5.000206 -9.536465
6.905944 -5.737036
7.671806 -0.044198
7.380512 -6.144459
8.589155 -5.790816
-5.527412 1.679123
8.289325 9.881993
4.994961 7.626023
-8.936889 -2.153912
-0.830395 4.515685
-2.850299 -3.476172
-4.924688 3.019728
0.392038 -3.518947
0.183514 0.086169
6.393785 5.342850
1.017675 -4.676739
4.316455 -9.014694
-1.518983 9.610486
0.857225 -8.018052
-1.380218 2.747331
-9.869256 8.491566
-6.853408 -1.544581
7.626880 -7.654260
9.415996 9.869062
-9.440789 9.842138
8.217077 9.280280
-8.038750 9.112346
8.057606 -7.579059
8.210560 5.118850
-6.353202 6.901967
0.121245 4.804151
5.554677 2.989186
-2.470962 4.133395
-3.675923 9.474714
5.748562 0.801491
9.919151 -4.117936
-8.575292 -1.157723
-1.059908 5.565760
7.168281 -4.937075
-0.402170 -0.023170
8.656329 -2.618380
-5.784091 -4.803617
2.871259 -9.055723
-9.535980 -8.458436
-8.703698 8.652753
1.285015 -8.217030
6.107198 -9.021889
-5.073029 -1.673952
-0.038649 -1.650850
3.335207 8.924387
7.226034 7.999450
1.269067 0.448632
-1.222892 2.597961
-2.017221 -5.406910
6.537889 8.243669
7.171527 1.147890
1.210011 -5.579695
-7.766894 5.459634
-7.692509 6.333944
-8.814738 0.763753
0.894718 6.190289
3.045250 -7.925149
0.700939 0.838379
3.776002 -2.584096
-7.813226 -0.977201
-3.995771 0.906060
-5.690377 -0.804875
8.371791 0.226569
2.622438 0.278941
8.895698 3.117860
-0.397532 -3.499574
-0.882788 0.752476
1.303174 1.819896
-8.954117 9.607837
-3.715926 -3.736477
-4.246065 2.040923
-3.242316 -9.719573
6.460748 -5.542895
-2.322920 4.534111
2.536310 3.301931
-2.482108 -3.127122
9.540337 4.459204
-8.094073 7.481103
-2.144437 6.401859
-5.278890 9.535339
1.847598 0.604334
3.437478 -1.225327
9.147487 -4.394847
0.494893 -5.970510
-2.250248 6.396673
3.618701 8.606917
1.238265 -5.180621
2.861067 -1.685699
-4.396332 8.961417
-3.551919 -7.370672
7.516925 -4.943729
2.950758 -8.350107
-3.316231 -1.670526
1.618051 2.567914
-7.759607 -1.481923
4.081597 6.145051
-3.859326 -7.249996
-8.157922 0.099774
9.524109 -9.189802
0.744211 -8.331983
2.814734 3.798825
-8.870669 -3.093767
-8.589267 4.807399
3.487858 -1.710327
2.271970 -1.289772
9.267838 8.906092
0.995683 -8.733071
-4.457241 1.968414
-0.644383 -9.721918
0.295695 7.649834
-4.719167 -7.512407
-1.821706 2.491447
3.084808 -5.273707
-7.808666 9.330571
9.416665 1.101773
-9.301636 7.617763
4.183716 -0.878581
1.002840 -6.029998
-2.287769 2.417773
-9.143551 0.619638
1.870672 7.558467
9.217866 -7.112704
9.319088 -6.411453
9.405695 -0.789084
6.785454 -0.800383
-2.442244 -0.689173
-7.070130 3.613553
-7.310719 -8.195489
6.778290 -7.397345
-5.185041 -3.624892
-7.967599 1.085605
4.419637 -6.911619
7.865525 -6.065518
-2.228630 -8.392113
-0.071907 5.627341
-4.336587 6.130073
1.279575 3.048169
2.294139 -5.598072
-2.351102 -7.481731
-5.616379 3.661765
-0.236111 6.157641
-8.210659 -0.464732
7.350925 -2.839431
0.341854 6.221381
6.094743 -7.773272
8.682834 -2.719194
4.024202 -8.851185
-2.651282 -7.537492
-0.193784 -5.434372
-8.627668 2.788971
4.443728 -3.256428
8.126952 4.644024
6.057880 -9.349246
1.012138 -1.710011
-2.737396 -8.443373
7.539702 8.203936
0.575434 1.142530
0.165838 7.089615
-0.949630 8.154483
-2.887187 3.060359
2.939506 -5.555296
-2.333648 -6.500443
9.742263 2.362678
-2.429336 1.595659
8.987166 0.594050
1.976412 -1.995086
-1.802978 8.639398
-8.633549 -8.406401
-1.791096 0.841286
0.198938 7.000438
9.694103 -2.097081
-1.284498 9.043902
-4.027721 9.404070
-0.788080 -7.254267
-5.583272 2.735617
2.977085 7.462181
-2.959965 6.165021
-7.463238 -1.351447
1.637393 -7.314915
7.191836 6.439816
-8.534972 8.950693
1.579726 -4.674225
7.003843 -6.805365
-2.084153 -9.142555
9.183560 7.424370
-7.326024 1.887291
-6.502392 6.956895
1.477860 4.708263
-1.274568 -2.987023
-8.166673 -3.557674
-1.444382 -7.656799
4.456400 7.326420
-3.126128 -9.908590
-6.600001 -5.689553
-1.696710 -0.622152
-0.372147 9.399425
9.790165 -3.630161
3.555609 -6.911108
-8.763076 -5.558302
-3.775435 -7.919104
9.755904 5.261535
-8.396667 8.475681
5.276570 1.831623
-6.525630 -5.858610
-5.658521 -3.639252
3.964610 0.593784
0.976197 -7.381412
-1.273556 2.522858
-6.519433 -5.840437
3.461266 3.879554
-8.267758 -9.336045
-3.120456 -5.441314
6.578609 -5.522664
-6.862237 1.361510
-3.314257 4.384965
6.598147 6.970914
9.412007 -9.956418
-7.245033 -2.080542
9.113690 2.413785
-4.228417 -0.060111
3.642832 7.857773
-1.636750 -9.330818
-9.574197 4.675146
4.321079 -2.220404
6.271879 7.737662
-0.037556 -4.057200
-9.825545 1.654406
-4.440284 1.911771
9.810929 -4.319533
-0.936581 -8.122293
-6.486944 7.216392
-7.661601 -0.352261
-2.533577 -5.439472
4.119646 -5.709458
-0.999293 3.150188
1.233428 -7.153414
8.400896 -2.995277
5.923432 0.493425
1.185325 -2.221603
9.147278 4.580955
-9.303579 9.493245
-0.674771 4.226801
-0.183662 2.110448
-4.044789 8.446989
2.292892 -5.675404
-6.920758 -4.272648
6.053451 0.520891
2.584811 2.521358
-6.682975 -3.323326
-2.100080 1.065944
0.365610 5.077114
-3.248247 5.983891
-9.267928 2.018115
8.780389 9.701697
3.712989 -7.103820
-5.152219 -0.609389
3.346715 0.547259
5.817802 9.358543
3.853039 1.811841
8.102322 6.557946
9.403997 8.949298
-9.454375 0.134719
8.415932 -2.731586
-5.707223 -6.293810
6.781701 -1.184131
-8.857046 -8.568550
3.776878 -3.068427
-4.833781 -6.120307
-0.994631 0.788257
7.451462 -3.422632
-8.895786 7.756846
-3.102992 -7.610400
9.954662 -8.474861
-8.077483 6.209813
-1.483392 -3.049125
7.524132 -7.795797
-0.915413 -2.987324
5.742665 8.048642
-9.949762 7.416342
9.706839 4.285486
-8.649283 -0.515052
7.395686 -2.473655
-9.123576 9.243803
0.626524 -2.355429
-6.063543 -9.937212
1.663282 -3.720937
1.075576 -4.720347
4.248020 -6.705857
9.129543 -0.426226
-6.965600 7.837415
-1.703518 -4.299693
-2.884640 -8.021155
-2.004913 9.282660
8.602059 7.299216
-4.267398 -2.011548
2.386521 8.054300
-5.684298 -3.084681
0.313395 -1.411574
9.270157 -1.164439
-7.201362 7.000384
-4.807443 1.995271
-0.920641 5.590310
-6.852650 -6.617042
0.185986 8.836801
0.525867 9.429271
-3.085892 -2.933006
-0.474858 2.124554
7.657070 -9.922964
-6.060868 -2.149237
-8.488543 -4.113814
7.740539 -1.220319
8.605718 9.883865
-7.243632 9.704312
-6.001358 -0.156778
-2.700143 7.145097
-8.853389 5.920091
-0.071298 7.581292
-2.451094 -1.794717
9.916786 7.113572
-9.135941 -3.078935
4.802975 1.119532
8.299774 -0.980466
-1.953931 -4.686021
-9.262007 -1.125998
8.206544 -1.205209
-5.412021 -1.469523
-2.272234 -4.692272
-0.507582 -8.375888
6.300914 5.825785
-5.566551 8.815565
5.753353 9.586896
-7.716363 -1.993108
-2.104646 -5.016101
-0.027733 -2.177527
4.789413 9.547220
-5.982563 -0.896795
-0.002156 8.087771
-6.348376 -2.571827
-8.103484 8.544621
-0.525033 -3.636396
-1.704506 3.020893
2.657450 -1.096266
-6.129195 -2.689866
-9.162943 1.423894
4.389667 -4.502965
-5.295723 2.753852
-7.537952 7.438381
-5.650362 8.569965
-0.904691 0.737407
9.989327 1.152615
-9.361172 0.129170
5.640270 -4.447695
-7.198481 0.695361
-0.727084 -7.378488
5.277969 -5.738482
-5.711717 -1.673041
5.759206 5.149745
-3.045876 8.511007
8.144976 -4.502045
5.411888 -8.074799
-4.866682 -5.989911
-1.411162 3.651327
-4.718893 5.639243
-8.017777 -8.890705
1.095418 -6.525361
-5.818440 7.861713
5.140624 0.197822
-2.197437 9.498843
-7.704667 -6.047874
-7.717781 4.373802
-3.212433 -7.332581
5.270832 -6.669341
0.083366 -2.352469
-7.451149 0.230712
-0.462266 7.670074
7.435521 -9.630434
8.968411 7.734595
-9.278152 3.835079
-2.956274 1.266041
-6.520614 -6.607469
-7.918226 7.627632
-0.606723 7.322916
-9.338716 -5.834147
-0.693881 4.013369
1.542714 -1.653889
-0.564980 5.461221
1.558795 -2.585962
4.977910 7.468843
9.770473 -6.031052
-8.946082 -3.656674
-4.214078 5.078839
-5.880228 -0.816032
6.464551 -8.223772
-4.508831 4.561078
0.163652 2.338216
-5.633027 4.255184
5.851044 7.630548
1.407576 -9.892415
0.626781 -4.263649
9.557224 -8.711238
-9.687362 -9.305636
2.804621 -6.504584
-6.415551 -3.485849
1.026454 -7.192717
5.409084 -0.679072
5.329989 -2.761596
3.738237 9.687825
8.312402 9.050326
2.138950 8.075765
-7.344783 3.699172
6.334860 8.939680
-4.877889 -5.879274
-9.763436 -0.755726
-0.102042 -6.753616
6.361911 3.686908
-2.240978 -7.442619
-9.412160 -0.289698
6.703713 4.473671
-8.823034 5.636189
0.297820 -0.384088
-5.618032 3.251907
-3.202051 7.226286
2.306541 -8.210137
6.547429 -3.039971
-2.295200 3.604683
9.114203 -8.972877
-9.674327 -8.520759
8.943566 3.559354
2.859838 9.303064
-3.315915 9.466930
-7.057732 -4.673364
4.088799 -4.444108
-1.654499 -4.092695
-9.397363 8.401113
7.528846 -0.018402
3.670217 -4.466346
-1.657322 1.851091
-3.887819 7.192952
2.902021 -4.984087
-3.687685 -9.209038
4.800072 -4.519913
7.341278 2.874742
-1.632527 -7.413452
-4.369621 9.888365
-8.500108 -7.054034
-6.559443 2.172109
0.123278 -4.818429
1.912315 4.198917
-9.981546 -0.089160
2.216964 3.418426
1.591705 4.493821
-5.951119 -6.485361
-6.856098 -7.062657
4.432824 6.823185
-3.404668 4.843109
-0.135498 3.531245
-0.160296 -8.559529
-1.010663 -1.035992
5.727266 -0.653635
-3.756037 -4.919918
7.616653 7.076387
-4.454254 8.636240
-6.631480 -3.666188
-0.917701 -0.376018
3.560877 -5.197191
-1.536673 -2.315884
3.864579 5.131708
6.192382 -8.280157
-9.624631 -1.767646
-5.521669 -9.077183
-8.817381 -9.885623
-8.370856 7.086477
6.582821 -6.767407
3.753529 -3.772196
-0.909243 -5.857148
2.037540 -8.820586
-4.826814 5.442802
-4.175321 7.117818
-3.126513 -5.511226
8.888167 7.684316
-7.709128 -0.027893
8.266865 -6.771421
4.191946 9.040110
-3.959907 2.998116
9.727016 -9.211611
6.839692 -1.271827
2.662207 -9.049129
4.244058 3.067900
1.002497 -6.992081
-2.502203 -3.337839
-5.753546 9.536819
-9.767301 -7.505173
2.437956 -4.681242
8.518630 3.135799
9.010913 -5.654602
-8.850266 -5.979961
-8.925271 -5.680445
-6.579312 -7.193234
5.538012 -6.646331
8.401048 1.310231
2.525014 6.508279
-0.557446 3.783990
9.819594 -2.014352
0.484128 -6.725082
8.355914 7.173948
1.326440 -7.512741
-7.989717 -3.111694
-5.031105 -2.598351
-5.435615 -6.757615
-5.207981 2.631900
5.369251 2.924339
3.357415 1.312823
1.472579 7.079055
-9.381148 -1.340750
7.762022 -3.694714
-5.322137 -9.520333
-4.792270 5.180027
0.120849 -3.035771
8.686153 2.468309
-4.860418 -3.380558
-6.238340 7.477797
-3.290608 5.056122
-5.243993 7.968555
2.965963 7.412631
-8.885584 -9.566713
-0.628245 -8.406676
-4.814348 -5.914204
-4.087283 -1.937309
-2.922337 -6.201061
-8.997313 2.505159
-8.742177 -5.760179
-6.282149 -6.640606
1.920913 7.453487
-5.060640 7.500837
-6.773812 9.254137
-0.162920 8.186012
-1.986269 -8.815806
7.457193 6.442603
-2.917348 0.033403
-7.338820 2.179129
-9.056078 8.366021
-8.886167 5.411572
-0.873092 0.768382
5.896862 -6.253101
-9.757105 -4.114063
8.455933 -7.518391
-0.804447 3.322718
5.777879 -3.435925
9.581611 -3.697101
3.795220 -1.934030
-8.289253 -7.946212
-8.732263 -2.549234
-6.940940 9.749882
-5.688169 6.242737
5.274498 -1.672104
-3.459839 7.466575
9.073352 -4.883734
-0.934813 -2.702583
3.467047 4.988416
6.750466 -8.650479
6.421287 -0.466876
7.693222 0.299765
-5.219656 -1.106039
3.844111 -3.990352
1.824932 -9.179878
0.532412 6.463671
7.050676 6.560962
4.272073 -0.300850
-7.303376 -3.016058
1.706067 4.306322
8.556307 9.451297
-6.714075 0.245155
9.198775 -1.065430
-4.597109 4.471488
-3.491816 -7.212401
-8.658421 -9.082373
-8.700163 -0.934837
7.432867 -2.508551
1.161012 -7.913933
-6.615682 -5.737627
7.115006 -4.361427
0.060731 -0.363437
5.086540 -2.676144
4.474285 6.670624
2.050943 -9.175989
8.551997 -8.529305
2.187516 5.871988
7.362688 9.349874
-4.063607 2.513470
-9.562497 -0.870359
-8.662041 -4.085980
7.869220 -5.594369
-7.859698 6.999784
9.005564 9.468284
8.278949 -6.489157
3.982234 -2.260447
-5.009004 6.457750
-1.769378 7.850305
4.897783 9.333918
-3.331001 8.661773
-9.575941 -6.856664
-5.164492 -1.718470
2.805051 5.128801
-6.811514 3.290705
5.595380 -4.882273
2.227904 2.409449
3.994548 -8.788791
-0.846250 4.519132
-1.697278 -3.700913
-6.420825 0.952186
-7.336794 9.143057
-2.242501 3.502136
9.436939 1.024437
-3.328031 -3.862197
6.677179 9.143582
4.343708 -2.195970
-9.907556 5.705717
4.649175 -8.102584
-6.857907 5.681707
-7.529857 9.513711
-1.140900 -0.701453
3.570243 -8.544904
2.531216 9.767762
0.147820 -0.343758
-2.278567 1.967235
4.355251 -1.353088
-4.219054 -0.003348
1.132122 8.966984
1.409611 6.584720
-0.360930 -8.896419
2.523599 2.438116
-6.695851 5.186025
6.011173 -3.488292
-7.601224 1.862056
-4.772432 3.208155
-4.161664 -4.461137
-6.932599 1.624349
-6.563342 -2.195436
-0.653882 2.805189
-0.810280 -6.999749
2.370261 9.704917
-1.808947 -1.449525
-0.103834 6.545296
2.320286 0.669946
8.458465 -9.855061
-3.299205 -6.461795
3.307048 2.946528
-9.485143 -1.601971
-7.607571 8.609159
-8.065978 1.173602
1.729412 -5.407506
-0.648893 -5.788999
-2.278521 5.779565
-8.100198 -4.257606
-2.381666 2.997679
5.671562 6.487544
-0.742153 2.557035
-0.300934 9.945119
0.809299 -4.138420
6.846239 4.596220
4.876933 -9.145577
-0.111913 5.171990
0.924358 -1.257626
-8.148814 8.835192
5.298474 -2.206771
-9.766781 -5.886987
9.753838 -3.306999
-1.595559 -9.017904
3.870809 -6.982791
9.385333 1.640559
2.426223 -3.462548
-6.066757 4.117264
7.016451 9.294679
-3.615133 8.536385
5.456533 -3.024510
6.027035 -5.894812
-1.709663 6.969816
-0.472679 8.605904
6.712808 1.673889
0.422610 -6.227864
-9.152421 -0.588953
-0.246976 1.367396
7.650739 7.295884
-7.620027 -1.966413
-9.614037 -4.526962
4.511245 -6.672217
7.659355 6.732385
-6.180378 6.307764
-8.419689 6.663953
-5.331039 -7.000838
-2.429272 3.671349
8.661093 -4.368606
-0.506734 7.742441
4.635212 1.456408
2.370069 5.534553
-8.813909 -0.377074
6.391622 -5.217877
-5.649753 -1.974779
4.697639 8.195346
7.298935 -0.198803
-7.862884 -6.338741
5.945141 -7.303078
9.937861 4.016146
-5.147778 8.278308
7.864441 9.658841
-8.179575 -9.982658
7.479936 -6.287483
-1.104866 -3.858367
5.154280 -7.347697
-0.977315 -8.828121
9.685811 -0.232373
4.296785 5.731816
-5.370848 -9.986898
8.412492 -4.088214
4.251594 8.735054
-7.235561 -5.976116
6.234639 -5.160655
5.234483 8.041667
-9.434962 3.076472
5.638202 0.974477
8.384840 -3.124881
5.949507 2.525551
-8.633577 -6.535903
5.301205 9.149699
-2.130004 -3.713012
6.382273 -4.352986
4.404545 0.902698
9.730357 0.103187
-2.983707 5.612587
6.077817 6.517479
-9.224474 -6.362643
9.412701 5.418336
-6.511129 -8.936987
-6.532370 -7.854588
-8.570257 -4.269119
-2.020902 -6.133429
-0.156849 -5.387242
-6.308934 9.204776
-6.917928 4.900363
4.576731 -7.574307
0.047682 -3.209813
-8.999437 -3.895908
1.282898 5.157602
3.837251 5.756819
5.739346 6.203636
8.056394 0.715439
7.154636 4.283610
2.526224 -3.092659
5.692613 1.488110
-0.502741 8.813520
-6.109819 5.117878
-8.248124 -3.525955
-8.880782 -5.577079
-0.988737 3.528280
2.566125 6.487193
-2.140522 -5.957734
-6.813573 -9.736335
8.108352 8.024861
5.938083 -4.909984
-6.641094 -2.563205
2.845617 9.292705
3.147296 2.290963
-5.854018 6.420595
6.752115 -1.278165
1.121458 -7.803511
-6.777625 -2.993921
8.350922 -1.520595
-0.258111 7.238472
-0.920572 -3.538671
6.946693 9.899332
7.846264 3.469645
-9.304391 9.012672
1.628864 5.956364
-2.926156 -2.468903
-5.083634 1.953662
-2.339011 7.752980
9.085195 4.250623
-7.138129 -2.804114
-8.959048 0.126741
-0.731125 2.980720
-8.065331 5.044467
5.501541 -4.413322
7.197683 -2.219655
-8.778751 9.428056
-9.388719 -0.751854
-1.510760 8.211966
6.713792 9.038235
4.631710 4.244361
-6.844817 -9.205208
-8.848918 -3.829844
9.575043 -2.695293
-8.878837 -8.754404
3.704212 4.955649
-2.789208 -3.458539
-8.322930 7.008004
6.656763 5.056655
-2.690851 1.837328
-4.950586 2.282604
-7.117317 -3.615132
-4.285244 -4.462298
-6.590310 -4.330127
0.763091 -0.304267
-3.102025 -9.884196
6.476316 -8.803424
3.180430 -4.943015
1.393012 3.898351
9.656416 -7.578244
2.555125 -7.922142
-4.842248 5.797057
-5.303583 -3.052031
-7.053349 5.249833
1.205127 -2.592260
-6.898119 5.295331
8.865021 -5.703414
4.571940 8.888248
-0.901077 0.783111
7.855511 4.868995
8.288811 2.167799
-2.386909 2.593935
-0.478470 7.791105
1.939823 -3.998384
-3.254334 -7.890521
3.551527 2.718755
2.182570 -7.457118
3.062232 0.852460
9.502224 -8.523567
-9.279733 -5.796089
9.456615 2.243024
-2.363854 6.427930
-4.539129 8.737740
-7.163288 -5.934318
9.047327 -7.562993
6.516569 0.766100
7.943518 -8.614939
-4.430803 2.118809
-9.573292 3.400801
-6.518145 -9.587594
-2.876475 -3.902604
7.457823 -6.888995
-6.693475 1.706192
-9.443176 8.934103
-3.368360 -7.257896
3.068867 9.358179
6.529139 6.094759
-5.429449 -0.592535
-8.681151 7.813213
7.536625 3.481478
2.462785 2.515883
-6.063772 9.411434
-3.732635 -7.469616
-4.263220 -6.232009
1.257810 9.444786
-1.117295 1.969655
-3.440954 -7.195878
-4.432091 6.774109
-8.057538 -7.932332
6.228238 8.647521
3.204519 -3.128838
-1.751536 4.632586
-2.013968 7.595920
-0.544771 -6.200707
5.827024 6.679959
5.088615 3.173669
3.722477 -2.880042
-8.123574 9.893002
-3.759397 4.646464
6.909130 7.566779
-5.447508 -3.994558
-8.938320 9.751960
-9.314371 3.416929
6.565652 3.632000
-4.080225 1.037191
1.469831 -1.626226
9.686005 -3.135384
-8.408017 -7.685959
-4.712918 -8.193835
3.582860 -3.639141
-4.914025 -2.457961
-6.643895 -4.129036
7.950040 -2.360028
5.903169 4.547309
-2.815540 8.090762
-3.994399 -5.915512
2.578884 -6.825501
4.076980 -8.777004
4.764629 2.887465
-1.775903 2.937926
-6.592326 0.307786
-7.696741 3.219977
-6.636142 6.856014
-0.169770 3.262581
-3.826125 -2.649776
6.793168 2.649324
0.776060 3.935047
-4.825148 -2.828335
-7.027984 -8.205608
7.219325 -2.560651
-3.836293 9.847238
-9.307683 7.179763
-7.974325 4.359291
3.087820 3.951371
-9.491408 3.846309
-1.832480 -5.087309
-9.786657 4.975447
-3.236034 -9.038223
1.305882 3.238130
-4.340493 8.482675
-2.124181 3.965912
-3.028013 0.140357
7.048214 7.715976
-3.043394 1.660892
-1.453796 0.325607
-5.982975 -4.556822
-0.987149 -4.337721
9.277849 -7.362262
-8.036932 -2.297233
-7.326703 -2.458447
1.497294 -3.333555
9.417033 5.616306
-7.376670 -0.542281
4.684606 -5.528773
-0.722218 9.573814
-6.479932 8.271616
4.928682 9.221745
-4.915477 -0.337226
-2.037611 7.947361
-6.085849 1.002802
-5.759119 -7.034418
-2.332936 -0.489645
4.943321 5.977164
9.626564 9.686519
0.516767 9.568669
5.000410 1.390050
8.353700 -4.436635
9.061500 -1.405195
-9.762284 9.741169
2.853651 9.007136
6.962934 -7.453571
2.244496 -0.573152
9.378539 3.622135
1.881701 -5.432108
-4.053566 -1.723372
1.494559 -6.907437
2.333426 5.982582
-2.551484 -3.753212
-0.819558 7.747378
6.400939 5.559941
-2.506792 -3.263804
-7.285111 4.319468
-0.433072 5.211844
0.754830 5.692989
2.716787 8.543223
-4.076092 7.269891
5.981986 8.103337
7.014310 -7.543707
-8.342414 -1.947540
5.449551 -6.191849
6.318502 8.829741
-5.587418 -1.237619
9.108244 4.188832
-8.197354 8.886201
-9.778945 -3.008797
9.737968 -2.194977
-8.526094 3.163012
-1.165328 -4.000109
9.769924 4.725502
-6.657210 3.815433
-7.351823 9.477326
-2.793751 -1.304192
6.233656 8.889315
-9.281459 8.044570
-8.257126 7.528537
-2.207254 -1.012667
3.952761 -6.007746
-6.357387 7.561885
0.899478 0.069532
0.603054 4.785873
4.624927 -8.190484
5.058306 4.862489
9.743306 -9.075069
0.078715 -8.648698
-8.928033 9.614880
-9.997720 5.751507
1.938273 5.381144
-9.426091 0.526859
-8.039533 9.352934
9.903434 -7.173116
8.550838 5.190833
-7.930200 -1.972903
-6.199261 -5.266341
-9.349816 -9.406199
-6.927825 6.240050
-4.889928 -3.795349
3.668737 8.560771
-7.381748 5.365009
-6.284731 1.631748
3.338159 -5.171713
-3.799400 -1.165765
-3.895353 2.672088
7.690709 -8.945091
2.024454 -2.304824
7.822784 8.015154
4.555106 -5.053087
-1.719339 8.733276
-7.118022 -4.814172
7.135176 -5.083955
4.949792 8.565699
-1.282050 -7.594834
7.647473 -3.895472
-5.827082 -1.846706
7.414020 5.339279
0.751726 -4.269287
2.519570 7.092992
7.090936 -5.222152
-9.142233 -8.362132
6.112323 1.901753
-5.942466 -7.474489
1.106107 -0.611134
7.398351 -5.874374
-6.789488 3.415335
-0.961383 -0.534420
9.153376 -9.642925
-8.721398 9.302500
8.008005 -8.676827
5.749670 -1.132300
-4.508466 0.270966
3.204983 9.252795
-3.003723 3.502298
-7.681127 7.396213
6.485345 -8.943654
5.803415 -7.388615
5.133179 3.001236
1.505849 -6.105833
8.919469 4.537073
0.446918 -3.228223
-1.700618 3.753199
-1.175966 1.603567
7.592624 -4.251595
-3.934828 -4.195183
-2.465427 2.426069
3.945911 -4.823027
9.117730 2.530224
-7.326761 -5.498925
5.803076 -9.689276
1.987867 5.896726
-2.685730 -4.624766
-9.969037 1.508594
7.293420 6.516170
6.138324 1.669659
-4.853444 -3.634899
3.281995 -9.004179
-4.882937 -4.842012
-3.528860 0.628093
-3.133673 -5.631730
4.784985 3.043850
-4.723013 2.438579
-8.776557 -8.823749
-8.945617 -1.564399
-9.740967 -8.371240
-8.680306 -9.064927
9.638624 0.479416
-3.667546 -6.520110
-0.590696 2.863372
8.992306 -7.759375
-0.018872 3.981646
-6.452020 1.706964
-5.017074 4.447847
1.723480 -5.043538
5.984668 7.940720
7.330199 2.205548
2.663228 7.033766
-5.717913 -1.105921
3.941767 -2.224872
4.534580 7.660180
-3.085265 -0.820443
-9.794957 4.022258
-3.267421 9.490590
8.957746 2.262074
-5.660433 -6.169295
-5.274919 6.999312
-4.087039 6.426853
-9.528740 9.777643
-3.191705 4.804910
1.307506 9.540618
4.246831 -8.928928
-0.090305 -3.764601
2.116012 6.387024
5.344425 0.689740
-1.256665 -3.011130
6.816814 0.113830
-3.595136 6.734923
3.644493 9.068202
4.812019 -4.112266
-4.840769 5.548295
8.733972 6.308622
-1.823103 3.059563
8.826388 -2.379986
-2.094511 -9.630083
3.688475 6.441108
5.344647 8.051034
6.788197 -7.094760
3.459955 -1.077517
-1.403126 -6.254458
1.198003 7.613103
-6.800558 -0.056324
6.816465 7.950996
4.836482 7.145246
0.197079 5.937345
-7.983081 -3.013297
-4.823394 -2.406930
9.534609 -1.178677
2.622771 -7.686139
-9.721202 2.093410
2.971619 8.788902
1.259066 -2.182699
3.703118 -1.246197
7.880884 -8.820987
-4.441207 -0.725341
8.986024 3.617701
8.597154 -3.336579
5.545109 6.182136
-7.527110 -7.760027
-3.744904 -0.904043
-5.119598 2.754323
-8.242566 -3.826972
-1.036394 -7.318336
4.685932 3.097105
2.622883 -8.778601
6.339868 5.243143
-0.529853 0.419759
1.838559 3.512616
6.351819 3.453808
-5.343076 -5.283446
8.974776 -4.683571
-1.980446 3.563819
-8.572547 5.128897
0.486441 8.556927
-9.901203 -1.526264
9.111040 5.957144
-4.854979 -2.420290
5.166727 6.597990
9.435340 0.315959
8.281145 4.835097
0.564422 4.535817
4.014930 -3.002748
-6.240172 2.933589
-0.506266 2.429525
1.363947 4.400853
7.921817 -5.888081
-9.696361 3.864824
9.945603 -2.260332
-2.312265 7.957179
8.822644 -2.888131
3.911046 7.802034
-9.906890 -7.880509
6.387491 -3.068077
-3.786510 6.386083
3.134175 7.868587
8.256586 -1.291081
1.037413 2.025459
8.305377 9.328380
5.328481 8.629643
-1.111543 8.346064
-9.451112 -2.439208
-0.682743 5.627457
4.283733 3.372383
-8.149088 0.609049
-8.425684 -8.867519
-4.558648 -8.941262
7.437435 -8.117119
-7.552319 3.449490
8.486825 -6.923542
7.786348 -6.274055
-1.459514 6.516735
3.944449 -3.084604
7.353884 -8.657819
-3.637146 0.948537
0.372041 -5.851255
5.072767 -9.530963
7.494059 1.744849
-7.291634 0.642485
7.684583 9.066652
1.145542 -7.568493
-2.718690 0.350667
2.469308 4.700685
-3.626793 5.395906
-7.370380 7.463107
9.072413 0.186717
-6.977534 6.143482
2.690222 -0.144936
3.800122 -4.699111
-5.575533 7.590986
-9.285871 -2.930853
-1.077191 -4.187818
-6.317294 3.400731
8.552322 6.232453
-1.726034 9.252326
-7.316606 -3.779748
1.953954 6.853395
-9.528264 -9.957123
1.685195 -7.906460
-8.701133 1.372046
6.803737 3.297388
-1.411878 -1.059456
-5.449823 -3.437956
1.856434 -2.520031
-7.489102 7.946261
-7.903840 2.347857
1.919961 4.662906
0.250321 8.236141
-0.787373 -7.279185
-4.810627 1.875654
1.867250 2.719387
4.846362 -0.533090
3.054166 -5.047932
-7.225874 9.341613
-1.720252 -1.838483
-1.409224 8.831896
8.230527 5.329323
-8.263385 5.804848
3.152135 -1.142339
-6.676743 -0.898206
-1.356033 -4.448113
-0.999061 -1.187883
5.953240 0.617083
-9.472032 -9.260566
-7.252946 -9.452138
1.651739 -9.470143
-5.183416 9.334014
4.851346 2.710263
-2.832176 -9.126176
-8.802528 -9.572556
0.973331 1.621460
-7.877988 -2.361529
-6.059805 6.644390
8.505607 5.213068
-6.967149 5.735927
8.341731 5.510102
-3.894071 -8.179919
0.836065 7.821914
-0.202012 4.299447
4.668963 3.332272
6.283051 -4.821381
5.551152 -4.891369
0.965835 -5.282563
-9.203332 -3.559530
-1.306415 0.277693
-5.614798 9.495456
6.019399 0.394622
-2.690508 -0.624570
3.288311 3.684462
3.082601 -1.870950
7.021264 4.916634
0.417242 -9.911370
-5.557163 1.489389
8.328852 -1.504251
6.175285 -8.958269
1.920350 0.237570
-0.421252 -8.270632
2.196385 -7.738770
1.306551 6.161657
-5.884134 -6.997205
-4.693648 7.462193
-5.617611 5.054123
-7.229704 -7.561710
6.263307 -9.390873
-4.795272 6.021219
5.876279 2.996806
-6.612437 -9.015461
-9.504393 5.690651
4.546926 3.906085
-6.328184 1.424727
-5.046340 -7.070678
-4.130306 -1.544518
8.379676 9.594725
9.352858 -1.708090
2.901282 -6.717361
-0.732627 2.035779
-6.779265 -6.270777
4.682672 2.307048
-6.745131 -2.570959
-0.532516 1.797324
1.556905 3.433877
-4.903796 8.412523
2.262627 2.361437
1.503412 0.842596
8.438938 -0.431601
4.517741 -1.599162
-0.316750 8.189347
1.846737 -7.868719
3.211498 -6.268761
-2.316221 -2.224812
-4.222629 -4.406793
-0.043200 -2.007127
2.748834 1.461948
-3.938110 1.162191
-4.579458 0.839621
-3.058068 -6.984896
-4.043197 -0.519516
-3.913154 3.021860
-7.322013 -9.808882
-9.993313 7.298992
-8.673122 4.434496
-1.035607 -4.271717
2.445621 1.894022
5.478007 -4.559449
-5.993505 -0.117872
0.918914 0.100125
-2.186821 4.931317
5.128333 9.838834
-3.083033 0.070482
-7.128401 5.396066
-7.953811 -1.412435
-7.652349 7.192937
3.191956 1.186232
-4.609661 -6.400619
-3.746819 1.230636
1.594017 -5.542798
7.203275 -3.233832
-7.076475 7.996620
-0.319935 3.896373
9.229466 -7.340658
2.463021 -5.201499
-8.035184 8.401651
3.271685 -7.999749
5.953444 0.557615
-9.299327 6.947321
-7.996729 -8.919547
5.731495 2.077309
-0.991232 9.545998
-2.219291 7.402778
-4.292401 -1.231589
-3.231611 8.888935
-5.704758 -5.185633
-6.422466 9.936740
-9.597493 -0.980915
7.225018 -8.735126
-0.868551 8.350473
-0.813511 4.013735
-0.330439 4.927972
1.662498 1.176804
-8.416251 -8.904856
1.989899 -6.712692
8.398201 -4.604546
-7.195198 0.706051
4.956752 -8.727622
-2.039449 6.585790
1.696576 -7.993219
3.878213 -4.580400
-5.057572 -0.536478
-6.134456 -4.858911
1.197884 8.415210
6.083240 6.833474
-9.733687 -1.988631
3.224377 -8.126359
-0.154415 -4.200206
-7.136291 8.502990
-4.940921 7.264644
-8.063717 -7.942340
-9.583008 -8.882088
-7.115906 3.834387
-7.073897 -2.350626
8.221138 4.474853
8.714879 -1.760363
-1.499380 -8.330676
-8.792813 -5.960191
-0.273763 8.440653
-5.371997 -3.748250
-2.586098 -2.568560
8.035898 4.395448
-4.202160 -8.051618
4.310598 -6.528897
-8.484068 -9.382665
1.805116 2.456674
2.613284 4.768299
-1.819045 -3.509210
6.729689 4.265391
-7.682053 -6.575966
6.394689 8.888862
0.172971 -5.005671
7.288844 -1.309589
3.645075 -7.838982
7.475680 -6.110925
-0.938848 -6.519953
7.562828 -9.564754
-9.663748 -4.552095
6.838923 -6.754482
-5.204034 8.666854
-5.587876 2.609044
-9.353411 -9.385014
4.062997 6.467490
4.604450 -7.312075
2.973527 6.808465
-1.161270 -9.476062
-0.106169 5.656555
-7.363362 -4.371540
2.640716 -3.891018
9.717614 5.519267
1.090827 -4.505693
-1.887744 2.659668
-3.583148 5.109634
6.441750 -5.020573
-2.166743 5.918085
9.102810 4.776303
0.415227 -9.097671
-6.250743 8.584058
-3.971533 -8.064214
5.017657 8.891888
-3.248705 -2.577764
9.570656 -7.444455
-3.327957 -6.978422
-0.561490 5.111334
-1.658769 3.829115
-7.870430 -4.923351
-4.096288 1.307717
-6.280516 1.710186
-3.897840 5.546772
0.048599 -1.810786
8.735640 -1.676554
-0.411812 5.235296
-3.841671 6.068789
9.493986 -9.416823
8.872715 5.785224
-8.559314 9.691625
-4.348392 4.836356
1.271593 7.001031
7.611596 5.100619
5.435352 -0.475464
-9.343979 -3.634172
2.732025 -7.227812
1.012726 -1.108193
-9.023170 -5.159420
5.591854 9.832121
3.486527 9.739734
5.498664 -9.068682
-3.480461 -4.071426
5.676650 8.485602
-6.024488 5.692539
1.704552 8.254167
-1.544847 5.567810
-2.444646 -2.901926
1.358657 -7.273277
2.742302 -9.429905
7.752766 9.288565
-3.792612 -0.682413
4.777244 -2.886977
-8.275826 -1.434362
-8.356248 8.092760
0.636037 -0.905296
-1.368165 -6.904827
-7.819752 6.457461
4.765205 -7.231425
8.906926 -2.627629
9.861440 -2.443944
-6.473399 -0.011534
1.527194 -2.828398
-7.949687 2.838960
8.340173 -9.396284
4.524474 2.920492
1.822974 9.922123
3.855726 4.407115
1.650893 4.397756
-6.526586 1.546096
0.405019 6.419676
-7.106378 5.899523
-5.584955 9.400572
-2.396755 5.886879
8.550708 -0.271520
-8.167523 2.106224
1.413307 3.045321
4.973258 4.299920
-2.931374 8.900814
-3.992977 -5.144374
-3.789953 -4.247224
-9.537230 -5.113843
-7.730442 5.713111
6.972867 -1.014650
0.438900 -3.924087
3.681884 1.381436
6.164667 -7.973283
6.460820 -7.260745
-1.226494 6.917823
4.894403 -7.323371
-3.133222 -6.174065
-5.938907 -4.746387
-4.912630 -2.168664
-4.654014 -9.286455
-9.368077 -4.720618
-4.204410 -2.519965
0.993213 6.603094
1.532508 -8.254616
1.349789 -6.081207
-9.004217 9.432667
-5.631683 5.621477
2.486765 3.471065
-5.447635 -4.438486
1.306338 0.478311
4.079929 -0.485507
7.801828 -3.123378
5.378483 3.806623
8.105452 -9.115931
-7.514496 1.268401
3.810266 8.521973
2.109018 1.486025
-0.470274 -9.628681
-0.383682 -5.938403
8.644878 -3.273157
-0.666749 -2.477403
2.707261 -0.248559
2.004556 -3.791342
-4.143324 -2.781081
6.949733 -3.831843
-1.146031 4.551193
-2.436833 6.592279
-4.302610 -2.293524
-9.456932 -3.596180
-2.051249 -5.643023
4.020152 3.012300
-5.578288 -6.289400
9.409068 0.380241
-2.128548 2.318958
-5.023872 6.688066
4.501401 -9.409070
8.693136 -0.893912
7.837931 6.225442
-1.925908 -3.512453
-5.919748 3.463827
3.809874 -3.607529
-4.468254 6.068841
6.996072 2.673656
-6.811889 6.955118
-2.657870 8.992624
0.305805 -9.756039
-3.438772 -0.415732
-3.894173 2.572083
-1.235729 -3.777221
5.611893 -1.916330
-6.421874 -4.828330
2.375134 3.938766
4.468297 2.691757
9.060060 4.607228
-8.618400 -8.865949
0.919021 -1.884883
-0.863621 9.597885
9.658437 -7.328739
6.030130 -1.939079
5.306592 6.893507
-0.978214 6.864869
4.206546 -0.884115
-6.288387 -7.585840
1.381230 -4.687030
-5.301126 6.357537
-9.045513 -6.659982
6.639557 -9.011461
-7.696714 -6.516283
8.841303 -7.651472
0.262677 -6.211823
4.687286 4.700075
3.027351 -1.420466
-7.319916 8.334032
-5.746396 -0.146914
-8.878417 -6.922888
6.103800 2.653255
4.259842 7.023732
-6.285291 2.755439
2.199616 2.453508
8.143909 7.907199
0.112046 8.722003
3.040962 7.637998
-1.411134 -1.106170
9.650834 3.876727
-3.024216 -8.605822
8.958419 -4.801858
-7.952632 -0.696746
-3.275669 1.975157
-5.279772 4.951322
-2.001665 3.730353
-8.159664 7.543141
-2.246553 -7.103594
-4.922148 1.310313
9.423048 -5.691116
-9.130059 -0.808419
8.833813 -7.774932
4.373486 -4.075042
9.591462 8.746389
2.385900 0.390658
6.310770 5.419540
-0.896818 -4.140078
-4.722283 4.365236
-5.591213 -3.100208
3.940547 -7.861782
-8.024090 -2.479013
3.152663 -2.164736
-6.798783 -5.949839
-6.689178 7.904862
-5.346389 8.063573
7.470195 6.330614
-1.286213 -2.952244
-7.680062 4.487400
8.374462 -0.387228
-9.746003 -6.379661
-8.776837 -9.839029
9.453540 -5.044200
-2.654310 9.467127
-9.443437 1.461005
5.233453 2.445712
5.343510 6.869692
7.866789 -1.748861
-5.065975 7.432103
2.016362 0.505025
4.093288 4.476881
5.013412 -0.538901
-1.347174 8.605307
7.710606 8.971787
2.838646 1.066814
5.814075 3.802137
-9.840882 2.039721
4.569779 4.353298
-7.353560 -2.332573
3.341565 -7.187351
-2.391536 5.665815
-2.436167 -5.179703
3.396933 -1.752070
9.575586 -6.011392
-5.023234 3.199162
8.465670 1.447930
-5.191904 -7.407539
2.210544 6.288240
-1.586027 7.100501
2.370889 -4.983130
-2.648704 -6.750829
2.546669 -4.254021
-3.974419 -0.023873
7.949802 0.238707
5.070244 -8.609687
-2.930179 -5.656459
3.500943 -7.695052
-7.195720 4.467388
9.951378 -4.650600
-5.315172 -3.818032
8.869213 4.207407
-2.017868 -2.346853
0.360319 -6.104084
9.920046 3.983167
5.819191 0.561961
-0.741336 0.095672
-5.274190 -0.066301
4.842141 -1.835179
-2.264731 1.658516
5.502199 2.186386
4.732417 1.731772
8.037291 -0.685789
-5.206381 -0.481122
-1.335496 -6.314279
9.953175 -6.608086
-1.015860 4.163518
4.146305 -6.892905
6.457147 -8.649550
-6.992583 5.165433
5.469758 1.304443
0.216227 -5.344125
2.028539 -2.106973
7.265489 2.338804
7.372491 -2.639986
8.676775 -7.012816
1.813977 8.343709
2.535182 -6.621636
-1.887503 8.380408
-3.093405 2.804670
-2.415432 -3.608176
0.016659 -4.577045
8.313190 1.308129
-9.747206 2.840243
0.659326 -5.913946
-3.262072 1.852622
-9.756639 7.901868
-3.585489 -9.015596
5.238402 4.297594
-0.409652 -3.657423
-9.455975 4.279490
9.111208 2.749933
-9.429170 -9.959156
7.439326 1.566751
-4.732886 -9.389118
-9.662985 8.203608
6.392148 2.633404
6.908267 0.457355
8.062987 -4.149191
-9.634022 4.855146
-1.506378 -9.201826
-5.636074 -2.431082
1.297405 4.387742
2.095761 -1.349846
8.047698 8.160458
4.623590 -0.141318
-6.610959 -3.057201
-9.319222 7.169261
-8.831003 7.082283
-0.622734 -6.082420
-4.195293 0.534910
0.107480 -3.629152
-3.072171 0.575739
5.081547 3.201058
6.509972 2.182630
5.800739 8.403386
8.446203 -1.056890
2.805988 -4.571068
3.271989 -6.563051
5.669426 -2.662255
-0.239656 -6.563043
8.347018 9.222551
1.107908 -7.105525
3.078614 -1.788626
-6.102416 -1.925642
5.866273 -3.544823
-0.804813 -5.182175
-6.357173 -6.989450
-1.349482 -6.542382
-7.406523 0.476262
-5.708593 6.261729
3.909636 -4.929570
4.601938 -5.458308
3.699037 9.609261
-1.184439 6.353847
-5.254305 7.273465
5.897754 3.691540
-7.190023 4.358306
0.899871 6.696184
5.416192 -2.422874
7.250463 -8.264216
-8.333305 7.564001
9.827015 4.020476
-7.495331 -8.847902
-2.262410 -5.554053
3.795005 2.129330
-8.027249 9.045198
8.712855 2.361191
-0.178553 -6.343108
2.737101 -0.343594
0.792398 -3.344253
6.506952 6.264226
1.702102 -0.767585
-0.721749 -3.248243
-2.785523 4.076327
-5.242452 -3.887645
2.670683 -8.381723
9.411863 9.113589
-0.904165 0.119450
-1.317855 4.797043
-6.636378 -7.217238
-4.548256 -7.905436
1.589896 -4.782997
-4.088862 1.247485
-8.570588 9.669748
-9.599639 5.113207
-7.303182 7.100643
6.083888 -8.834109
4.649582 -0.342405
3.356876 -1.341673
-2.531496 0.373584
-4.130918 -7.003433
-9.918145 -3.349480
4.973831 -2.749931
9.643262 -2.425685
-3.681417 8.092093
-4.510582 5.192408
-9.856679 -7.217774
7.202109 -2.583648
-8.725946 2.766365
-4.511423 8.571776
-3.647343 3.919669
-0.555322 0.875626
7.280291 -6.523512
6.809694 5.776110
-2.529755 -5.010612
-1.739904 3.549651
-0.595461 -2.150851
9.052314 -7.013205
-8.499243 0.606229
-4.160203 -1.766275
-7.676158 6.164834
2.222251 -4.170039
0.601016 5.425396
-0.982978 6.609846
-7.015675 0.526030
2.673805 -7.121315
-3.318586 -2.388480
1.507768 -8.693421
7.970345 0.405441
-0.578687 -1.206061
9.328383 5.375974
0.043050 5.155930
3.392198 9.951042
4.511357 0.943039
1.169846 7.610883
1.686416 7.217158
-1.390887 7.630656
1.150125 2.986481
2.061619 2.976363
4.827254 5.005631
-5.967270 -6.355655
0.125280 -5.176312
-0.075774 -7.381819
-6.813521 3.448786
7.742560 -7.708911
-1.992220 -2.075756
1.462116 5.648552
1.711680 -2.052368
-2.419838 -0.798887
-9.284379 -5.959055
9.875779 -3.717719
7.330793 9.782776
-6.931985 -4.294949
5.191447 0.623457
-4.428308 9.168331
-1.108179 -7.191891
-0.560767 -4.223103
5.045861 2.335936
2.421573 -2.324383
-6.001502 8.035270
-2.806931 5.397979
-0.557465 -1.573494
8.121680 -9.325862
-5.029956 8.004751
-6.530219 1.787876
9.761767 2.436852
5.902574 9.498556
-8.714123 3.973106
-9.799228 -4.452713
0.403833 1.892843
-9.741035 8.470949
-4.974043 9.392830
2.325100 3.330720
1.148057 4.746266
1.401061 -9.122805
-0.710576 7.375654
-2.970202 -3.850759
2.307243 -3.138356
0.037075 -9.883048
-0.657081 0.494934
9.368897 1.243978
1.138623 -3.210591
-5.105104 -2.471985
5.226591 -7.412580
3.992220 -2.752639
-9.055605 -9.173511
2.012669 8.558066
-7.002401 3.577544
-0.508457 9.684683
1.238597 -0.436090
-8.827457 3.458474
0.808525 8.111311
-6.955977 9.864059
5.950466 -9.636992
-5.546634 -0.339726
6.366541 9.051182
6.569985 -1.702158
-7.752264 6.872512
7.513186 -7.505931
1.886242 -7.178581
-8.885760 -3.168414
6.139315 -3.794357
-8.539148 -1.919665
-3.188135 7.275258
-1.261670 4.941677
9.656829 0.135767
5.095400 -3.007737
-3.787683 -5.620573
1.189341 6.832219
-2.153538 2.672934
0.001159 7.754045
4.474642 5.968812
-2.192188 -1.089299
6.346248 4.744496
-1.866392 -2.996113
-6.270236 -4.853422
-3.708392 7.557890
-7.044783 -5.242145
7.804481 -7.487053
6.565927 -9.516663
-8.202813 1.341821
1.071355 -8.035159
-5.015266 3.550193
7.738181 -4.025778
4.133875 -2.634998
-8.979943 6.131778
7.815974 7.858688
6.808910 7.032351
0.573923 -0.519731
2.031083 -1.978811
-5.362578 8.422260
-6.194514 0.188906
-3.931098 3.515585
1.219734 -0.171766
4.029365 9.127048
8.551673 -9.813201
6.545706 -7.953908
2.005883 4.029286
-7.847909 -6.718754
-5.193442 -2.380010
8.703322 3.441168
7.347272 7.547736
4.670781 -9.665687
0.358783 4.351069
0.656003 -6.393276
-4.559487 -7.834826
-3.438715 -4.424050
5.890289 9.839193
-3.966864 -0.549709
-9.583431 1.601592
2.585133 7.064788
-0.981841 1.965751
8.573656 -5.527153
3.139484 -1.865264
-6.131787 -8.518243
8.808079 7.190611
-9.735457 3.449463
-5.585062 1.334889
9.538858 7.372563
-5.506844 -3.271406
-4.139946 5.480584
-4.621593 1.501529
2.044425 -2.016507
7.787673 -1.932331
8.005238 6.581285
-8.295171 -0.950959
-3.236780 -1.965677
8.446230 9.058681
-1.490835 2.300051
7.509926 -1.415628
1.706518 -4.278926
-3.621662 3.743221
-1.266374 -4.877522
-3.394678 -6.241242
-3.590364 -8.548197
-6.744069 -0.787859
-2.959661 9.012265
-3.128133 -4.289137
-8.128275 -5.352704
-5.471605 -2.959884
-3.485381 1.037448
5.204562 7.169007
-4.187887 2.691008
1.858264 5.977328
-8.926834 -6.282134
3.260392 4.798485
3.702212 -6.940042
-8.821786 -0.454341
-4.492173 2.248122
6.083433 -8.886246
8.172180 -8.141894
-4.185732 -5.691642
-7.746174 3.551923
-2.551947 -0.825692
9.879538 8.291663
-5.938923 -4.591044
-4.208423 2.431799
-2.152104 -5.953533
4.831002 9.994921
4.975241 -5.188588
5.625347 -5.563304
8.255601 8.071617
-3.657271 8.734609
-2.646885 -4.978480
9.432970 -3.922645
-4.810155 6.673633
7.592463 9.114970
-0.734024 7.842490
6.543493 -4.515400
7.792583 0.216825
-2.521413 -7.130218
-1.944301 -7.075591
4.803736 6.587691
-0.845711 -2.525398
5.224285 -4.277987
-3.722083 -5.672390
-5.086902 6.629768
-3.785770 0.341409
-3.271314 -2.021776
3.199560 -0.444628
4.105789 -8.398045
-8.349706 -3.641088
-1.336584 4.682389
3.892054 -2.706153
-3.970054 -9.691099
-5.258658 6.039395
-4.287958 2.905634
7.221571 8.782767
8.448887 8.383970
-5.319411 9.992314
-4.584787 0.310334
9.101699 -7.005791
-5.360301 -3.648065
-8.648468 -8.241420
6.624560 1.410675
4.424266 -7.070643
-6.113351 2.000304
-0.269910 -3.355861
8.350825 5.569087
9.773013 5.975844
-6.777656 -7.395788
7.100838 -4.200390
1.862316 6.237606
9.156972 7.429914
7.145752 -5.139544
-9.052290 4.937218
3.045176 -2.005862
-9.116528 8.814806
4.316352 7.776860
-8.108588 -7.514922
3.549664 6.402527
-5.722660 -2.546170
0.874476 5.103466
-6.178738 -2.434541
7.658242 4.756975
-7.556294 -8.585209
-3.662282 -1.190374
-1.899946 -0.808780
-6.630340 0.889636
-2.345864 3.894302
-8.418549 8.569619
0.445970 -9.434041
4.196491 5.687462
1.499158 8.008919
-2.774108 2.622502
8.950043 2.843740
7.269725 -4.939902
-8.388988 1.078276
-5.864705 2.059635
2.467988 -0.763549
5.116294 8.130788
-6.853996 6.792040
-3.945704 4.780800
-4.965036 4.066849
-4.028446 -1.023701
5.161791 1.780630
-8.203295 -1.971746
-7.743021 5.540383
7.912830 -0.056833
9.984700 -9.785221
1.591964 -7.079471
1.561851 2.955000
4.179212 6.589968
2.490121 3.831610
-7.699496 -9.581003
-6.261863 -7.263399
9.253370 -6.303702
7.459186 -2.121569
-3.285415 8.289585
4.982017 8.023394
-8.948887 -5.212850
1.100031 -7.299461
-0.247213 3.090288
-5.201274 -3.518864
2.623632 8.664126
3.708260 -7.193121
-1.183349 -9.690230
8.578470 -0.457922
2.442655 0.862256
8.334394 8.481473
-0.781327 3.825551
-5.276072 9.278097
5.763591 -3.504737
1.424306 -1.845991
0.043388 4.903094
-0.330500 -4.150809
5.796082 9.344499
-0.442177 2.990701
5.407808 4.045496
4.989849 -0.021752
-7.401240 0.592088
-1.751570 4.731855
-5.709239 -6.567786
0.607824 -5.767636
8.310654 5.140726
0.945727 -3.286913
7.826185 -5.141413
9.193928 -7.894014
-1.546116 -7.340554
-2.832664 0.374857
9.779064 4.642967
-9.531607 1.989204
-2.959942 -7.447275
1.322164 -4.920107
-0.498096 -5.435205
4.229067 6.282384
9.566883 2.664436
2.202296 6.254051
0.106462 3.573879
-7.974266 5.242891
3.952843 -9.985305
-0.341853 -2.390290
1.955904 -9.268075
-0.368591 3.958523
-4.337847 -1.988642
7.748512 -4.242603
-4.505054 -6.919416
8.546435 -8.865169
-9.145002 0.297534
7.516403 -9.072115
2.308688 4.910898
-9.415716 9.233130
3.956039 7.016186
6.984301 -9.520967
9.258892 1.094703
-9.028948 -8.043512
-9.168464 6.692312
-6.458030 -2.452423
-2.743157 8.598188
3.860269 -5.389491
9.932849 -4.142161
4.279844 6.458815
-8.902962 -3.202229
-1.747782 2.382856
8.495895 7.498110
-8.866422 -8.143166
2.369056 9.986399
-4.120106 -4.745318
1.060665 -2.935845
-7.847579 3.838750
-9.921352 -3.411827
-7.708012 -8.832747
5.356403 8.066792
0.500994 -4.626118
5.639060 -8.694786
4.097714 -6.152336
8.764636 2.584613
-3.748546 -5.883409
-1.560096 -4.136109
3.468859 2.190873
1.987255 -0.645809
1.493990 -7.919325
2.276045 1.430574
-5.856064 -7.069910
9.491545 -7.172922
2.685782 2.309761
3.924119 4.657966
5.539826 -3.041938
4.783201 2.330164
8.893987 0.234226
9.419185 7.752542
-3.615751 2.144277
6.975140 3.203071
0.560963 -3.712451
-7.121956 6.007926
9.614868 4.145172
7.775871 7.006939
-8.522380 7.721523
-3.354801 9.739068
4.823461 -1.391767
7.037076 2.136665
4.091956 -6.600903
4.408328 1.871279
1.402748 -3.006047
3.285267 -7.614693
5.314704 9.154828
-2.003437 -4.745501
9.095669 9.366044
-0.264137 -4.018630
1.474563 -5.248890
-9.474973 -3.649503
-9.203549 -6.945100
-9.061863 -0.243545
-1.595690 3.720952
-4.781224 -4.470632
-5.545174 -4.463786
2.832012 0.793206
3.791645 0.278773
-9.268955 8.901125
-8.792205 1.159532
0.591974 -4.572309
-5.489045 -1.795157
3.481001 -5.428071
-9.242451 8.702587
5.000525 2.875430
-3.432958 5.118423
3.311516 4.384200
-2.952753 -0.352636
3.340214 2.054468
-5.687396 1.167477
-5.949761 5.644832
-6.835188 1.325981
-3.787715 -5.604501
-0.121575 -1.241092
-7.497287 1.651405
-4.945667 2.724533
0.648830 5.152778
9.337844 0.224326
8.104108 8.033609
9.767290 -4.207600
7.171445 2.754730
7.127123 -0.780981
4.917057 9.357275
7.999511 0.560589
-7.400140 -7.973019
-7.245312 9.011619
-5.875630 -6.292505
-7.261287 3.429865
1.261020 7.785974
8.771574 5.631015
2.718783 -7.797289
4.894678 0.643531
-8.148117 7.933323
-9.984644 6.152730
0.180412 3.492982
-9.343217 -3.848375
8.844939 5.935913
9.901768 -9.511248
2.496358 -7.467870
4.853945 0.416063
-1.284710 -1.839426
-1.586892 -5.527219
-9.165487 0.076483
-7.241615 3.898274
-2.000974 0.164342
-9.405516 -3.029955
-1.310587 9.404900
5.011562 -7.669699
9.069689 -1.028079
7.748566 -4.972802
-6.871327 -8.393915
5.717043 -1.230381
-8.054471 1.914500
-4.032994 0.071451
9.893326 -5.620235
0.584667 -8.560013
-0.482132 3.057840
6.933880 -7.969568
-4.100348 4.365480
-1.721528 2.131307
2.076637 2.313920
2.096760 3.891333
1.403294 -5.594562
8.772300 5.759291
3.691383 -8.905079
1.796704 6.757022
4.066689 -9.339791
-2.604061 5.419147
3.221787 2.807498
-7.948647 2.090233
-7.948346 8.392274
6.691395 0.613604
7.266480 4.365138
-2.961798 -5.827338
1.354598 0.358612
-5.672446 5.359252
2.117903 -4.738230
-8.381475 0.925631
4.701426 5.520058
2.503786 -7.297993
-9.363011 0.665381
3.325426 -9.270639
-3.238409 1.762788
-5.727407 9.073891
-1.623122 -9.807680
-8.029534 5.132175
-2.209441 -4.925930
2.775984 3.192636
6.949833 4.791478
-8.636532 -7.359055
-5.964022 4.288463
9.052449 2.690628
8.964164 0.381332
4.401441 0.334810
-0.694205 -0.186839
-1.987395 -4.752807
6.742888 0.472277
1.202286 -8.246342
2.956365 5.970855
-0.998268 7.669102
7.149077 1.832986
-5.951216 4.663801
-5.384885 -6.209531
-7.480485 -4.424123
-6.201275 -1.566932
-0.636325 -2.718989
-3.158059 5.906086
-8.149345 6.421804
0.174299 0.109716
-5.640161 -7.870417
9.032774 -3.805099
4.285578 -4.469209
5.350802 -5.095579
5.852416 -7.144918
4.728138 0.613986
5.613018 4.399011
7.061549 -7.126750
-9.123631 -7.062042
4.006700 9.500029
1.362049 2.839239
9.523131 -8.538467
6.078286 2.030880
1.715937 -5.620276
-0.011494 1.651361
6.855586 -7.301337
0.783448 7.475050
5.057548 6.347543
-1.854003 -8.749241
-6.630327 0.637980
7.330114 4.879538
-5.747418 9.975324
1.750301 -2.548729
3.872643 -2.582622
-4.783061 8.231197
-6.189999 -3.561645
-8.455123 2.118221
-3.793653 1.195080
-9.048019 -2.516311
8.898180 -5.241724
0.465139 8.262694
3.918145 -4.273156
-7.758867 -1.431699
9.139423 -2.431243
-3.482425 -0.501227
1.921531 -8.541041
7.291771 0.656033
2.081089 7.838815
-4.597501 -7.052139
-8.401795 4.885612
-4.397534 -8.133740
7.442411 -5.326605
5.097700 1.926644
6.141754 7.225818
-5.194156 -7.946458
-1.112417 -6.962975
-3.481622 0.111936
9.154268 9.096445
-9.695559 9.861327
-4.901767 -3.345845
1.688753 -7.876871
-4.246183 -4.446914
2.723157 2.063381
-4.082858 9.092527
-4.758866 4.348449
-5.190368 -1.587097
0.281714 9.474512
-7.427438 -7.971011
-8.991892 -7.150487
-4.867859 -9.716943
3.161080 -7.275433
5.878874 9.168837
-6.006815 -3.797255
-3.725486 8.598386
3.539377 -9.288672
0.852868 6.249413
-3.578975 2.277953
-3.424268 6.227646
-7.017026 4.441659
-9.538584 -0.513495
-5.879979 -5.813248
5.204880 1.072940
5.428032 -4.811284
-6.017042 7.818153
6.901773 7.049688
-2.773374 -8.945522
-0.741340 2.547028
-3.063599 7.554920
-9.343750 -0.935485
2.551739 -3.998775
-7.332673 -5.200032
-4.279316 -5.963045
-8.952889 -6.954342
-4.885110 0.059692
-1.959848 7.520386
-6.921091 -6.028386
2.398074 -4.188539
-7.541175 -4.337852
5.674937 -7.393620
1.794541 0.026041
3.086630 -3.557188
7.966191 5.034345
-7.111040 -7.681661
-9.041631 4.627982
-9.983516 -4.164426
-1.250395 -0.493259
1.731939 0.232850
2.275554 5.380451
9.989928 -7.093038
-6.562321 6.414724
-4.136303 -1.484466
-5.253240 -7.875475
-0.276071 -5.737995
-7.481165 1.513932
-4.028474 -1.011564
-0.059026 -7.441444
-7.279495 -5.307678
7.578260 -8.795213
-2.314882 -7.688034
-4.760259 2.639739
8.770442 6.291336
-5.282248 -7.515555
0.999970 -6.311543
-9.953845 -5.316339
-6.984437 -8.460223
-4.161222 -4.573940
4.369463 -8.387903
-3.889191 -1.576392
0.225494 -5.139196
-7.805725 -1.934785
4.965513 -2.535217
-8.351917 -1.449722
-0.694665 8.023993
4.086501 -5.890673
3.463141 8.330742
-3.623210 3.700211
6.334841 -6.581011
-5.011197 -7.985454
-3.231668 -3.465504
9.445530 5.672173
-3.388907 2.837287
4.294467 2.512078
0.835425 3.450632
0.205706 -6.826623
1.046702 0.068101
-4.434974 -0.768575
-6.422447 -6.417187
9.448623 -7.725698
-7.845916 -8.974632
5.864276 2.586647
-4.000715 -7.056151
-9.016260 -2.865316
-9.722174 -2.869238
3.389094 -4.423348
0.844344 -0.471759
-8.530115 7.204880
-9.077349 -6.923000
7.552883 3.220625
-1.761611 -2.115269
-0.102697 -2.331607
-2.168679 3.663087
6.095459 3.763916
-6.409099 -3.855875
-5.998915 9.042901
-8.131961 7.179704
-8.818104 6.981001
8.874348 8.658477
3.266753 2.619077
7.629997 -9.354864
4.881154 1.681894
-6.984502 -9.728940
2.114350 0.622361
-1.681908 -7.184361
-1.276572 -6.753645
5.194107 -1.716447
-9.555136 -3.909533
6.397429 0.223174
-9.267520 3.173202
-5.472284 -1.049477
8.747972 5.889857
-4.457281 -9.097760
-7.572003 -9.113574
6.117940 -1.380731
5.293293 2.447075
-4.554123 0.660909
-3.394271 -6.094958
-9.758788 -2.466742
9.415078 0.217522
9.973137 -3.010284
1.291135 7.720933
3.890406 -3.512816
-8.568255 -2.465161
-0.765802 6.101633
7.722859 -3.218077
-4.540178 -0.307482
-6.791216 -6.589173
7.942856 -6.467707
-8.757496 -6.210859
7.987008 8.001584
3.708521 2.181703
7.056264 2.705693
4.108356 2.016281
-1.649610 2.688086
9.869079 -0.599245
0.654795 -2.504173
-9.029238 1.091849
2.952459 -2.285382
7.173909 4.275970
-5.237668 3.361725
-5.103413 7.316832
-8.527248 -5.082437
2.406236 5.503619
-0.919369 1.257470
-8.012878 8.713860
1.302653 -1.350002
-6.030884 6.589092
3.668796 -0.656032
-1.327962 8.934648
-8.306783 3.235051
-6.780092 -7.522791
1.292048 -7.716605
-8.901645 1.144123
4.717516 -8.887499
-0.532600 5.227665
1.417077 1.127481
9.818284 0.170992
6.502106 -7.573210
-3.385807 1.813600
6.945731 0.817856
-9.387253 7.331847
9.148375 -2.675555
-1.594324 6.478243
1.691371 2.140650
-3.903143 -4.190104
5.534476 8.661686
1.236522 3.398232
8.612912 7.439290
-3.629794 0.013551
-8.650955 8.110434
-1.419762 -0.406345
-8.693575 -3.267223
8.685696 -5.377443
6.378917 -2.328861
-7.063700 0.839565
4.799055 2.654987
-5.824760 -1.472194
8.794593 5.305306
3.798888 -0.460547
1.412741 7.764077
2.489457 -8.819979
-9.922593 7.912640
5.489706 8.457294
0.353335 -2.697918
-3.137664 -6.098897
4.184172 -2.762572
7.001177 2.035658
1.700889 4.236854
8.287588 9.362193
9.932842 4.615438
6.303874 -2.525691
-9.013868 4.215875
-4.454134 0.645518
8.802298 -0.677656
5.635531 -2.890289
-9.612768 -8.753890
-4.831642 1.554916
-2.577336 -9.359280
-3.981193 4.267305
-5.390770 5.953799
3.026898 -1.843514
2.263417 -0.867964
-8.816507 0.390104
-3.318687 -8.301141
6.361746 0.564690
1.147510 6.123067
4.255739 -7.663584
9.264727 8.949311
-7.192133 0.547513
-8.225905 -4.569561
-8.251663 0.628578
-7.988448 8.787747
-5.909077 8.852166
5.756794 0.925060
1.133579 -2.357272
9.689389 -7.192741
-3.423967 -7.530191
-1.029148 4.915906
0.686519 -7.085233
-2.996055 9.941859
-0.294865 8.907981
-8.892782 -7.835220
-4.074445 8.953891
-8.514790 -4.497388
7.711099 -1.759103
-4.060950 7.511893
6.970303 -7.865301
5.017615 9.293386
9.752051 -5.094622
-7.719094 -8.940812
-0.891069 3.338482
8.378959 1.193572
4.276951 4.875587
1.058854 4.827458
7.380579 4.543542
8.963299 -7.531241
0.563116 -3.745660
7.408177 -0.462118
-2.789569 -7.750976
8.515101 5.984108
6.337056 -7.319508
-1.527754 -7.312277
-7.943850 0.362001
-5.390487 -8.531752
-6.126884 -9.415026
6.372089 -9.340739
1.738972 9.163768
2.116038 6.046095
6.435275 -9.908084
-8.707406 -0.621306
-4.489308 -1.331644
4.708715 -2.018644
-6.896694 -6.306330
3.712678 3.920332
1.336011 -4.190895
-4.338908 -2.585657
-0.893701 -8.545102
4.921044 4.170105
-6.737800 7.215403
0.396832 6.053654
-5.470544 -6.132074
-2.542781 4.615629
4.368282 2.068981
7.311597 -0.409547
5.669316 -9.239202
-6.250685 5.182354
0.139412 3.076176
-2.167160 -8.274607
2.769923 -4.684730
4.827367 2.769902
5.805041 1.772141
5.965395 5.879264
-2.830628 -3.705476
-7.946597 -2.009606
3.027237 -3.759139
-1.155347 7.916232
-2.153541 6.341603
-7.126710 -2.214352
-4.478361 -4.622989
-6.426597 -1.351075
-5.352123 -1.534667
8.201413 1.792134
2.208583 6.556213
-9.617341 -2.613661
7.278286 -0.803719
-5.330476 -8.514733
-4.400593 3.598719
5.383634 0.093247
2.410856 5.889282
6.074896 -8.953261
-5.166652 8.925007
-6.025927 8.019518
-6.385580 -4.679265
5.924241 -8.434966
-7.567129 -6.455019
-1.226941 -8.543622
4.554492 -2.515391
4.829865 3.601254
4.876763 0.541820
-3.262722 -8.973807
3.095778 8.465835
-6.553790 -7.469397
-3.836157 -7.109406
-9.023534 1.885926
3.722821 -2.704052
3.744059 -7.324526
-7.448877 -0.641116
-8.163066 7.979061
-3.287548 2.414638
0.516329 9.361021
8.404320 -8.467705
5.854026 1.966379
-3.448014 7.158270
1.993036 -4.525443
-6.621334 1.716502
9.213251 -8.508125
1.781940 -5.666449
1.685802 0.865639
-8.391389 -5.779481
-8.973254 8.626760
8.598168 -3.445390
-3.273886 -2.593936
-7.595833 4.487817
8.731171 -5.101110
-0.815080 8.716320
7.597174 -2.408918
9.204834 6.843010
7.439469 -0.714498
6.234388 -5.692480
7.909984 -6.817068
7.672664 7.781607
7.446996 -3.849535
9.899313 2.972154
4.076389 -0.009956
-4.370796 8.701332
5.191016 -6.930905
7.305210 -2.584200
-8.207468 6.446938
-2.731461 2.492414
-6.634240 0.894040
5.730944 4.236299
-9.879589 -7.719509
-0.824054 -3.845271
-8.835132 -7.456866
-3.553976 5.944400
7.151086 8.439555
7.311917 6.792129
-8.411054 6.786532
7.952692 -3.477167
-9.881992 8.185204
6.674322 -5.330938
1.347191 -1.526834
-4.274525 8.868283
2.239643 -2.449747
-5.669401 1.918704
-2.505479 -7.149978
1.260851 -9.561389
-2.258772 3.368376
-6.032278 -9.230017
4.322238 -0.008344
-1.760929 -3.418622
8.925004 2.867201
-5.591404 -8.487266
6.434074 8.488174
3.727681 -5.639083
-5.696167 8.527695
-3.746067 -8.325694
6.902853 -5.744691
-0.913838 -4.454591
-5.376373 3.445602
-9.618261 0.384814
3.843197 8.548495
-1.558900 -8.979464
9.880193 -8.908273
3.971170 -0.320465
7.879867 -1.195760
2.818119 2.201425
-5.868253 7.823315
-9.494838 -4.281676
4.814377 0.073550
5.059062 -8.385169
9.895387 -3.415819
-3.210387 2.741554
5.539516 -7.992766
-3.145543 -1.219978
6.289259 -1.049697
-2.949742 3.516806
3.154230 2.899291
4.287519 -0.796015
-6.602625 5.310861
9.055089 -9.791691
1.426168 -3.689708
5.810146 2.990320
0.704340 -2.502954
-9.538331 9.850984
6.560192 8.288298
1.603041 -6.418449
9.507951 6.831902
1.656291 0.626030
2.557978 2.856924
9.652331 -3.344014
-9.693128 1.268432
3.378005 -6.001892
-5.605485 5.383959
5.972901 2.521514
5.443213 -4.848918
2.805397 4.105019
5.905736 -3.816709
6.244543 -5.971432
-0.507626 2.378137
-4.298214 3.303752
-6.420274 2.914678
8.610354 6.999698
8.135943 2.407353
3.850666 6.650246
-3.458521 -6.655009
5.955267 -2.500087
-7.698402 8.371127
-4.990519 -7.976767
8.293460 7.057790
7.954624 -1.028364
-8.478431 -7.348476
-2.297487 -8.798346
8.844361 2.979678
9.699435 9.138853
6.772319 -6.630671
5.812475 8.803881
1.007770 -7.513564
4.461133 -6.190256
5.375606 -7.915607
6.783578 4.517409
-8.689553 0.840237
0.812841 -4.056104
4.373454 -1.717314
8.992021 3.978327
-6.259368 0.325423
9.521145 -7.798206
1.402524 -2.293292
5.493502 -8.660418
-5.997531 -3.292462
1.554784 -4.097844
5.149584 5.619525
0.830022 -9.731384
-2.957126 -0.972144
7.451300 -5.839970
-9.843870 4.640103
-5.231990 -5.701340
6.524125 -0.928505
0.592041 3.706975
0.869645 8.786610
-4.339517 8.850860
3.615035 0.877276
7.412452 -9.251145
2.484710 6.348220
-4.117212 0.377467
2.410388 4.286907
-3.000566 -2.987095
-0.939250 -6.364079
-9.268907 4.978293
5.141362 -5.516591
-1.663813 4.531585
-4.501571 -0.211797
-1.106158 -9.949475
-3.625338 5.120694
3.925688 -9.879896
-4.307927 3.707861
4.907416 -1.977471
-5.336049 -8.488785
3.972670 -7.327938
-0.734434 3.832324
8.934167 6.046109
5.816584 -9.419221
3.318820 -1.283668
2.548206 4.097088
5.456644 9.640252
-7.944558 -2.423781
-3.874641 5.961355
-9.262128 -6.566312
0.617200 1.206166
-3.359391 -2.399119
-6.739927 -3.640891
5.316073 4.275625
4.849931 8.983058
-5.927495 9.892761
2.171678 -7.964763
0.649509 -9.470218
-5.976000 3.126245
-9.099965 3.580977
4.577760 8.260798
2.159883 6.914045
1.692695 9.308199
-7.374649 -5.093822
-1.420314 3.079661
5.267106 -5.157222
-9.455686 -3.035075
-5.156992 3.782250
9.657625 -9.672200
-3.378849 3.110814
2.970125 8.908668
3.280844 -9.582693
-9.792337 2.684455
-5.671481 -6.819221
-0.976348 -5.981876
3.386721 -5.061986
9.150599 6.192418
-6.813505 -0.709992
-7.124847 8.283237
-3.267714 4.967612
-5.634608 -9.096708
4.017921 1.901879
-2.975309 -3.827775
-3.125626 -8.070514
-2.845683 -4.974297
6.762527 9.808359
-9.265653 6.253404
9.642739 2.293040
-3.995762 5.137423
-8.760582 -4.934718
-9.839046 -3.045769
9.398332 7.240166
8.119133 -9.210480
1.873861 7.967451
9.690735 8.970094
6.385508 4.167630
-7.330934 2.510335
9.755329 -9.821332
-5.142120 8.770686
-9.445043 0.971940
3.085032 -3.750542
-6.075207 2.637055
3.575698 4.429660
-9.887800 -6.159248
7.754579 -2.462564
7.135342 -6.533149
0.916863 -7.700930
7.612849 0.481953
-4.577973 6.539686
7.778918 4.109372
4.169193 3.079138
-2.717913 -9.666896
-1.818161 -0.920596
-2.319735 -3.724025
-2.347799 0.668729
-7.996229 4.242102
8.740441 1.262976
-4.339420 7.655703
5.395589 -4.625049
7.226761 1.383918
-6.941676 -5.909256
-6.845547 -8.403625
-5.240794 -7.497746
-6.516436 3.215416
9.660106 -8.219315
-3.975355 -2.400395
-1.203402 -7.935912
0.884500 -0.282387
-2.240581 -7.887259
8.211012 1.029494
1.289449 0.957068
-2.916213 -8.941875
5.453230 5.060491
-7.193614 -5.622525
-1.461213 -3.191093
6.980803 4.379758
-2.524625 -2.952753
-2.208614 7.567726
0.208807 7.937282
4.482228 3.152005
-1.137674 -2.396637
0.699809 -0.262824
-7.318956 3.915095
8.035418 -3.509174
9.974393 5.214943
-9.516612 1.431366
-4.493170 -0.453356
-1.042707 0.282972
0.605811 1.118373
8.230912 8.895363
-1.813393 3.090993
-7.361790 -3.330246
2.412906 6.255007
-8.737192 4.815469
9.378362 3.005536
4.975623 8.519369
-0.899279 4.003951
5.055573 -6.938448
7.539997 1.811275
-8.926773 6.524678
-7.259210 1.495946
4.269790 -7.064960
-6.335730 -5.094963
-4.127143 3.715338
-0.863955 -9.056041
6.633422 9.258339
-8.542161 -4.880395
3.281757 1.229881
8.642100 -0.912379
-2.248222 3.943368
-5.480636 3.257397
-5.345975 -3.287155
0.941309 -3.215980
9.401275 9.031235
-2.857556 2.787807
-6.905896 -1.897023
-2.498696 3.549449
-1.336111 3.609165
-1.432168 -0.822900
5.078581 3.455266
1.057635 9.943776
2.220406 -6.163508
-8.017055 -6.388087
1.203899 2.324255
-8.128904 -9.274711
-4.693306 8.211114
-6.816434 -6.612054
-3.089994 -3.224555
-3.867245 1.106403
-8.126905 -9.097520
9.860638 -9.687932
1.795770 -6.583089
-1.124374 1.237279
-8.095487 -3.261863
-1.364776 -4.712048
-0.091361 -8.731647
-5.339833 -1.737941
6.321320 -1.038659
4.995117 2.672049
1.010639 -0.899322
3.875497 -6.018631
0.682566 5.268428
2.935453 8.610805
7.766961 7.396499
6.806609 -7.672553
8.341156 8.465770
-4.514252 0.246224
0.265610 -6.556409
-7.028077 7.931226
-2.853603 5.271611
-8.211158 6.585301
-8.645019 9.467705
-6.474041 5.933469
-3.564959 1.226933
-3.843897 8.110569
-3.582149 8.150821
1.203041 4.564049
6.757367 -7.458826
4.036838 7.982017
3.060813 -8.916584
-6.511581 -5.438587
-1.083603 9.358660
3.633257 -8.890929
3.479734 -9.058628
4.128065 -2.225171
2.599830 8.645270
4.981959 -2.106196
-9.762171 3.971873
2.268139 -2.538115
-6.996061 -8.823557
1.398546 -1.654674
6.029781 -4.365932
9.751135 -7.160431
-2.881498 9.587519
-0.933696 3.487997
-1.551298 -6.627612
-1.205486 6.013099
-2.846495 -4.468030
-8.608422 8.099710
-4.376192 -5.948023
-2.624566 4.116930
-3.386943 -7.156496
-3.122782 8.722332
4.203069 -9.119997
-7.935768 -1.847314
3.687188 -2.309551
2.725778 -4.141420
-8.680932 -3.917147
9.234083 -9.002770
-4.062616 8.827619
7.411888 8.692388
1.279392 0.146199
-9.263755 -6.871155
5.369736 0.882723
9.009149 -0.961898
7.881791 2.689788
2.573686 -9.380492
3.510015 -1.999174
6.194525 1.173822
-8.600685 5.345064
-8.738623 -7.799387
5.933425 9.783495
-5.776454 3.675510
9.138438 2.695026
-3.361845 -5.675738
-4.313837 9.355268
2.757346 0.239102
5.899753 9.766282
0.640806 0.197210
-8.307801 -7.925568
-3.843629 -3.150996
-4.637493 -6.354461
-4.648754 -5.794080
-7.788003 9.015516
7.944144 -6.466734
0.704222 6.315774
9.260972 3.990908
-9.523381 6.648758
-7.485350 -3.247436
-8.101035 2.294421
-5.009614 8.385855
9.142745 -2.486701
-8.226976 -7.232533
5.896002 -9.247148
4.960481 -4.251283
5.933161 -6.180032
2.076405 4.915127
-1.256573 0.370611
4.243705 1.815239
9.658942 5.181766
-7.340731 4.622752
-4.657702 -7.839808
1.282610 -5.764807
6.280682 -2.003815
2.677117 -8.491931
-5.382385 6.661248
4.577344 4.518893
-2.120920 8.039530
-9.028472 -3.447062
3.856677 -8.984842
1.962001 -3.492177
6.798668 -8.317534
3.459253 0.316296
6.833717 -9.729987
-5.796023 5.968198
0.515002 2.825668
0.098482 -4.389911
-2.485917 -5.502124
-8.214477 -9.686014
9.546476 5.542000
-7.513058 0.148367
0.321528 -1.651902
-3.622097 -6.392001
4.341727 7.587805
2.530647 -1.931597
7.496345 -7.518240
4.101871 9.020916
2.726966 -5.559215
-8.491408 6.371254
5.469887 -1.948443
-8.927957 -5.463405
2.535512 -0.267598
0.082075 6.224872
-4.079165 6.988731
5.630250 -3.866310
4.766268 1.163568
1.968626 2.435429
-0.841369 -3.320359
-1.044779 -1.759586
-3.154657 -7.959365
-6.149526 6.843516
9.019251 0.807530
-7.003402 0.633654
-3.003529 -9.447622
4.608000 3.431540
6.398338 -4.373163
-5.608488 9.799135
8.824677 8.645908
-2.411884 2.970292
5.767599 -8.607497
1.731854 -6.240376
-2.646726 8.666925
-0.237843 4.672827
1.670082 -7.772399
9.884818 5.367494
5.514058 -7.810856
-1.133873 -4.822935
-6.263039 9.868072
0.959181 -4.962977
5.915272 -2.553121
8.785763 4.737810
2.215264 6.568891
-6.295041 -1.700425
-2.971895 -5.412035
-1.560880 8.374772
-0.244412 6.429595
1.999647 5.604923
-1.703239 8.577785
-4.438194 -8.512335
2.329716 2.470682
-1.467683 -5.641028
6.775133 -2.043532
-9.533848 6.518344
5.420726 0.911079
-6.440441 -3.764176
-6.899796 1.189484
-4.576521 8.957901
-9.771081 2.701092
-8.614416 -7.301574
-7.738300 4.643881
-9.234594 -8.627271
0.677697 5.896134
9.413379 5.885193
8.009187 8.295927
-6.419694 7.083545
-2.788833 -6.470995
0.117689 8.294099
-5.983395 5.288846
2.690959 5.151052
-6.439347 6.211031
9.840289 -4.282255
-2.560196 3.064650
-0.613430 9.237882
-0.397430 8.437587
-4.925500 -5.565512
-1.253267 -6.200074
-3.534892 -4.185352
-0.755672 6.211289
3.849563 -1.100607
-1.348574 -0.223192
6.670084 -7.337407
1.227878 -9.664792
2.202611 -4.946936
0.718561 7.189704
-1.979906 8.119378
9.673997 -9.700685
0.708179 2.030514
8.699272 -4.421089
1.523975 6.006567
9.859243 1.516806
-5.046608 0.008416
-7.375808 -7.801292
6.084625 1.495960
-2.318093 -8.282743
-4.514867 1.672246
2.319450 3.568698
8.886730 -5.924330
2.649645 7.347367
-0.076596 -2.305965
-0.401245 2.899862
-9.687722 1.392247
6.187518 -3.571999
-3.267525 3.247594
7.895829 -4.808952
6.606960 -5.157440
3.704751 -5.936532
1.787033 -5.214579
-6.750757 0.391448
1.973543 -0.011822
9.889448 2.932973
6.749051 -6.966773
6.016969 -4.713982
-9.326131 -3.481848
5.742323 0.676900
3.156722 -5.488336
1.467786 1.430776
6.655454 2.515872
2.192540 -0.154650
-9.937384 -9.055673
-9.891997 9.122193
-5.566034 -2.854473
-8.502916 -1.620182
2.838482 5.524625
-0.424403 -6.213718
7.583428 7.402098
-3.931128 -9.416864
-0.655250 -5.698204
3.468148 0.603430
-1.708634 -6.567785
-8.108725 5.615167
3.526506 -6.881523
7.831550 7.784431
7.212409 -0.438965
7.421092 -9.469787
8.104097 5.482921
7.024860 -5.078375
-3.259996 5.625484
9.989945 -9.228967
-4.827034 7.742744
-7.893376 -4.569702
-9.656199 -1.931499
5.352900 9.214504
-1.878127 -5.577094
-3.676979 3.207904
-8.929399 -5.755793
3.963939 -9.941643
8.894792 -5.689508
4.233493 3.755482
-5.003549 -6.952482
-5.584343 -7.586204
6.721479 -8.623104
-0.730506 7.323142
-9.618385 0.601151
5.353328 -4.777096
5.929894 -8.987236
-9.967865 9.182379
2.916134 6.165940
9.434122 8.690871
5.625126 -0.180328
-5.191341 8.363250
4.377593 7.856081
-8.246290 4.113256
-4.821249 1.027175
-2.896371 -1.934913
1.976392 2.782446
-0.701657 -5.413262
3.090366 -8.553593
1.504384 -8.884684
-5.355159 5.380017
6.582457 -4.650376
5.026849 3.373333
6.866721 3.745397
-6.376925 -8.007154
4.317291 -9.147840
-0.685636 6.140509
3.787158 4.459246
4.994605 8.410337
-5.494747 1.872901
-3.919335 -0.450301
-4.441071 -7.721081
2.057789 -9.162031
8.299010 3.361911
-4.542267 7.116344
9.368532 6.731506
-1.867720 7.949822
-3.980234 3.363735
7.946510 -0.368325
-4.279585 2.186745
-1.362215 5.643316
-6.606013 -0.139728
8.902907 -4.463583
2.220811 1.175916
6.710760 -4.714230
-4.209939 -0.299352
-1.317637 1.556899
5.761551 3.139106
-3.240177 -6.007276
1.879556 7.444391
-6.115730 -4.318282
-0.731889 -0.803285
-9.620050 -9.675590
2.505904 6.775465
-6.073489 7.931582
-1.622215 4.338867
5.228268 9.899509
5.378031 -0.503283
1.416558 -4.429759
0.708267 -6.058478
-8.415753 -7.933140
3.039808 -4.463908
-6.811789 -1.713660
-8.129527 7.062027
3.340636 1.997386
2.746806 -0.431982
-6.431182 9.908534
-0.002511 -9.122253
-2.673570 4.678969
-5.430478 -9.916456
1.176446 9.688798
9.233601 -9.792836
3.583586 3.826629
2.979095 -2.514429
-7.556465 3.215691
6.075689 4.699056
-7.858498 3.760345
4.832066 -6.928761
-0.668331 -9.694973
9.095807 6.207276
-0.801003 -4.102443
2.359038 3.400285
-1.509555 -6.570923
9.312494 0.159189
2.792208 5.886311
-7.695377 -0.751460
-6.221616 3.058840
6.248096 4.920247
-1.504380 -5.756103
7.165499 1.625447
5.099566 -1.895104
7.635700 -5.446841
1.523651 4.398878
-0.119062 -6.165969
4.821793 3.842479
2.560259 -6.009878
1.600435 8.543475
0.838075 8.859032
-3.754608 1.078556
0.495778 8.753114
6.859040 -1.782628
-1.043262 4.286207
-0.595518 6.614583
2.606011 -0.466662
-7.738551 4.106323
7.930050 1.564102
6.746552 8.696555
-3.508502 2.397592
-3.026065 -3.295570
-0.353198 2.897592
9.755878 -7.148359
-5.579771 -6.065712
9.899275 2.761843
-3.052913 -9.979910
-6.903103 6.665389
4.480236 2.626446
5.080417 9.681725
-1.345054 -3.525063
8.965574 -2.845170
5.336553 4.578645
1.142305 9.614323
4.177257 -2.298637
4.156342 -6.934463
-3.270949 -5.124856
7.814196 4.353215
2.075525 0.591452
5.613623 0.154780
0.571754 -5.781953
7.069522 2.594949
0.014843 5.712875
-9.320912 -3.533333
-8.987540 2.730589
-5.778223 2.706885
8.578415 4.648700
-2.883927 2.603096
3.356678 2.090684
-5.974117 4.057335
-1.478988 -1.623701
5.696111 4.458634
-8.119173 6.115293
-2.455630 -0.787739
-4.112326 3.257055
-5.879115 -0.481232
6.258210 -1.645591
3.295340 4.559236
0.977360 -6.772029
1.679418 -7.428168
-5.885908 6.817938
-4.105039 9.243560
6.001116 3.422533
3.167042 -3.748447
-1.606198 9.775903
-2.675102 6.132875
2.407761 4.569753
6.711855 -1.099537
4.880771 9.831809
4.599784 -8.165312
4.296441 4.406259
-8.169475 9.449570
-5.463628 -7.397264
8.917524 -8.578942
-0.566818 1.320218
2.917869 7.301647
9.225642 -9.049613
2.579489 5.453566
-7.737322 -1.017353
-4.018645 1.857034
-4.587167 -7.346497
1.853107 -2.728876
5.433370 2.622876
2.739740 4.823077
1.662991 -2.351949
-3.189834 6.557612
1.660456 6.740212
-3.564904 2.771085
-7.904690 -7.917847
3.763167 -7.334683
9.344462 9.467014
-1.389077 -3.243981
-9.518410 1.825196
7.153890 9.417336
-7.835910 9.499081
-8.771005 1.033150
-5.921736 -0.432565
5.572871 -4.093153
6.867510 8.264892
3.164598 1.109008
2.591486 9.794007
0.352294 -3.437525
-5.075995 -0.255938
-9.668359 -2.123655
-6.193496 8.179887
5.483515 -9.822676
4.663674 4.779466
-0.415907 -2.291502
-0.835334 -0.146836
-8.610658 0.182269
3.251013 -5.678863
-1.573260 1.159941
1.112887 -1.819155
-7.510211 -5.174338
7.917106 4.735292
0.390352 -1.611477
1.438431 -3.214266
6.465792 -0.658821
5.116202 2.481203
0.661067 2.117550
-0.720688 -5.103921
2.948873 6.618323
-3.469000 6.136935
3.583457 2.848206
9.457987 8.070647
1.823823 -7.354206
0.729142 1.107417
1.407424 1.515876
-4.831287 -3.481418
-3.790889 -8.627260
-2.055253 -7.704121
3.338526 -0.940572
4.549628 4.157297
-4.020166 1.571331
2.435468 6.656137
-3.090127 -8.368716
1.300446 -8.399586
-0.741725 -7.330006
-5.044537 -8.510525
5.385862 -1.301697
9.273975 8.911480
-2.412329 -6.091829
-8.808723 -0.741318
-7.477657 -8.199874
-9.558917 8.302176
-4.260775 -0.555614
9.938371 7.634412
-9.480170 9.088416
-0.857760 8.763574
2.265609 1.599429
7.486333 -5.199607
-4.209884 5.665058
0.606371 2.780860
-4.235896 -2.705840
-0.379059 0.821983
1.289924 -0.420176
-7.713167 -8.532760
-8.806665 -2.902885
-3.274169 -5.992734
-2.659636 -3.046644
5.899760 8.816991
1.547235 0.615118
-1.843844 0.372174
2.421482 -5.211240
-0.159725 -9.110330
-4.908755 -3.982111
0.349054 -2.408680
-6.962625 -0.841422
-4.348244 1.479540
4.987583 9.389996
1.376527 2.644890
-5.199070 -8.694641
-2.396231 -8.521073
-7.198519 -3.744331
6.789764 4.364830
-8.651393 6.166966
-8.782948 1.174394
3.985791 -0.587232
4.148541 0.771852
-3.251814 6.019518
-7.611604 -8.670901
-8.373856 7.711079
2.534667 -5.775263
1.340840 5.531336
6.697706 6.811395
-8.874160 7.583640
-9.597906 -9.222559
-1.761463 8.847691
2.894692 -6.068973
5.557237 7.454300
-3.972576 -8.537176
1.552136 -2.262449
1.244774 1.904420
5.170958 -9.780530
-7.136618 -9.372567
7.106140 -9.033479
4.763208 8.190101
-1.730204 4.567336
-4.398781 9.311963
-9.518257 5.292874
-6.213892 -4.318591
-2.616057 -9.930670
2.644899 -3.137975
8.967614 -4.695781
6.667589 -4.572601
-8.315616 -9.202464
-9.574567 3.989765
5.080908 5.890930
-0.575186 6.381529
0.968737 -6.717385
0.739508 6.331489
-2.077678 2.627639
-1.032477 -6.785110
-1.030659 -3.547681
4.028291 8.622296
2.601627 2.053060
-3.142828 -5.474832
-3.446954 9.897030
0.340354 7.617452
1.136332 5.750781
1.238165 5.281525
6.046104 -3.409937
-9.530557 -6.483067
-6.901227 2.779448
7.926181 -3.195804
-4.169452 -9.227901
-9.909351 -9.970034
-0.398858 -2.638578
4.695229 5.912508
-1.847156 2.302201
0.966891 5.739392
3.352865 -2.238402
8.629916 -6.147114
-3.258713 1.453322
-1.150923 -9.157904
-8.618741 -6.021098
-7.145280 8.509092
-9.939177 -3.186068
5.379713 -2.507527
-6.985621 -1.406285
-7.931119 -7.128626
3.055670 4.068852
-3.996916 -8.515938
-2.792807 -3.120126
6.489479 -1.668604
9.445666 6.341853
8.942953 8.816119
4.162689 -8.332208
9.878306 -3.477095
-4.791217 -9.914395
-4.846828 0.535426
-7.592537 3.462852
9.024132 -6.967895
-0.155492 -7.007407
6.065287 -7.917987
-7.710250 4.930467
-5.679808 -2.202601
5.916107 3.234529
-2.284884 7.026782
-6.184177 -6.362756
-6.317775 -4.993346
8.161630 -6.060643
-5.272439 -2.424142
5.847347 -0.531952
1.576438 7.338611
-4.108466 6.934192
3.994831 -3.540392
8.348245 0.833462
-8.157324 -0.681068
-4.624112 -4.855038
-5.998070 -3.501052
3.869943 4.964555
-5.811836 -4.151518
-9.452130 -2.564211
0.026145 9.602904
4.031411 -2.427247
-4.630050 6.977815
-5.213369 3.912182
-7.180189 4.552869
8.550723 5.422460
8.516513 -7.787104
-8.522752 4.576464
8.880693 -6.712697
0.538572 5.804591
-7.592595 3.278151
9.447917 -8.021500
5.927107 0.489597
0.903432 9.482253
8.478197 4.370451
-6.010279 -9.376394
8.708344 -2.083172
-3.490265 5.974961
9.759444 0.420784
6.291458 -2.993530
-2.485635 9.332888
2.476014 4.131906
6.665579 -1.994249
-7.103658 -8.878095
1.613733 7.713609
-5.619990 2.863627
-7.177841 -8.958343
9.323621 0.527086
0.120162 -1.212197
-9.495072 4.072506
-2.818785 0.732350
6.679799 -2.615935
5.708299 2.039091
-1.924623 -0.574954
7.345114 7.948716
9.565483 6.468633
-8.971620 3.635520
5.485580 3.285699
0.698552 -6.783420
8.708781 -3.245494
0.512442 3.007144
-6.676284 -1.940761
6.847381 1.524721
-9.961383 9.182350
-7.029172 -8.125617
-9.078571 0.285469
3.143696 9.872382
8.308385 5.056851
5.725069 3.178231
5.959785 -5.500738
8.263410 -0.450298
5.527203 5.776134
5.780538 -5.113293
-1.433315 8.665224
-0.591168 -9.995728
6.819546 -4.157019
-1.532479 -9.160369
9.296938 3.653831
6.226907 3.740319
9.160749 2.869727
3.277864 1.942162
9.804516 -4.030135
-6.118556 -0.949798
-8.706877 -2.880433
-0.182391 -0.499589
6.783047 9.825840
3.273099 9.351217
-6.551466 0.444631
0.290844 1.842074
1.850104 7.790642
-6.994892 6.806073
9.339014 9.313463
5.963707 9.688371
0.673810 5.798923
-5.905684 4.680494
-6.204454 6.703391
9.981420 7.242915
2.064288 -0.171761
0.708099 4.660855
-4.235949 -1.921464
8.662107 1.491032
-9.080568 -0.189412
2.512554 9.359771
5.049722 -1.329502
-2.095120 5.046274
9.098286 -6.748919
7.869112 4.127137
1.991778 6.834344
0.630382 3.699117
-1.713601 -4.572764
9.039997 6.009499
-3.217674 0.469642
-5.978049 0.481115
-0.106671 -0.083550
0.138782 -1.913822
2.219962 -8.319442
6.899333 6.149823
-5.903368 -9.768984
9.174453 -7.889089
5.009987 -4.994758
0.618832 7.110505
0.710786 0.641362
7.350315 -6.846848
-1.959724 0.945607
0.616963 -6.746328
-8.985513 -2.946203
8.432187 -2.644479
-1.308131 -4.251881
-3.526363 5.719258
-2.352273 8.709719
8.755495 -5.734067
6.945229 -2.379794
0.460710 -6.684914
5.533722 3.011182
-6.763638 7.368218
-9.018406 8.703139
9.658582 -5.360185
-2.425285 -2.355097
5.050865 -6.450151
-6.654927 -9.175782
3.635016 -8.979549
-7.867095 0.760964
-3.314571 9.299213
4.453618 -7.738136
3.019361 9.659435
-7.524673 -4.262621
-3.989162 3.418519
-8.145829 -7.699042
-5.816241 5.660926
0.484724 -2.787432
8.942980 0.919368
6.803099 0.102588
-4.376291 -4.501226
-1.947395 5.629430
-7.668210 -0.808533
-9.307863 -4.139056
-0.482876 2.843541
5.433133 -5.646441
9.076206 9.269980
0.236584 -6.625640
-1.008884 3.409669
7.822714 -1.212884
-8.493823 -8.246056
1.573975 8.849918
2.416080 1.267954
-8.162841 -1.822069
9.756031 -9.737317
4.254852 -7.793211
8.271221 9.672201
5.777522 8.757793
-0.700441 -1.059445
4.442977 -7.277281
4.714212 1.251266
6.768024 4.538328
-5.831392 -0.687113
0.438972 4.989182
-3.928966 -7.987733
2.688372 6.743521
0.158566 3.315752
-8.728409 1.699743
-9.317522 1.490696
-6.741050 -2.717243
-2.539469 0.870768
-5.706144 0.997335
7.941336 9.355431
-2.182290 -6.161045
-3.124996 8.499895
4.710060 -3.830228
-1.338283 6.832638
7.924076 -4.559380
1.233981 0.508679
4.109622 2.186245
9.799710 1.593017
4.315287 6.781755
-0.828873 0.507054
-4.753921 -8.167118
0.683634 2.261114
6.723021 4.862086
-3.450854 -6.207621
9.258134 1.307136
-9.694891 -7.592714
-0.562830 8.216269
5.479329 -7.163770
8.890672 -5.060682
8.984733 -5.956832
-6.903443 0.693815
-3.132039 9.470778
5.577993 -1.280258
-3.859540 4.425740
-9.792099 0.291804
-3.853312 -3.596007
6.085433 -8.104372
5.888967 -7.636715
-1.007244 -5.244344
-8.724811 -2.348519
-5.807048 6.768242
-6.738241 3.709189
3.642555 -4.595660
-4.287269 -5.527079
-9.655889 7.323995
8.925668 -5.748231
7.921868 -7.495067
-5.219595 7.949230
3.486442 0.532276
-6.651678 0.933620
0.435211 -5.626803
3.706898 6.738894
-3.150111 1.121049
-6.046854 4.555789
5.618725 -9.566572
4.752700 -8.497341
-4.730452 6.226998
-9.365333 -5.480085
-9.736763 2.571657
-4.371234 -7.443979
-8.235063 -9.378263
-7.846311 8.078005
-6.982312 -4.036217
5.173494 0.326637
6.438651 3.012389
-0.618393 7.742543
3.404408 9.032967
-5.800302 0.400529
-2.289735 -5.290731
9.351294 3.774032
2.416694 -0.154321
0.440408 0.008030
5.072037 5.833129
-1.933035 0.209823
0.521598 -3.942954
9.854071 -4.526336
-8.350822 6.133743
-6.547217 -7.660536
9.234599 -8.810722
-9.588213 -6.110421
-8.156309 -7.820511
6.404620 -7.878991
3.860684 3.767354
9.361766 -6.946537
-5.588556 -1.333932
5.103472 -1.338070
-8.690361 6.102281
8.169026 7.239409
-5.061219 4.884220
-4.879828 -9.720226
-1.147360 7.513474
5.639951 -5.330324
4.423543 -8.887527
-7.349060 -0.077097
3.068574 4.446919
-3.795710 3.401400
9.207590 3.496873
-1.295065 -3.713430
6.263791 -0.338832
9.783105 -5.839219
1.495377 0.197146
8.937247 0.618417
7.343413 -9.395025
-8.286106 -1.958633
-4.022325 -8.815014
-5.669613 7.010149
7.347407 -2.170187
3.816660 3.918594
9.009947 -1.121592
-9.120416 -4.698529
-4.294132 7.316591
-6.625413 -3.588784
1.798026 -5.399187
1.716525 7.167133
4.457254 5.969045
1.200299 7.271490
9.633685 -2.505250
-3.978982 -4.433371
-9.702148 -7.073433
-1.859775 -9.083744
-7.716644 2.598435
-2.538301 0.284731
5.312929 -1.928915
-9.014451 1.972130
4.001227 -8.874388
-5.988085 -7.062688
-7.639703 4.732352
2.893341 2.574910
-7.302954 3.840954
-6.957151 8.238343
-0.825803 5.699965
0.669701 9.447971
-5.750313 -3.502849
8.091009 -7.553134
8.375873 -4.490096
9.806999 -6.747511
8.383650 2.946591
2.718571 -0.215859
-2.242570 7.267195
-9.767589 -2.508380
3.762583 -8.973949
8.133212 -9.087712
-0.782620 -8.064749
8.210191 2.994423
-0.529017 -9.361444
8.703659 4.251890
6.114139 1.350803
1.587477 2.697260
4.893988 7.224307
9.028879 4.366459
8.105223 1.306758
-7.303055 -9.653293
-9.824058 2.763754
2.443621 -6.666806
-9.052509 7.487780
-8.830526 2.498447
9.412292 8.869214
7.088627 1.966295
-5.308105 -2.847571
-9.432745 -1.861914
2.688252 2.495035
-5.930161 1.761189
-4.777037 6.975204
1.690995 8.402098
9.420302 6.307160
-4.388645 -8.887373
-4.704053 2.130580
2.527246 -9.379684
-6.779938 6.292065
-3.121583 -2.130480
-0.064993 -4.748918
3.254820 1.349579
-3.661761 -0.577708
3.241300 7.993989
8.214730 -6.726834
0.097785 -1.594098
-6.228597 -6.063111
3.693035 6.349249
-2.022776 5.895289
-3.096471 -5.543714
6.963795 -3.790530
3.557054 -5.180617
-3.219631 -4.829786
-7.511727 -4.517255
-1.137215 -6.624336
-6.427148 -4.449902
9.289869 7.679643
-8.838255 -8.378672
2.566098 7.957201
9.379813 -9.482234
-4.140824 -9.391311
7.171745 4.824046
3.629422 -2.618729
9.145895 7.483236
-5.748536 -3.322876
-7.970245 -5.455576
-9.001863 -5.220149
2.552137 -9.427732
3.407888 4.941431
8.505556 -3.297870
-2.575856 7.220427
6.344120 6.943144
5.978965 1.307357
-3.978122 -4.702539
-2.143911 7.478655
-4.507673 -9.346801
3.215463 4.728704
9.411673 6.709427
0.426924 -0.067027
8.504047 4.202694
-7.500922 9.888324
6.675348 -0.946479
-0.504264 3.742296
8.726953 7.354894
-6.842093 -8.515106
-9.867453 -2.783148
1.458048 9.287123
6.303338 8.161780
-8.902745 6.372160
-4.009443 6.718337
-3.123201 3.494241
-5.801879 8.885251
-5.253266 -6.991352
-7.353119 -3.773903
0.435015 -3.242003
0.714719 4.967460
9.781053 -1.458102
-1.780805 -0.039231
4.471386 -6.419096
8.633448 6.552686
-3.045131 -9.352286
-9.167348 -6.612907
-5.820570 3.216733
6.770474 6.748945
-7.968151 4.285618
2.515551 -2.893232
-0.244084 -4.708981
-8.395063 6.754995
0.170618 -8.319663
-5.712772 5.825876
6.364788 9.663034
-5.184255 4.825152
9.273385 -3.029024
6.327062 2.388179
8.416920 0.916384
-9.722998 -2.227746
8.620720 -5.815596
2.255835 5.731685
1.458291 0.303306
-8.226801 4.763372
8.251333 -2.698319
-0.278977 3.839154
1.793075 5.764087
5.792862 4.106853
-1.327114 1.078044
1.753475 0.947576
-4.630590 0.068471
-6.666050 -0.541064
-3.213158 8.123496
3.343681 0.463579
-8.109587 -0.125476
-3.390217 0.918277
5.531309 8.747011
-1.377685 -9.644262
-9.363597 6.633173
-8.624445 -4.766515
5.627933 -3.638843
7.379878 8.024553
-0.214320 -8.021153
1.917838 -3.967133
-9.090268 6.298745
-1.423102 -8.362837
-8.287257 -7.703534
7.309779 -1.074659
3.678980 -8.262721
-9.311931 -6.178560
3.963914 7.112532
-1.133755 -7.174656
-7.471588 -2.625596
-1.337054 9.621063
0.951040 -4.686734
-7.687771 1.217770
-4.880300 -2.492849
8.199861 6.257889
-3.539101 0.578212
1.282480 1.253318
-9.182147 -4.709495
2.012639 -1.450532
-9.208513 -4.054650
1.537265 -6.886738
5.885613 4.378945
-4.235866 -9.738730
-3.819171 -5.852635
6.759581 5.744762
-2.984662 -5.335579
3.490136 -0.955050
2.365924 -2.733200
-2.681762 -1.575839
2.643017 9.229395
6.247168 4.347522
-3.862734 0.530532
6.312368 9.573469
-4.144284 2.271573
